rank,osm_id,area_m2,albedo,lst_c,lst_anomaly_c,albedo_gap,delta_T_est_c,delta_T_lo_c,delta_T_hi_c,cooling_c_m2,dQ_mean_kW,dQ_peak_kW,rank_benefit,rank_hottest,rank_intensity
1,102820609,83250.283,0.346,55.082,1.02,0.254,1.158,0.748,1.537,96419.32,6347.544,20100.555,1,420,1222
2,1076847252,64094.94,0.413,56.215,2.153,0.187,0.85,0.549,1.128,54498.803,3587.803,11361.377,2,63,2956
3,1076847251,60950.165,0.405,57.263,3.2,0.195,0.887,0.573,1.178,54092.016,3561.023,11276.574,3,11,2794
4,182379978,36222.858,0.368,52.297,-1.765,0.232,1.059,0.684,1.405,38350.409,2524.711,7994.918,4,2983,1807
5,1076703126,41147.307,0.461,55.511,1.448,0.139,0.632,0.408,0.838,25992.726,1711.171,5418.709,5,205,3471
6,410791903,18984.155,0.368,53.275,-0.787,0.232,1.059,0.684,1.406,20109.614,1323.87,4192.255,6,2553,1799
7,89640098,12088.826,0.289,51.977,-2.085,0.311,1.419,0.916,1.883,17149.449,1128.994,3575.149,7,3127,308
8,1036249563,19427.218,0.412,57.286,3.223,0.188,0.857,0.554,1.138,16657.169,1096.586,3472.523,8,10,2922
9,1153928498,12436.223,0.342,51.8,-2.262,0.258,1.176,0.759,1.56,14622.518,962.64,3048.359,9,3191,1129
10,288263714,21581.137,0.452,55.965,1.902,0.148,0.676,0.437,0.897,14587.473,960.333,3041.054,10,104,3409
11,454798761,11618.667,0.339,56.128,2.066,0.261,1.189,0.768,1.577,13811.496,909.248,2879.285,11,76,1060
12,410791892,14159.154,0.392,53.356,-0.707,0.208,0.949,0.613,1.259,13433.372,884.355,2800.458,12,2504,2480
13,455122054,9920.886,0.332,53.298,-0.764,0.268,1.22,0.788,1.618,12098.538,796.479,2522.185,13,2535,910
14,1153128539,12369.523,0.394,50.187,-3.876,0.206,0.94,0.607,1.248,11631.132,765.709,2424.744,14,3554,2532
15,1077443393,9064.363,0.32,54.728,0.665,0.28,1.277,0.825,1.695,11574.889,762.006,2413.02,15,767,683
16,1036597431,21122.124,0.48,55.968,1.906,0.12,0.548,0.354,0.727,11569.532,761.654,2411.903,16,101,3550
17,1076847257,12627.599,0.415,51.234,-2.828,0.185,0.843,0.544,1.119,10644.67,700.767,2219.096,17,3384,2995
18,1077127015,11880.983,0.405,57.368,3.305,0.195,0.891,0.575,1.182,10584.343,696.796,2206.52,18,5,2775
19,1077127014,11762.899,0.405,56.042,1.98,0.195,0.888,0.574,1.179,10447.569,687.792,2178.007,19,89,2792
20,1076847386,8242.08,0.328,56.616,2.553,0.272,1.238,0.799,1.642,10200.22,671.508,2126.442,20,34,823
21,1076703112,23238.869,0.504,55.907,1.844,0.096,0.437,0.282,0.58,10150.08,668.207,2115.989,21,119,3589
22,454798768,9827.023,0.378,56.224,2.162,0.222,1.012,0.654,1.344,9949.591,655.008,2074.193,22,60,2110
23,1077428187,10572.567,0.394,56.551,2.488,0.206,0.938,0.606,1.245,9921.388,653.152,2068.314,23,36,2540
24,1076847204,7631.006,0.318,54.295,0.233,0.282,1.286,0.831,1.707,9815.49,646.18,2046.237,24,1399,653
25,1076847205,7630.804,0.322,53.609,-0.453,0.278,1.266,0.817,1.68,9658.843,635.868,2013.581,25,2325,711
26,1036021030,12101.993,0.43,55.457,1.394,0.17,0.777,0.501,1.03,9397.611,618.67,1959.122,26,225,3211
27,1076703090,7322.742,0.322,51.948,-2.115,0.278,1.269,0.819,1.684,9292.012,611.718,1937.108,27,3139,696
28,1076847203,6849.129,0.306,54.08,0.017,0.294,1.342,0.866,1.78,9188.408,604.898,1915.509,28,1763,501
29,1076669429,7124.073,0.328,53.82,-0.243,0.272,1.242,0.802,1.648,8845.947,582.353,1844.116,29,2124,810
30,482305368,6564.226,0.311,53.575,-0.488,0.289,1.317,0.851,1.748,8645.791,569.176,1802.39,30,2349,553
31,117601189,8173.949,0.372,54.081,0.018,0.228,1.04,0.672,1.38,8499.225,559.527,1771.835,31,1760,1928
32,1154407895,9675.638,0.408,52.582,-1.481,0.192,0.874,0.565,1.16,8460.313,556.965,1763.723,32,2860,2855
33,1076847206,7764.411,0.362,55.508,1.445,0.238,1.085,0.701,1.44,8422.785,554.495,1755.9,33,208,1630
34,666273777,7516.955,0.357,52.179,-1.884,0.243,1.108,0.716,1.47,8329.692,548.366,1736.493,34,3034,1501
35,1036262210,6492.074,0.324,53.606,-0.456,0.276,1.259,0.813,1.671,8176.717,538.295,1704.602,35,2327,746
36,1076847219,10279.367,0.429,52.268,-1.795,0.171,0.778,0.503,1.033,8001.706,526.774,1668.117,36,2994,3203
37,1076703106,13484.739,0.47,55.869,1.807,0.13,0.59,0.381,0.784,7962.111,524.167,1659.863,37,124,3519
38,1077278335,5862.818,0.305,53.378,-0.684,0.295,1.344,0.868,1.783,7879.394,518.722,1642.619,38,2491,495
39,483107452,12391.874,0.461,56.013,1.95,0.139,0.633,0.409,0.839,7838.827,516.051,1634.162,39,96,3467
40,1077443400,6144.673,0.323,54.203,0.141,0.277,1.263,0.816,1.676,7759.882,510.854,1617.704,40,1578,726
41,1026140689,7096.791,0.363,53.717,-0.345,0.237,1.08,0.698,1.433,7665.492,504.64,1598.027,41,2222,1670
42,1076703127,7937.995,0.389,57.352,3.29,0.211,0.961,0.621,1.276,7630.861,502.36,1590.807,42,6,2395
43,521491678,6959.225,0.362,53.353,-0.709,0.238,1.087,0.702,1.442,7562.606,497.867,1576.578,43,2508,1619
44,842542998,8565.684,0.413,54.292,0.23,0.187,0.851,0.55,1.13,7292.49,480.084,1520.267,44,1408,2954
45,109573892,10593.094,0.449,54.796,0.734,0.151,0.688,0.444,0.913,7289.269,479.872,1519.595,45,684,3385
46,473856287,6441.359,0.358,56.487,2.424,0.242,1.102,0.712,1.462,7097.412,467.242,1479.599,46,40,1529
47,633556088,6723.977,0.378,54.183,0.12,0.222,1.012,0.654,1.343,6806.204,448.071,1418.891,47,1608,2112
48,1036526144,8641.197,0.43,56.029,1.967,0.17,0.777,0.502,1.031,6713.687,441.98,1399.604,48,91,3209
49,1077127008,15136.389,0.503,55.76,1.698,0.097,0.443,0.286,0.588,6705.095,441.414,1397.812,49,141,3587
50,1036262237,7620.878,0.409,54.438,0.375,0.191,0.871,0.563,1.156,6640.485,437.161,1384.343,50,1146,2865
51,1076780957,6062.201,0.361,57.241,3.178,0.239,1.088,0.703,1.444,6597.092,434.304,1375.297,51,12,1613
52,1036262243,5758.21,0.361,54.186,0.124,0.239,1.091,0.705,1.448,6283.672,413.671,1309.958,52,1603,1596
53,115773549,4552.079,0.301,53.311,-0.751,0.299,1.361,0.879,1.806,6196.125,407.908,1291.707,53,2528,439
54,1077443285,8981.295,0.451,56.793,2.731,0.149,0.677,0.437,0.899,6081.194,400.341,1267.748,54,25,3405
55,1036249554,5949.168,0.377,56.847,2.784,0.223,1.017,0.657,1.35,6052.273,398.437,1261.719,55,21,2079
56,1036249562,7000.832,0.411,57.301,3.239,0.189,0.86,0.555,1.141,6020.662,396.356,1255.129,56,8,2912
57,1072959488,9252.82,0.458,54.611,0.548,0.142,0.648,0.418,0.859,5991.763,394.454,1249.104,57,884,3448
58,1153128541,10772.195,0.478,49.796,-4.267,0.122,0.554,0.358,0.735,5969.264,392.973,1244.414,58,3586,3544
59,1076860494,8871.199,0.455,54.307,0.244,0.145,0.66,0.427,0.876,5859.339,385.736,1221.498,59,1384,3432
60,1076703111,10582.099,0.479,56.2,2.138,0.121,0.551,0.356,0.731,5830.361,383.828,1215.457,60,64,3546
61,1036249559,4955.754,0.342,55.943,1.881,0.258,1.174,0.758,1.557,5816.152,382.893,1212.494,61,108,1136
62,1076703107,7410.106,0.428,55.779,1.716,0.172,0.784,0.506,1.04,5808.795,382.409,1210.961,62,136,3183
63,454798763,5109.239,0.354,56.76,2.698,0.246,1.121,0.724,1.488,5729.444,377.185,1194.418,63,28,1434
64,1077443323,4966.026,0.35,51.842,-2.22,0.25,1.137,0.734,1.509,5646.98,371.756,1177.227,64,3180,1347
65,482273620,6691.102,0.415,55.968,1.906,0.185,0.843,0.544,1.118,5637.788,371.151,1175.311,65,102,2997
66,1077278609,4938.702,0.35,55.457,1.394,0.25,1.137,0.734,1.509,5616.668,369.76,1170.908,66,226,1344
67,1072959492,6287.046,0.406,55.042,0.979,0.194,0.885,0.571,1.174,5561.535,366.131,1159.414,67,458,2803
68,454798764,5230.327,0.367,56.921,2.859,0.233,1.062,0.686,1.41,5556.323,365.788,1158.328,68,19,1778
69,1077443324,4965.656,0.355,51.965,-2.098,0.245,1.116,0.721,1.481,5540.99,364.778,1155.131,69,3129,1460
70,1077443328,4965.964,0.355,50.49,-3.572,0.245,1.116,0.72,1.48,5539.604,364.687,1154.842,70,3524,1463
71,117601172,5535.347,0.38,54.368,0.305,0.22,1.001,0.646,1.328,5538.694,364.627,1154.653,71,1271,2161
72,454798766,5162.473,0.366,57.042,2.979,0.234,1.066,0.688,1.414,5501.103,362.152,1146.816,72,15,1753
73,1077443325,4965.431,0.358,52.441,-1.622,0.242,1.103,0.712,1.464,5476.825,360.554,1141.755,73,2924,1525
74,1076847398,4676.709,0.345,52.801,-1.262,0.255,1.163,0.751,1.543,5439.073,358.069,1133.885,74,2774,1187
75,454798772,4163.25,0.314,54.571,0.508,0.286,1.301,0.84,1.727,5417.445,356.645,1129.376,75,941,601
76,483128806,9094.166,0.47,55.278,1.216,0.13,0.594,0.384,0.789,5405.518,355.86,1126.889,76,295,3515
77,1077443327,4966.193,0.365,50.737,-3.326,0.235,1.07,0.691,1.42,5313.282,349.788,1107.661,77,3488,1731
78,1077443326,4965.838,0.368,50.981,-3.081,0.232,1.059,0.684,1.405,5259.468,346.245,1096.442,78,3446,1800
79,473856286,5053.969,0.373,56.179,2.116,0.227,1.036,0.669,1.375,5237.071,344.771,1091.773,79,70,1952
80,499254566,4966.341,0.372,50.371,-3.692,0.228,1.038,0.67,1.378,5155.957,339.431,1074.863,80,3536,1937
81,1076847202,8288.523,0.464,56.819,2.756,0.136,0.622,0.402,0.825,5154.996,339.367,1074.663,81,24,3485
82,1076860382,5858.774,0.407,56.337,2.274,0.193,0.879,0.568,1.167,5152.184,339.182,1074.077,82,52,2835
83,1077443329,4965.953,0.376,51.231,-2.831,0.224,1.023,0.66,1.357,5078.95,334.361,1058.81,83,3385,2046
84,1036024098,6405.944,0.427,55.081,1.019,0.173,0.79,0.51,1.048,5057.703,332.962,1054.38,84,422,3174
85,1076703105,9408.406,0.482,56.505,2.442,0.118,0.537,0.347,0.713,5055.933,332.846,1054.011,85,39,3555
86,454798767,5025.26,0.379,56.854,2.792,0.221,1.006,0.649,1.334,5053.443,332.682,1053.492,86,20,2138
87,1072959491,5807.608,0.411,55.447,1.385,0.189,0.861,0.556,1.142,4997.847,329.022,1041.902,87,232,2905
88,1076669428,4166.359,0.337,54.103,0.04,0.263,1.199,0.774,1.591,4996.489,328.932,1041.619,88,1736,994
89,1076703201,4205.714,0.344,53.775,-0.288,0.256,1.168,0.754,1.55,4911.113,323.312,1023.821,89,2177,1162
90,1077443330,4965.795,0.383,50.86,-3.202,0.217,0.988,0.638,1.312,4908.636,323.149,1023.304,90,3469,2226
91,842543027,6126.387,0.428,54.189,0.126,0.172,0.786,0.508,1.043,4815.356,317.008,1003.858,91,1601,3180
92,1029559972,4287.382,0.355,53.958,-0.104,0.245,1.118,0.722,1.483,4792.005,315.471,998.99,92,1953,1450
93,499254576,4882.59,0.387,53.777,-0.285,0.213,0.97,0.626,1.287,4734.219,311.666,986.944,93,2173,2355
94,774162495,8164.39,0.475,54.583,0.521,0.125,0.568,0.367,0.753,4634.897,305.128,966.238,94,923,3532
95,1077375588,4366.844,0.368,53.576,-0.486,0.232,1.059,0.684,1.405,4625.035,304.478,964.182,95,2347,1801
96,1076860383,7664.759,0.47,56.354,2.292,0.13,0.595,0.384,0.789,4557.279,300.018,950.057,96,50,3514
97,1076780908,5928.814,0.432,54.801,0.738,0.168,0.766,0.495,1.016,4540.745,298.929,946.61,97,678,3236
98,774162493,6306.765,0.442,54.293,0.231,0.158,0.719,0.464,0.954,4533.209,298.433,945.039,98,1405,3334
99,1076847394,3276.495,0.297,54.133,0.071,0.303,1.383,0.893,1.835,4531.394,298.314,944.661,99,1692,388
100,1077443317,3975.327,0.352,51.935,-2.128,0.248,1.131,0.73,1.501,4495.937,295.98,937.269,100,3144,1373
101,1077443318,3975.464,0.352,52.31,-1.752,0.248,1.129,0.729,1.498,4486.496,295.358,935.301,101,2980,1391
102,1076847393,3580.969,0.325,53.244,-0.818,0.275,1.253,0.809,1.663,4486.346,295.348,935.27,102,2562,770
103,1077443319,3975.222,0.358,53.586,-0.476,0.242,1.101,0.711,1.461,4377.134,288.159,912.502,103,2337,1535
104,1077457847,3352.171,0.313,52.707,-1.355,0.287,1.306,0.843,1.733,4376.613,288.124,912.393,104,2813,586
105,1076860318,3763.015,0.345,55.514,1.452,0.255,1.162,0.75,1.542,4372.145,287.83,911.462,105,201,1194
106,1077443333,3977.826,0.36,50.5,-3.562,0.24,1.092,0.705,1.449,4342.113,285.853,905.201,106,3521,1594
107,1077443320,3975.305,0.365,52.17,-1.892,0.235,1.072,0.692,1.423,4262.702,280.625,888.646,107,3039,1717
108,1072959480,4304.337,0.384,54.696,0.633,0.216,0.982,0.634,1.303,4227.886,278.333,881.388,108,797,2261
109,1077278645,3417.958,0.331,55.211,1.149,0.269,1.225,0.791,1.626,4188.619,275.748,873.202,109,334,873
110,1077443391,3100.638,0.304,53.753,-0.309,0.296,1.35,0.872,1.792,4186.928,275.637,872.85,110,2191,475
111,1077443321,3975.369,0.369,50.171,-3.892,0.231,1.052,0.679,1.396,4182.609,275.352,871.949,111,3555,1849
112,1077443322,3975.471,0.369,50.05,-4.012,0.231,1.052,0.679,1.395,4180.647,275.223,871.54,112,3568,1852
113,633556107,6539.233,0.46,54.999,0.936,0.14,0.639,0.413,0.848,4177.37,275.008,870.857,113,483,3462
114,1077428171,6188.975,0.452,54.824,0.761,0.148,0.675,0.436,0.895,4174.874,274.843,870.337,114,655,3410
115,1072959503,4780.929,0.409,55.202,1.14,0.191,0.871,0.563,1.156,4165.279,274.212,868.337,115,337,2866
116,1156501389,3491.531,0.339,52.216,-1.847,0.261,1.191,0.769,1.581,4159.057,273.802,867.039,116,3012,1043
117,1036597409,4122.657,0.38,54.162,0.1,0.22,1.003,0.648,1.331,4135.969,272.282,862.226,117,1644,2153
118,1026166946,3824.241,0.363,53.712,-0.351,0.237,1.078,0.696,1.431,4122.701,271.409,859.46,118,2230,1684
119,499254551,3975.674,0.374,52.063,-1.999,0.226,1.031,0.666,1.368,4098.959,269.845,854.511,119,3089,1983
120,1071647277,4567.71,0.404,53.362,-0.701,0.196,0.892,0.576,1.183,4073.511,268.17,849.206,120,2499,2772
121,1076780853,3824.459,0.366,55.161,1.099,0.234,1.065,0.688,1.413,4073.402,268.163,849.183,121,358,1760
122,392713316,2936.418,0.297,53.7,-0.363,0.303,1.379,0.891,1.831,4050.773,266.673,844.466,122,2240,398
123,1026140669,4688.22,0.412,54.174,0.111,0.188,0.857,0.554,1.138,4019.274,264.6,837.899,123,1626,2923
124,666273778,3338.457,0.336,51.665,-2.397,0.264,1.203,0.777,1.596,4015.016,264.319,837.011,124,3245,985
125,1076860376,4323.639,0.398,56.09,2.028,0.202,0.92,0.594,1.221,3979.071,261.953,829.518,125,80,2640
126,455122053,3697.647,0.364,54.928,0.865,0.236,1.075,0.694,1.427,3975.294,261.704,828.73,126,551,1703
127,1076669426,9109.688,0.504,53.679,-0.384,0.096,0.435,0.281,0.578,3964.919,261.021,826.567,127,2263,3590
128,1156504621,4282.389,0.397,53.282,-0.78,0.203,0.925,0.598,1.228,3963.027,260.897,826.173,128,2548,2615
129,1077278650,4042.483,0.386,56.023,1.961,0.214,0.975,0.63,1.294,3943.262,259.596,822.053,129,93,2315
130,1076703104,4672.334,0.415,56.647,2.585,0.185,0.842,0.544,1.118,3934.923,259.047,820.314,130,32,3000
131,1076781249,6226.371,0.461,53.474,-0.589,0.139,0.632,0.408,0.838,3933.49,258.952,820.015,131,2419,3470
132,1036597478,2890.133,0.302,54.311,0.248,0.298,1.36,0.878,1.805,3930.973,258.787,819.491,132,1374,441
133,1077443398,3175.637,0.329,55.105,1.042,0.271,1.237,0.799,1.642,3928.498,258.624,818.975,133,398,827
134,1077278293,4858.918,0.423,54.948,0.886,0.177,0.808,0.522,1.072,3924.954,258.39,818.236,134,525,3107
135,1077278647,4438.521,0.408,54.848,0.786,0.192,0.877,0.566,1.163,3891.025,256.157,811.163,135,624,2849
136,1077443331,3977.562,0.386,50.395,-3.668,0.214,0.977,0.631,1.296,3885.521,255.794,810.015,136,3532,2307
137,1077443392,3100.933,0.325,52.57,-1.492,0.275,1.252,0.808,1.661,3881.535,255.532,809.184,137,2865,776
138,1076703134,4871.29,0.426,56.184,2.122,0.174,0.792,0.511,1.051,3856.41,253.878,803.947,138,69,3165
139,1077278648,4167.676,0.399,55.958,1.895,0.201,0.916,0.592,1.215,3817.346,251.306,795.803,139,107,2666
140,1077443401,3130.801,0.333,54.169,0.107,0.267,1.216,0.785,1.614,3807.587,250.664,793.768,140,1630,920
141,1154655782,3885.288,0.386,52.52,-1.542,0.214,0.975,0.63,1.294,3789.129,249.449,789.921,141,2893,2318
142,1077375530,4272.787,0.406,55.217,1.155,0.194,0.883,0.57,1.172,3773.803,248.44,786.725,142,328,2812
143,1390448633,11796.421,0.53,56.069,2.006,0.07,0.318,0.205,0.422,3751.829,246.993,782.145,143,84,3599
144,473856285,11470.372,0.528,54.79,0.728,0.072,0.327,0.211,0.434,3751.329,246.96,782.04,144,695,3598
145,1077278843,3223.725,0.345,54.287,0.224,0.255,1.163,0.751,1.543,3749.409,246.834,781.64,145,1420,1186
146,1076780994,3130.77,0.338,54.973,0.91,0.262,1.192,0.77,1.582,3732.083,245.693,778.028,146,505,1039
147,1036597485,4049.445,0.398,55.697,1.635,0.202,0.92,0.594,1.221,3725.292,245.246,776.612,147,150,2644
148,1156504748,3895.401,0.391,54.042,-0.021,0.209,0.955,0.616,1.267,3718.382,244.791,775.172,148,1833,2448
149,633556083,3467.863,0.365,55.751,1.689,0.235,1.072,0.692,1.423,3717.973,244.764,775.087,149,144,1718
150,482265891,2573.912,0.285,51.56,-2.503,0.315,1.434,0.926,1.903,3690.644,242.965,769.389,150,3284,281
151,1077443404,3100.888,0.339,53.514,-0.549,0.261,1.188,0.767,1.576,3683.402,242.488,767.88,151,2390,1067
152,482265890,2573.699,0.287,53.391,-0.671,0.313,1.425,0.92,1.89,3666.501,241.376,764.356,152,2482,303
153,774162497,4264.647,0.412,53.111,-0.952,0.188,0.858,0.554,1.138,3658.397,240.842,762.667,153,2642,2920
154,1026140667,4577.645,0.425,55.666,1.604,0.175,0.798,0.516,1.059,3654.547,240.589,761.864,154,155,3138
155,1026166952,2763.783,0.312,54.255,0.193,0.288,1.314,0.849,1.744,3631.367,239.063,757.032,155,1480,558
156,1077418812,3697.592,0.386,55.316,1.253,0.214,0.977,0.631,1.296,3611.191,237.734,752.826,156,280,2309
157,774162494,7719.07,0.499,53.541,-0.522,0.101,0.46,0.297,0.61,3550.46,233.736,740.165,157,2370,3583
158,1076703184,3594.34,0.383,54.715,0.653,0.217,0.987,0.637,1.31,3547.392,233.534,739.526,158,779,2242
159,633556054,3504.155,0.378,55.913,1.85,0.222,1.012,0.653,1.343,3545.645,233.419,739.161,159,116,2116
160,842543057,6269.598,0.476,53.633,-0.43,0.124,0.564,0.364,0.748,3534.774,232.704,736.895,160,2301,3539
161,1026166950,3198.394,0.358,54.254,0.191,0.242,1.101,0.711,1.461,3522.498,231.896,734.336,161,1484,1533
162,1152312401,6366.003,0.48,52.737,-1.326,0.12,0.549,0.354,0.728,3492.676,229.932,728.119,162,2801,3548
163,1077428186,4435.738,0.427,56.067,2.005,0.173,0.787,0.508,1.044,3490.656,229.799,727.698,163,85,3178
164,1076781298,3573.095,0.386,54.12,0.058,0.214,0.973,0.628,1.291,3476.809,228.888,724.811,164,1712,2331
165,1164090407,3295.197,0.37,54.592,0.529,0.23,1.047,0.676,1.389,3449.578,227.095,719.134,165,909,1881
166,1077278334,6046.138,0.475,53.197,-0.866,0.125,0.567,0.366,0.753,3430.4,225.832,715.136,166,2595,3535
167,1076669416,2918.882,0.345,53.546,-0.517,0.255,1.163,0.751,1.544,3395.675,223.546,707.897,167,2368,1183
168,482265889,2574.482,0.312,52.787,-1.276,0.288,1.313,0.848,1.743,3381.235,222.596,704.887,168,2780,562
169,1036597447,4120.778,0.421,53.601,-0.462,0.179,0.817,0.527,1.084,3365.151,221.537,701.534,169,2331,3076
170,482265893,2573.679,0.314,50.639,-3.423,0.286,1.304,0.842,1.73,3356.049,220.938,699.636,170,3504,591
171,454798762,3228.032,0.372,56.087,2.025,0.228,1.039,0.671,1.378,3352.943,220.733,698.989,171,81,1934
172,1150342137,3589.469,0.396,55.091,1.029,0.204,0.931,0.601,1.236,3342.347,220.036,696.78,172,412,2588
173,633556087,3679.25,0.402,55.341,1.278,0.198,0.902,0.583,1.197,3318.625,218.474,691.834,173,274,2729
174,454798765,3224.553,0.374,56.195,2.133,0.226,1.028,0.664,1.364,3314.373,218.194,690.948,174,67,2004
175,482265895,2573.003,0.317,50.932,-3.13,0.283,1.288,0.832,1.709,3313.236,218.119,690.711,175,3457,648
176,1077443334,2478.392,0.307,54.261,0.198,0.293,1.337,0.863,1.774,3312.563,218.075,690.571,176,1467,510
177,1077428194,2643.99,0.328,54.205,0.142,0.272,1.241,0.801,1.647,3280.848,215.987,683.959,177,1575,813
178,1390448635,2969.807,0.358,53.519,-0.544,0.242,1.104,0.713,1.465,3279.34,215.888,683.645,178,2386,1519
179,117601193,2938.491,0.356,54.524,0.462,0.244,1.111,0.717,1.474,3263.381,214.837,680.318,179,1005,1492
180,1036231416,2363.505,0.297,53.304,-0.759,0.303,1.381,0.892,1.832,3263.334,214.834,680.308,180,2533,394
181,1072959493,4336.829,0.435,55.292,1.23,0.165,0.751,0.485,0.996,3255.313,214.306,678.636,181,289,3269
182,1036231410,2363.816,0.298,52.688,-1.375,0.302,1.375,0.888,1.825,3250.381,213.981,677.607,182,2821,409
183,483051904,3671.231,0.406,53.175,-0.888,0.194,0.885,0.572,1.175,3249.985,213.955,677.525,183,2610,2800
184,1026140670,4328.848,0.435,53.564,-0.499,0.165,0.75,0.485,0.996,3247.674,213.803,677.043,184,2354,3273
185,1072959494,3890.095,0.417,55.415,1.352,0.183,0.835,0.539,1.108,3247.494,213.791,677.006,185,247,3021
186,1072959479,3914.387,0.418,54.866,0.803,0.182,0.829,0.536,1.1,3246.179,213.705,676.732,186,605,3036
187,1076703185,3020.556,0.364,55.171,1.109,0.236,1.074,0.694,1.425,3243.839,213.551,676.244,187,349,1710
188,1071647275,4672.912,0.448,54.507,0.444,0.152,0.694,0.448,0.921,3242.948,213.492,676.058,188,1029,3376
189,1077278649,3159.103,0.375,56.035,1.973,0.225,1.024,0.661,1.358,3233.982,212.902,674.189,189,90,2035
190,1072959502,3146.603,0.375,54.625,0.562,0.225,1.027,0.663,1.363,3232.62,212.812,673.905,190,866,2011
191,1036231415,2363.332,0.301,52.805,-1.257,0.299,1.365,0.881,1.811,3224.939,212.306,672.304,191,2770,431
192,1164090412,3358.41,0.39,54.136,0.073,0.21,0.959,0.619,1.272,3219.501,211.948,671.17,192,1690,2420
193,1036597486,4340.22,0.437,54.569,0.507,0.163,0.742,0.479,0.984,3219.455,211.945,671.16,193,945,3292
194,1076847286,4330.887,0.437,55.62,1.557,0.163,0.743,0.48,0.986,3218.561,211.887,670.974,194,164,3289
195,482265894,2573.797,0.326,51.488,-2.575,0.274,1.248,0.806,1.657,3213.345,211.543,669.887,195,3311,787
196,1077428188,4402.109,0.44,55.758,1.695,0.16,0.73,0.471,0.969,3212.849,211.511,669.783,196,142,3312
197,1392676943,3490.945,0.401,52.42,-1.643,0.199,0.906,0.585,1.202,3162.065,208.167,659.196,197,2933,2710
198,427630725,4409.687,0.444,54.218,0.156,0.156,0.71,0.458,0.942,3129.227,206.005,652.351,198,1547,3354
199,1026140675,6657.357,0.497,52.643,-1.42,0.103,0.469,0.303,0.622,3121.381,205.489,650.715,199,2838,3579
200,1077428193,3041.919,0.375,54.819,0.756,0.225,1.026,0.663,1.361,3120.686,205.443,650.57,200,661,2021
201,1036231428,2796.919,0.355,51.705,-2.357,0.245,1.115,0.72,1.479,3117.455,205.23,649.897,201,3231,1468
202,1076703168,4097.168,0.433,54.222,0.159,0.167,0.759,0.49,1.008,3110.831,204.794,648.516,202,1539,3251
203,1077443283,4475.306,0.448,56.176,2.114,0.152,0.691,0.446,0.917,3091.595,203.528,644.505,203,71,3381
204,1072959478,3459.956,0.405,54.53,0.467,0.195,0.891,0.575,1.182,3081.589,202.869,642.419,204,996,2776
205,482026686,4396.976,0.446,53.156,-0.906,0.154,0.7,0.452,0.928,3076.476,202.533,641.354,205,2619,3364
206,1076780855,2734.527,0.353,54.534,0.472,0.247,1.123,0.725,1.491,3071.95,202.235,640.41,206,986,1419
207,1076703037,2999.242,0.375,53.534,-0.528,0.225,1.024,0.661,1.358,3070.212,202.12,640.048,207,2372,2036
208,659272641,2513.864,0.333,52.387,-1.675,0.267,1.218,0.787,1.617,3062.873,201.637,638.518,208,2953,912
209,1036231408,2518.999,0.334,52.484,-1.578,0.266,1.214,0.784,1.611,3058.83,201.371,637.675,209,2905,925
210,1036597564,4084.859,0.436,55.014,0.952,0.164,0.748,0.483,0.993,3056.203,201.198,637.127,210,474,3276
211,1036231412,2363.339,0.316,53.733,-0.329,0.284,1.292,0.835,1.715,3054.353,201.076,636.742,211,2209,626
212,1077428169,2733.701,0.356,54.426,0.364,0.244,1.113,0.719,1.477,3043.673,200.373,634.515,212,1170,1479
213,116691880,2836.601,0.365,53.806,-0.256,0.235,1.07,0.691,1.42,3034.318,199.757,632.565,213,2147,1732
214,1076860492,4928.36,0.465,54.359,0.297,0.135,0.614,0.396,0.815,3025.716,199.191,630.772,214,1284,3498
215,1026166951,3198.396,0.392,54.271,0.209,0.208,0.946,0.611,1.255,3024.704,199.124,630.561,215,1447,2502
216,1164305168,3079.768,0.385,54.395,0.332,0.215,0.981,0.634,1.302,3021.731,198.929,629.941,216,1227,2269
217,427630722,5446.067,0.478,55.224,1.161,0.122,0.554,0.358,0.735,3017.654,198.66,629.091,217,322,3545
218,1076780854,2653.058,0.351,54.601,0.539,0.249,1.136,0.733,1.507,3013.072,198.359,628.136,218,896,1351
219,503329539,2800.514,0.366,50.908,-3.155,0.234,1.064,0.687,1.412,2980.523,196.216,621.35,219,3461,1766
220,1076847358,2135.007,0.295,53.634,-0.429,0.305,1.391,0.898,1.846,2970.105,195.53,619.178,220,2300,366
221,1164305174,3152.293,0.393,54.42,0.357,0.207,0.942,0.608,1.25,2969.813,195.511,619.118,221,1184,2524
222,633556117,2946.79,0.379,51.786,-2.277,0.221,1.007,0.65,1.337,2967.959,195.389,618.731,222,3192,2131
223,117601176,2938.508,0.379,54.446,0.383,0.221,1.007,0.65,1.336,2957.664,194.711,616.585,223,1132,2135
224,455122052,2565.718,0.347,54.316,0.254,0.253,1.151,0.743,1.527,2952.961,194.401,615.604,224,1360,1266
225,1077443394,2478.26,0.339,55.245,1.182,0.261,1.19,0.768,1.579,2948.287,194.094,614.63,225,311,1053
226,842543053,2798.173,0.369,54.061,-0.001,0.231,1.053,0.68,1.397,2946.73,193.991,614.306,226,1804,1844
227,482265896,2573.797,0.349,50.491,-3.571,0.251,1.145,0.739,1.519,2946.213,193.957,614.198,227,3523,1300
228,1160099406,3308.323,0.405,54.121,0.059,0.195,0.89,0.575,1.182,2945.899,193.936,614.132,228,1709,2778
229,1036597617,4314.838,0.452,54.001,-0.062,0.148,0.677,0.437,0.898,2919.834,192.221,608.698,229,1891,3407
230,1076847276,3768.477,0.43,55.916,1.854,0.17,0.772,0.499,1.025,2911.132,191.648,606.884,230,114,3223
231,1076669421,2783.902,0.371,54.311,0.249,0.229,1.045,0.675,1.387,2908.852,191.498,606.409,231,1372,1891
232,1150608364,2121.613,0.3,53.714,-0.349,0.3,1.369,0.884,1.817,2904.35,191.201,605.47,232,2226,425
233,1076703089,4317.629,0.452,51.244,-2.819,0.148,0.673,0.434,0.893,2903.974,191.176,605.392,233,3381,3414
234,1076669358,2525.892,0.349,53.614,-0.449,0.251,1.145,0.739,1.519,2891.364,190.346,602.763,234,2315,1301
235,1036262211,2822.795,0.376,52.664,-1.398,0.224,1.02,0.659,1.354,2880.593,189.637,600.518,235,2830,2057
236,1076703123,3962.717,0.44,55.916,1.853,0.16,0.727,0.469,0.965,2880.487,189.63,600.496,236,115,3320
237,1076669424,2924.963,0.385,53.692,-0.371,0.215,0.98,0.633,1.3,2866.338,188.699,597.546,237,2253,2281
238,1072959511,2329.168,0.332,54.335,0.272,0.268,1.222,0.789,1.622,2846.556,187.396,593.422,238,1328,893
239,666704495,2702.665,0.369,52.267,-1.795,0.231,1.053,0.68,1.398,2846.421,187.388,593.394,239,2995,1842
240,1076860322,1958.944,0.282,55.068,1.006,0.318,1.448,0.935,1.921,2836.278,186.72,591.28,240,436,262
241,1077428178,3374.596,0.416,54.929,0.867,0.184,0.84,0.542,1.115,2834.328,186.591,590.873,241,549,3004
242,633556053,3044.081,0.396,52.996,-1.066,0.204,0.928,0.599,1.231,2824.908,185.971,588.909,242,2683,2604
243,482308039,2746.16,0.374,55.097,1.035,0.226,1.028,0.664,1.364,2822.209,185.794,588.346,243,405,2009
244,1076847280,3477.603,0.422,56.053,1.99,0.178,0.811,0.524,1.076,2820.635,185.69,588.018,244,87,3094
245,117601200,2938.641,0.39,54.713,0.65,0.21,0.959,0.619,1.273,2818.233,185.532,587.518,245,782,2413
246,117601142,2938.513,0.39,54.609,0.547,0.21,0.959,0.619,1.273,2817.924,185.512,587.453,246,887,2414
247,1076780852,2575.211,0.36,55.476,1.413,0.24,1.093,0.706,1.451,2815.616,185.36,586.972,247,215,1583
248,1076780890,2739.299,0.374,54.474,0.412,0.226,1.028,0.664,1.364,2815.576,185.357,586.964,248,1073,2005
249,1392676935,2224.916,0.323,52.832,-1.231,0.277,1.262,0.815,1.674,2806.993,184.792,585.174,249,2757,736
250,1077443407,2539.13,0.358,55.511,1.448,0.242,1.105,0.713,1.466,2804.778,184.646,584.713,250,204,1516
251,1036231409,2363.488,0.34,52.148,-1.914,0.26,1.187,0.766,1.575,2804.735,184.643,584.704,251,3046,1071
252,1154205103,1862.721,0.27,52.141,-1.922,0.33,1.506,0.972,1.998,2804.673,184.639,584.691,252,3053,180
253,1077375464,3003.437,0.395,54.385,0.322,0.205,0.932,0.602,1.237,2800.274,184.35,583.774,253,1245,2581
254,1076860402,6475.668,0.505,53.466,-0.597,0.095,0.432,0.279,0.573,2798.06,184.204,583.312,254,2422,3591
255,1036597619,2943.598,0.393,53.735,-0.328,0.207,0.944,0.609,1.252,2777.608,182.857,579.049,255,2205,2513
256,1154654151,3176.683,0.409,52.641,-1.421,0.191,0.872,0.563,1.157,2770.813,182.41,577.632,256,2839,2858
257,482119399,1868.986,0.276,51.735,-2.327,0.324,1.477,0.954,1.96,2759.803,181.685,575.337,257,3210,215
258,1036231414,2363.86,0.344,52.509,-1.553,0.256,1.166,0.753,1.548,2756.664,181.479,574.682,258,2894,1171
259,1076860381,2872.74,0.39,56.017,1.954,0.21,0.958,0.619,1.272,2752.81,181.225,573.879,259,95,2422
260,117601170,2938.649,0.396,54.804,0.742,0.204,0.93,0.601,1.234,2732.743,179.904,569.696,260,673,2594
261,1154654147,3079.526,0.405,52.282,-1.78,0.195,0.887,0.573,1.177,2731.27,179.807,569.389,261,2985,2796
262,1164305170,3001.567,0.401,54.39,0.328,0.199,0.906,0.585,1.202,2718.408,178.96,566.707,262,1235,2711
263,1036597575,3536.927,0.432,54.612,0.55,0.168,0.767,0.495,1.018,2713.322,178.625,565.647,263,881,3233
264,1076847302,3738.471,0.441,53.43,-0.633,0.159,0.724,0.468,0.961,2706.432,178.172,564.21,264,2451,3326
265,1077278646,2503.557,0.363,54.792,0.73,0.237,1.081,0.698,1.434,2706.316,178.164,564.186,265,690,1662
266,1077375587,2502.683,0.363,54.134,0.071,0.237,1.079,0.697,1.431,2699.163,177.693,562.695,266,1691,1678
267,1076847296,3062.662,0.407,54.122,0.06,0.193,0.88,0.568,1.168,2695.972,177.483,562.03,267,1708,2830
268,117601148,2938.133,0.399,54.526,0.464,0.201,0.915,0.591,1.214,2687.073,176.897,560.175,268,1001,2670
269,1077127016,2352.238,0.35,54.507,0.445,0.25,1.141,0.737,1.514,2684.549,176.731,559.648,269,1026,1320
270,1076860491,2625.182,0.376,55.055,0.992,0.224,1.022,0.66,1.356,2683.088,176.635,559.344,270,448,2051
271,1036231413,2363.224,0.351,54.508,0.446,0.249,1.135,0.733,1.506,2682.204,176.577,559.16,271,1025,1355
272,482265897,2573.016,0.372,50.164,-3.899,0.228,1.04,0.672,1.38,2676.368,176.193,557.943,272,3557,1924
273,1076847201,2786.612,0.39,52.274,-1.789,0.21,0.957,0.618,1.271,2668.04,175.644,556.207,273,2992,2426
274,1076847396,1916.187,0.295,53.23,-0.833,0.305,1.391,0.898,1.846,2665.105,175.451,555.595,274,2569,368
275,1076703183,2917.911,0.4,54.8,0.738,0.2,0.912,0.589,1.21,2661.347,175.204,554.812,275,679,2682
276,1076847281,3172.978,0.417,56.1,2.038,0.183,0.835,0.539,1.109,2650.53,174.492,552.556,276,79,3020
277,1077443282,2683.987,0.384,56.265,2.203,0.216,0.985,0.636,1.307,2642.829,173.985,550.951,277,58,2250
278,482265892,2573.258,0.375,50.753,-3.309,0.225,1.026,0.663,1.362,2640.927,173.859,550.555,278,3486,2016
279,1153928514,3223.929,0.42,53.426,-0.636,0.18,0.818,0.528,1.086,2637.223,173.615,549.782,279,2455,3072
280,1076860336,2268.38,0.346,55.506,1.443,0.254,1.157,0.747,1.536,2625.031,172.813,547.241,280,211,1227
281,490980036,2890.498,0.402,53.88,-0.183,0.198,0.904,0.584,1.199,2612.726,172.003,544.676,281,2054,2717
282,1077278340,2719.007,0.389,55.072,1.009,0.211,0.96,0.62,1.274,2609.888,171.816,544.084,282,432,2407
283,1392676939,3092.748,0.415,53.295,-0.767,0.185,0.843,0.544,1.119,2607.114,171.633,543.506,283,2538,2994
284,842543055,2414.552,0.364,53.853,-0.21,0.236,1.077,0.695,1.429,2599.499,171.132,541.918,284,2083,1693
285,1072959506,2192.671,0.341,55.592,1.529,0.259,1.181,0.763,1.567,2589.099,170.447,539.75,285,176,1098
286,1076847397,1980.601,0.313,53.67,-0.393,0.287,1.306,0.844,1.733,2587.102,170.316,539.334,286,2274,584
287,1154181075,2693.674,0.389,52.548,-1.514,0.211,0.96,0.62,1.273,2584.758,170.162,538.845,287,2874,2409
288,1036231411,2363.383,0.361,53.325,-0.737,0.239,1.091,0.705,1.448,2579.262,169.8,537.699,288,2519,1595
289,633556085,2281.902,0.353,55.412,1.349,0.247,1.124,0.726,1.492,2564.996,168.861,534.725,289,249,1414
290,1026140674,2343.442,0.36,53.771,-0.292,0.24,1.094,0.707,1.452,2564.574,168.833,534.637,290,2179,1574
291,483061348,2733.644,0.394,52.918,-1.145,0.206,0.936,0.605,1.243,2560.053,168.535,533.695,291,2713,2551
292,1154654146,2744.006,0.395,52.636,-1.426,0.205,0.932,0.602,1.237,2557.728,168.382,533.21,292,2844,2583
293,1076703160,2605.163,0.385,53.833,-0.229,0.215,0.981,0.633,1.301,2554.563,168.174,532.55,293,2103,2274
294,1076781194,3032.17,0.415,54.452,0.39,0.185,0.841,0.543,1.116,2550.452,167.903,531.693,294,1120,3002
295,1036526074,2338.752,0.361,56.22,2.157,0.239,1.09,0.704,1.447,2549.854,167.864,531.569,295,61,1601
296,1392676940,2459.058,0.373,53.201,-0.861,0.227,1.034,0.668,1.372,2542.337,167.369,530.002,296,2590,1963
297,1077278346,2552.719,0.382,54.642,0.579,0.218,0.992,0.641,1.316,2532.394,166.714,527.929,297,848,2209
298,1026140673,4105.675,0.465,53.889,-0.173,0.135,0.614,0.397,0.815,2521.606,166.004,525.68,298,2043,3497
299,541596242,2140.272,0.342,54.315,0.252,0.258,1.178,0.76,1.563,2520.302,165.918,525.408,299,1364,1119
300,1077278341,2591.551,0.387,55.365,1.303,0.213,0.972,0.628,1.29,2519.644,165.875,525.271,300,266,2333
301,1076847199,2677.052,0.394,54.833,0.77,0.206,0.94,0.607,1.248,2517.479,165.732,524.819,301,644,2531
302,1026166944,3009.809,0.417,52.556,-1.507,0.183,0.836,0.54,1.109,2515.685,165.614,524.445,302,2872,3016
303,482146963,3059.578,0.42,56.112,2.049,0.18,0.82,0.53,1.089,2510.332,165.262,523.33,303,77,3063
304,1077278344,2165.517,0.346,54.566,0.504,0.254,1.155,0.746,1.533,2501.801,164.7,521.551,304,951,1240
305,1076780874,2307.124,0.362,54.607,0.545,0.238,1.083,0.699,1.437,2498.444,164.479,520.851,305,890,1646
306,1026166945,3142.39,0.426,53.921,-0.142,0.174,0.793,0.512,1.053,2492.77,164.106,519.668,306,2007,3157
307,1076703186,2199.01,0.352,55.268,1.205,0.248,1.13,0.729,1.499,2483.971,163.527,517.834,307,302,1383
308,1077042042,2409.15,0.374,54.75,0.688,0.226,1.03,0.665,1.367,2481.714,163.378,517.364,308,740,1988
309,1026166983,2819.034,0.407,53.759,-0.303,0.193,0.88,0.568,1.168,2480.375,163.29,517.084,309,2186,2832
310,1036597573,2264.403,0.36,54.27,0.207,0.24,1.095,0.707,1.453,2480.105,163.272,517.028,310,1449,1571
311,1154398433,1639.62,0.269,52.706,-1.357,0.331,1.509,0.975,2.002,2474.198,162.883,515.796,311,2815,176
312,1077278350,2328.839,0.367,54.304,0.242,0.233,1.061,0.685,1.407,2469.934,162.602,514.908,312,1388,1788
313,482146962,4143.781,0.469,56.199,2.136,0.131,0.596,0.385,0.791,2468.624,162.516,514.635,313,66,3513
314,1076669425,3770.462,0.456,54.348,0.286,0.144,0.654,0.423,0.868,2467.038,162.412,514.304,314,1303,3437
315,633556116,3449.411,0.443,55.15,1.087,0.157,0.715,0.462,0.949,2466.735,162.392,514.241,315,370,3340
316,1076847195,2762.065,0.405,54.591,0.528,0.195,0.889,0.574,1.18,2456.593,161.724,512.126,316,912,2781
317,1076703087,4001.383,0.466,54.212,0.149,0.134,0.61,0.394,0.809,2440.723,160.679,508.818,317,1562,3500
318,1077376127,2037.636,0.337,55.645,1.583,0.263,1.197,0.773,1.588,2438.912,160.56,508.44,318,158,1008
319,1036597580,2426.455,0.38,54.667,0.605,0.22,1.004,0.648,1.332,2435.501,160.336,507.729,319,820,2150
320,1036597440,3873.111,0.462,54.011,-0.051,0.138,0.628,0.406,0.834,2433.052,160.174,507.219,320,1876,3479
321,1077375468,2643.106,0.398,54.865,0.802,0.202,0.92,0.594,1.221,2431.534,160.074,506.902,321,607,2643
322,1036597501,2083.681,0.345,53.917,-0.145,0.255,1.164,0.752,1.545,2425.463,159.675,505.637,322,2014,1180
323,1154407893,3081.121,0.428,52.915,-1.147,0.172,0.784,0.506,1.04,2415.101,158.993,503.477,323,2715,3185
324,1164090411,3126.578,0.431,53.696,-0.366,0.169,0.772,0.499,1.025,2414.891,158.979,503.433,324,2246,3225
325,1026166948,2435.473,0.383,54.003,-0.06,0.217,0.989,0.639,1.313,2409.86,158.648,502.384,325,1889,2223
326,454798771,1777.534,0.303,54.738,0.675,0.297,1.354,0.875,1.797,2407.06,158.463,501.8,326,758,462
327,666704513,2007.018,0.337,49.675,-4.388,0.263,1.197,0.773,1.588,2401.853,158.12,500.715,327,3595,1011
328,633556055,3498.418,0.45,55.802,1.74,0.15,0.682,0.441,0.905,2387.089,157.148,497.637,328,133,3392
329,666704528,1901.119,0.325,50.975,-3.087,0.275,1.252,0.809,1.662,2381.151,156.758,496.399,329,3448,773
330,1076669422,2612.019,0.401,54.369,0.306,0.199,0.908,0.587,1.206,2372.856,156.212,494.67,330,1268,2698
331,1026140666,2815.613,0.415,51.889,-2.174,0.185,0.842,0.544,1.118,2371.655,156.132,494.419,331,3159,2998
332,1164305172,2714.708,0.409,54.46,0.397,0.191,0.872,0.563,1.157,2367.112,155.833,493.472,332,1100,2862
333,1076847395,1798.957,0.312,53.178,-0.885,0.288,1.313,0.848,1.743,2362.758,155.547,492.565,333,2608,561
334,1076703125,2935.362,0.423,56.777,2.714,0.177,0.804,0.52,1.067,2361.292,155.45,492.259,334,26,3116
335,1076781234,3142.787,0.435,53.948,-0.114,0.165,0.75,0.484,0.995,2355.953,155.099,491.146,335,1965,3274
336,1076847291,1861.084,0.322,56.823,2.76,0.278,1.266,0.817,1.68,2355.661,155.08,491.085,336,23,713
337,1076781065,1955.037,0.336,54.313,0.251,0.264,1.203,0.777,1.596,2351.965,154.836,490.315,337,1368,984
338,1077457846,1655.794,0.291,53.422,-0.64,0.309,1.408,0.909,1.868,2330.909,153.45,485.925,338,2457,329
339,1077428189,4327.422,0.482,55.453,1.39,0.118,0.539,0.348,0.715,2330.502,153.423,485.84,339,228,3554
340,1076703119,2493.748,0.395,55.04,0.977,0.205,0.934,0.603,1.239,2329.038,153.327,485.535,340,460,2569
341,1036231417,2363.354,0.384,53.825,-0.237,0.216,0.985,0.636,1.307,2328.446,153.288,485.412,341,2113,2247
342,482273621,2871.251,0.422,55.216,1.153,0.178,0.811,0.523,1.076,2327.369,153.217,485.187,342,329,3096
343,1076860385,3877.862,0.469,52.736,-1.327,0.131,0.599,0.387,0.794,2321.431,152.826,483.949,343,2802,3509
344,1076847299,2208.762,0.37,53.98,-0.083,0.23,1.05,0.678,1.393,2318.678,152.645,483.375,344,1924,1863
345,1076703195,2460.708,0.394,54.168,0.106,0.206,0.94,0.607,1.247,2312.167,152.216,482.018,345,1634,2538
346,1077376106,2104.858,0.359,55.042,0.98,0.241,1.097,0.709,1.456,2309.73,152.056,481.51,346,456,1561
347,774162498,2224.94,0.372,54.107,0.044,0.228,1.038,0.67,1.377,2309.279,152.026,481.416,347,1732,1941
348,1076781326,2813.816,0.421,53.715,-0.347,0.179,0.817,0.528,1.084,2299.115,151.357,479.297,348,2224,3073
349,482308035,2003.323,0.348,55.37,1.308,0.252,1.147,0.741,1.522,2297.975,151.282,479.059,349,263,1285
350,1076860488,3775.628,0.467,54.468,0.406,0.133,0.608,0.393,0.807,2294.944,151.082,478.427,350,1085,3503
351,1076703131,3618.726,0.461,55.775,1.713,0.139,0.634,0.409,0.841,2293.478,150.986,478.122,351,138,3466
352,1026131908,1817.202,0.324,54.505,0.443,0.276,1.257,0.812,1.668,2284.575,150.4,476.266,352,1032,753
353,1153928513,2702.734,0.415,52.144,-1.918,0.185,0.845,0.546,1.121,2283.068,150.301,475.952,353,3051,2986
354,666704515,1802.558,0.323,49.909,-4.154,0.277,1.263,0.815,1.675,2275.866,149.826,474.45,354,3578,729
355,666704520,1848.052,0.33,51.643,-2.42,0.27,1.231,0.795,1.634,2275.38,149.794,474.349,355,3252,850
356,1036597593,2072.387,0.359,54.256,0.194,0.241,1.098,0.709,1.457,2275.061,149.773,474.282,356,1476,1559
357,117601150,2352.488,0.388,54.272,0.209,0.212,0.967,0.624,1.283,2273.959,149.701,474.053,357,1446,2369
358,483123048,2559.629,0.405,55.425,1.362,0.195,0.887,0.573,1.177,2270.684,149.485,473.37,358,243,2795
359,1036597534,2129.497,0.366,54.746,0.683,0.234,1.065,0.688,1.413,2267.47,149.274,472.7,359,747,1762
360,1036597502,2131.847,0.367,53.907,-0.156,0.233,1.063,0.687,1.411,2267.011,149.243,472.604,360,2023,1773
361,1154205109,1954.213,0.346,51.602,-2.461,0.254,1.159,0.749,1.538,2265.57,149.149,472.304,361,3268,1212
362,1077443316,2003.82,0.352,52.169,-1.894,0.248,1.13,0.73,1.5,2265.044,149.114,472.194,362,3040,1378
363,1076669357,2360.324,0.39,53.45,-0.612,0.21,0.956,0.618,1.269,2256.925,148.579,470.502,363,2432,2432
364,1077278798,2020.864,0.355,53.9,-0.162,0.245,1.117,0.721,1.482,2256.708,148.565,470.456,364,2032,1457
365,1076780881,2411.635,0.395,54.454,0.392,0.205,0.936,0.604,1.242,2256.565,148.556,470.426,365,1114,2557
366,1077278644,1553.278,0.282,54.739,0.677,0.318,1.451,0.937,1.926,2254.076,148.392,469.908,366,755,258
367,666273780,1835.951,0.331,49.871,-4.192,0.269,1.225,0.791,1.626,2249.003,148.058,468.85,367,3581,878
368,1077278342,1845.611,0.333,55.057,0.995,0.267,1.217,0.786,1.615,2246.169,147.871,468.259,368,446,916
369,1029559948,2156.225,0.374,54.484,0.421,0.226,1.032,0.667,1.37,2225.511,146.511,463.953,369,1059,1974
370,1161246279,2470.105,0.402,53.17,-0.893,0.198,0.901,0.582,1.195,2224.512,146.446,463.744,370,2612,2734
371,666704503,1756.894,0.322,49.698,-4.364,0.278,1.266,0.818,1.68,2224.019,146.413,463.642,371,3593,710
372,666704506,1977.747,0.355,49.558,-4.504,0.245,1.116,0.721,1.481,2207.769,145.343,460.254,372,3598,1458
373,204799144,1905.717,0.346,54.802,0.739,0.254,1.158,0.748,1.537,2206.938,145.289,460.081,373,676,1224
374,1390448634,1898.497,0.346,53.691,-0.372,0.254,1.159,0.749,1.538,2200.875,144.89,458.817,374,2255,1214
375,1076669418,2908.065,0.434,54.111,0.048,0.166,0.755,0.488,1.002,2195.81,144.556,457.761,375,1728,3258
376,1076860366,1912.21,0.348,52.807,-1.256,0.252,1.148,0.742,1.524,2195.591,144.542,457.715,376,2768,1282
377,483090294,1803.143,0.333,54.201,0.139,0.267,1.217,0.786,1.615,2194.944,144.499,457.581,377,1581,914
378,842543018,3398.595,0.458,53.606,-0.456,0.142,0.645,0.417,0.856,2192.031,144.307,456.973,378,2326,3454
379,1029631502,2015.305,0.362,54.504,0.442,0.238,1.086,0.702,1.442,2189.55,144.144,456.456,379,1035,1621
380,1077278850,1809.579,0.334,54.35,0.288,0.266,1.21,0.781,1.606,2189.489,144.14,456.443,380,1299,948
381,1036597594,2167.75,0.378,54.266,0.204,0.222,1.01,0.652,1.34,2189.421,144.135,456.429,381,1455,2123
382,1076781220,2455.887,0.405,54.032,-0.03,0.195,0.891,0.575,1.182,2187.196,143.989,455.965,382,1847,2777
383,1076847298,2213.027,0.384,54.053,-0.01,0.216,0.985,0.636,1.307,2178.943,143.446,454.245,383,1818,2252
384,1152838445,2702.599,0.423,52.082,-1.981,0.177,0.806,0.52,1.069,2177.34,143.34,453.911,384,3081,3114
385,1164090408,3191.208,0.45,54.163,0.101,0.15,0.682,0.44,0.905,2176.419,143.28,453.719,385,1643,3393
386,1077428179,2860.204,0.433,54.755,0.692,0.167,0.76,0.491,1.008,2173.21,143.068,453.049,386,738,3249
387,1076780907,2265.086,0.39,54.842,0.78,0.21,0.959,0.619,1.272,2171.529,142.958,452.699,387,632,2417
388,1036597587,2905.556,0.437,54.112,0.05,0.163,0.744,0.48,0.987,2160.32,142.22,450.362,388,1723,3287
389,1077042044,2532.476,0.413,54.334,0.272,0.187,0.852,0.55,1.13,2156.754,141.985,449.619,389,1331,2953
390,1077278794,1863.781,0.346,54.178,0.115,0.254,1.155,0.746,1.533,2153.132,141.746,448.864,390,1617,1241
391,1076780931,2603.826,0.419,53.845,-0.217,0.181,0.825,0.533,1.094,2147.543,141.379,447.699,391,2089,3049
392,666497292,1875.746,0.349,50.61,-3.453,0.251,1.144,0.739,1.518,2145.212,141.225,447.213,392,3510,1306
393,482404662,1572.958,0.301,54.721,0.659,0.299,1.362,0.88,1.808,2142.669,141.058,446.683,393,775,435
394,1076847318,2048.444,0.371,54.986,0.924,0.229,1.045,0.675,1.386,2140.051,140.885,446.137,394,494,1892
395,483151871,2760.187,0.43,53.693,-0.369,0.17,0.773,0.499,1.026,2134.16,140.498,444.909,395,2250,3221
396,666704507,2002.4,0.366,50.142,-3.921,0.234,1.065,0.688,1.414,2133.489,140.453,444.769,396,3562,1755
397,1077278336,2047.542,0.371,54.222,0.16,0.229,1.042,0.673,1.382,2132.928,140.416,444.652,397,1537,1913
398,1036526082,1986.923,0.365,54.98,0.918,0.235,1.072,0.692,1.423,2130.148,140.233,444.072,398,501,1719
399,482497282,1815.723,0.343,54.009,-0.054,0.257,1.173,0.757,1.556,2129.147,140.167,443.864,399,1878,1140
400,1029631463,2192.629,0.387,54.078,0.016,0.213,0.971,0.627,1.289,2129.021,140.159,443.837,400,1767,2342
401,1161278625,1776.884,0.337,53.974,-0.089,0.263,1.198,0.774,1.59,2128.638,140.134,443.758,401,1934,1000
402,1036597411,2051.22,0.373,54.382,0.319,0.227,1.036,0.669,1.375,2125.437,139.923,443.09,402,1252,1953
403,1036597543,2352.388,0.402,53.927,-0.136,0.198,0.903,0.583,1.198,2124.31,139.849,442.855,403,1998,2723
404,1076703118,2378.738,0.404,55.256,1.194,0.196,0.892,0.576,1.184,2123.001,139.763,442.582,404,305,2769
405,1036597583,2386.584,0.405,54.663,0.601,0.195,0.889,0.574,1.18,2122.07,139.702,442.388,405,830,2786
406,1076781321,2213.363,0.39,55.319,1.257,0.21,0.959,0.619,1.272,2121.829,139.686,442.338,406,279,2419
407,1076703108,2094.208,0.378,54.867,0.804,0.222,1.012,0.653,1.343,2119.161,139.51,441.782,407,603,2115
408,1036021028,2083.878,0.377,55.51,1.448,0.223,1.015,0.656,1.347,2115.226,139.251,440.962,408,207,2088
409,1077375469,2135.788,0.383,54.94,0.877,0.217,0.99,0.639,1.314,2114.656,139.214,440.843,409,540,2221
410,1076847177,1726.312,0.331,53.995,-0.067,0.269,1.225,0.791,1.625,2114.261,139.188,440.76,410,1903,879
411,1076781267,2350.865,0.403,53.143,-0.919,0.197,0.899,0.58,1.193,2112.603,139.078,440.415,411,2625,2743
412,204799143,1823.265,0.346,54.583,0.52,0.254,1.158,0.748,1.537,2111.261,138.99,440.135,412,924,1225
413,117601292,2489.307,0.415,54.365,0.303,0.185,0.843,0.544,1.119,2098.694,138.163,437.515,413,1274,2992
414,1077278817,2067.429,0.377,54.624,0.561,0.223,1.015,0.655,1.347,2097.972,138.115,437.365,414,869,2093
415,1076703110,5162.309,0.511,56.193,2.13,0.089,0.406,0.262,0.539,2097.49,138.083,437.264,415,68,3593
416,1076669374,2920.647,0.443,53.699,-0.363,0.157,0.716,0.462,0.95,2091.005,137.656,435.912,416,2241,3339
417,1036597635,2340.088,0.404,53.695,-0.368,0.196,0.894,0.577,1.186,2090.942,137.652,435.899,417,2248,2763
418,1076860384,3992.536,0.485,55.414,1.352,0.115,0.523,0.338,0.694,2087.137,137.402,435.106,418,248,3564
419,1076781212,2027.278,0.375,54.377,0.314,0.225,1.024,0.662,1.359,2076.777,136.72,432.946,419,1255,2033
420,1036597672,1501.011,0.297,53.605,-0.458,0.303,1.382,0.892,1.833,2073.761,136.521,432.317,420,2329,393
421,473856288,3393.488,0.466,55.844,1.781,0.134,0.61,0.394,0.81,2070.393,136.3,431.615,421,130,3499
422,1029559946,3808.118,0.481,54.913,0.85,0.119,0.543,0.351,0.721,2068.899,136.201,431.304,422,564,3552
423,1076780889,2076.13,0.381,54.239,0.176,0.219,0.996,0.643,1.322,2068.099,136.149,431.137,423,1509,2184
424,1072959510,1521.598,0.302,54.679,0.617,0.298,1.357,0.876,1.801,2064.772,135.929,430.443,424,810,450
425,1072959504,2166.617,0.391,55.42,1.357,0.209,0.951,0.614,1.262,2060.939,135.677,429.644,425,245,2470
426,1036597509,2378.025,0.411,54.5,0.438,0.189,0.862,0.557,1.144,2050.691,135.003,427.508,426,1040,2897
427,1036597446,2228.663,0.398,54.229,0.167,0.202,0.92,0.594,1.22,2049.501,134.924,427.26,427,1520,2646
428,1036597472,2331.505,0.407,54.03,-0.032,0.193,0.878,0.567,1.166,2048.224,134.84,426.994,428,1852,2843
429,1076780891,2234.945,0.399,54.263,0.201,0.201,0.916,0.592,1.216,2047.97,134.823,426.941,429,1458,2663
430,204799145,1838.154,0.356,54.47,0.407,0.244,1.113,0.719,1.477,2045.35,134.651,426.395,430,1082,1483
431,666273781,1888.236,0.362,49.677,-4.385,0.238,1.083,0.699,1.437,2044.559,134.599,426.23,431,3594,1648
432,483050329,1884.433,0.362,53.422,-0.64,0.238,1.084,0.7,1.439,2043.295,134.516,425.966,432,2458,1635
433,842543025,1857.667,0.359,53.637,-0.425,0.241,1.099,0.71,1.459,2041.874,134.422,425.67,433,2297,1548
434,633556056,1805.161,0.352,55.449,1.387,0.248,1.13,0.73,1.5,2040.291,134.318,425.34,434,230,1379
435,1036597484,2064.775,0.383,55.237,1.175,0.217,0.988,0.638,1.31,2039.012,134.234,425.073,435,313,2235
436,1077278283,1736.515,0.343,54.061,-0.001,0.257,1.171,0.756,1.553,2032.652,133.815,423.747,436,1805,1151
437,1077375591,2307.129,0.407,54.025,-0.038,0.193,0.881,0.569,1.169,2032.157,133.782,423.644,437,1860,2827
438,1077278849,1843.489,0.359,54.443,0.381,0.241,1.098,0.709,1.458,2024.869,133.303,422.125,438,1136,1554
439,482308032,2520.013,0.424,55.565,1.503,0.176,0.802,0.518,1.065,2021.52,133.082,421.427,439,182,3125
440,1036231418,1439.425,0.292,53.835,-0.227,0.308,1.403,0.906,1.862,2019.563,132.953,421.019,440,2099,337
441,482764449,1800.401,0.354,55.214,1.152,0.246,1.12,0.723,1.486,2015.678,132.698,420.209,441,332,1443
442,1077278331,2148.146,0.394,53.05,-1.013,0.206,0.938,0.606,1.245,2015.2,132.666,420.109,442,2662,2545
443,1036597582,1985.667,0.378,54.144,0.081,0.222,1.014,0.655,1.345,2012.596,132.495,419.566,443,1682,2105
444,1076703175,2133.853,0.394,51.277,-2.785,0.206,0.94,0.607,1.248,2006.882,132.118,418.375,444,3370,2530
445,1036262239,2207.494,0.401,50.441,-3.621,0.199,0.908,0.587,1.205,2004.865,131.986,417.955,445,3526,2700
446,1077039079,1918.367,0.371,54.909,0.846,0.229,1.044,0.674,1.386,2003.115,131.87,417.59,446,567,1893
447,1076780902,2344.383,0.413,54.249,0.186,0.187,0.854,0.551,1.133,2002.031,131.799,417.364,447,1491,2943
448,1076669437,1576.402,0.322,55.156,1.093,0.278,1.268,0.819,1.683,1999.033,131.602,416.739,448,365,702
449,1077126983,1584.196,0.323,55.722,1.66,0.277,1.262,0.815,1.674,1998.843,131.589,416.699,449,146,735
450,1076780877,1784.969,0.355,55.073,1.011,0.245,1.115,0.72,1.48,1990.831,131.062,415.029,450,430,1465
451,1076860337,1900.466,0.371,55.522,1.46,0.229,1.045,0.675,1.387,1986.673,130.788,414.162,451,198,1889
452,483051907,1702.121,0.344,54.757,0.695,0.256,1.167,0.754,1.549,1986.26,130.761,414.076,452,736,1166
453,1076847287,1983.73,0.382,56.107,2.045,0.218,0.995,0.643,1.321,1974.788,130.006,411.685,453,78,2190
454,666497293,1747.258,0.352,50.746,-3.317,0.248,1.128,0.728,1.497,1970.676,129.735,410.827,454,3487,1394
455,1029559959,1925.917,0.376,54.408,0.346,0.224,1.022,0.66,1.356,1967.684,129.538,410.204,455,1202,2053
456,1076780828,2093.165,0.394,52.622,-1.441,0.206,0.938,0.606,1.245,1963.927,129.291,409.42,456,2846,2542
457,1076703202,3003.407,0.457,52.947,-1.116,0.143,0.653,0.422,0.866,1961.059,129.102,408.822,457,2700,3442
458,1164305169,2317.537,0.415,54.47,0.407,0.185,0.845,0.546,1.121,1957.65,128.877,408.112,458,1081,2987
459,1036597435,1737.936,0.353,53.578,-0.484,0.247,1.125,0.727,1.494,1956.035,128.771,407.775,459,2346,1404
460,1154398432,1296.949,0.27,51.962,-2.1,0.33,1.503,0.97,1.994,1948.724,128.29,406.251,460,3132,185
461,1153936322,1711.249,0.35,52.134,-1.929,0.25,1.138,0.735,1.51,1947.867,128.233,406.072,461,3060,1334
462,774162496,2281.784,0.413,52.985,-1.077,0.187,0.854,0.551,1.133,1947.616,128.217,406.02,462,2686,2948
463,483123050,1877.751,0.373,54.568,0.505,0.227,1.037,0.669,1.376,1946.459,128.141,405.779,463,947,1951
464,1076781187,2683.061,0.441,54.318,0.255,0.159,0.723,0.467,0.96,1940.098,127.722,404.453,464,1357,3327
465,1076847165,1793.489,0.363,54.085,0.022,0.237,1.08,0.698,1.434,1937.757,127.568,403.965,465,1758,1665
466,482764448,1704.152,0.351,55.099,1.037,0.249,1.134,0.733,1.505,1933.212,127.269,403.017,466,403,1359
467,1077278359,1752.035,0.358,54.102,0.04,0.242,1.103,0.712,1.464,1932.772,127.24,402.925,467,1738,1524
468,1076847284,2444.3,0.426,54.836,0.774,0.174,0.791,0.511,1.049,1932.73,127.237,402.917,468,639,3172
469,1153928509,2305.411,0.416,53.613,-0.45,0.184,0.838,0.541,1.112,1931.44,127.152,402.648,469,2317,3010
470,1076781325,2634.245,0.439,53.882,-0.181,0.161,0.733,0.473,0.972,1930.469,127.088,402.445,470,2050,3306
471,1076780932,2574.302,0.437,53.901,-0.161,0.163,0.744,0.481,0.988,1916.117,126.143,399.453,471,2031,3284
472,1036262236,2608.631,0.439,54.124,0.061,0.161,0.734,0.474,0.973,1913.578,125.976,398.924,472,1707,3304
473,1076669320,2543.575,0.435,54.631,0.569,0.165,0.752,0.486,0.998,1912.653,125.915,398.731,473,859,3265
474,1076669348,2373.803,0.424,53.726,-0.336,0.176,0.804,0.519,1.067,1908.585,125.647,397.883,474,2215,3118
475,1076847288,1812.348,0.369,55.91,1.848,0.231,1.051,0.679,1.395,1905.537,125.447,397.248,475,117,1854
476,1076860458,1714.411,0.356,54.485,0.423,0.244,1.111,0.718,1.475,1905.078,125.416,397.152,476,1057,1487
477,1076847290,1841.777,0.373,56.776,2.713,0.227,1.033,0.667,1.371,1902.389,125.239,396.591,477,27,1969
478,1036223152,1543.299,0.33,54.78,0.718,0.27,1.232,0.795,1.634,1900.754,125.132,396.251,478,707,849
479,1036262233,1341.212,0.289,54.777,0.715,0.311,1.416,0.914,1.879,1898.811,125.004,395.846,479,711,313
480,666704510,1766.073,0.364,49.406,-4.656,0.236,1.075,0.694,1.427,1898.536,124.986,395.788,480,3600,1704
481,1036597545,2432.561,0.429,53.838,-0.225,0.171,0.78,0.504,1.035,1896.573,124.856,395.379,481,2094,3195
482,1150346596,3338.111,0.475,55.54,1.477,0.125,0.567,0.366,0.753,1894.29,124.706,394.903,482,191,3534
483,1036249555,1524.406,0.327,55.847,1.785,0.273,1.242,0.802,1.649,1893.889,124.68,394.82,483,129,806
484,1076669337,1700.165,0.356,54.094,0.031,0.244,1.113,0.719,1.477,1891.962,124.553,394.418,484,1748,1480
485,1036597670,2205.545,0.412,54.049,-0.013,0.188,0.857,0.554,1.137,1890.396,124.45,394.091,485,1820,2924
486,1076781217,2534.596,0.437,54.288,0.225,0.163,0.744,0.481,0.988,1886.231,124.176,393.223,486,1417,3285
487,666704519,1871.776,0.379,50.924,-3.138,0.221,1.007,0.65,1.336,1884.739,124.077,392.912,487,3459,2133
488,1076669839,1647.743,0.349,55.245,1.182,0.251,1.143,0.738,1.517,1884.192,124.041,392.798,488,310,1307
489,633556106,2309.314,0.421,55.104,1.041,0.179,0.815,0.526,1.081,1881.152,123.841,392.164,489,399,3083
490,1076669306,1540.054,0.332,54.213,0.15,0.268,1.221,0.789,1.621,1880.938,123.827,392.12,490,1560,897
491,1076847357,1852.056,0.377,55.51,1.448,0.223,1.014,0.655,1.346,1878.757,123.684,391.665,491,206,2096
492,1076847324,1911.424,0.385,54.659,0.596,0.215,0.979,0.632,1.3,1871.94,123.235,390.244,492,834,2285
493,1076860369,1196.568,0.257,52.017,-2.046,0.343,1.564,1.01,2.076,1871.732,123.221,390.2,493,3115,121
494,482313882,1657.613,0.352,55.447,1.385,0.248,1.129,0.729,1.498,1871.381,123.198,390.127,494,233,1387
495,473747063,1414.751,0.31,54.196,0.134,0.29,1.323,0.854,1.755,1871.189,123.185,390.087,495,1587,538
496,1076860427,1586.931,0.341,54.437,0.374,0.259,1.178,0.761,1.564,1869.773,123.092,389.792,496,1149,1114
497,1026140672,1903.681,0.385,53.932,-0.13,0.215,0.981,0.634,1.302,1867.536,122.945,389.326,497,1991,2270
498,1076781086,1691.457,0.358,54.194,0.131,0.242,1.104,0.713,1.465,1866.754,122.893,389.163,498,1593,1521
499,666704523,1587.29,0.343,51.251,-2.811,0.257,1.171,0.756,1.554,1859.172,122.394,387.582,499,3378,1147
500,1036526084,1999.866,0.396,55.096,1.033,0.204,0.929,0.6,1.233,1858.5,122.35,387.442,500,408,2598
501,1076781233,2854.462,0.457,53.886,-0.177,0.143,0.65,0.42,0.863,1855.806,122.173,386.88,501,2045,3444
502,1076669417,2950.905,0.462,53.782,-0.28,0.138,0.628,0.406,0.834,1854.624,122.095,386.634,502,2166,3476
503,1036231421,1439.329,0.317,53.476,-0.587,0.283,1.288,0.832,1.71,1854.213,122.068,386.548,503,2417,646
504,1036021029,2083.222,0.405,55.753,1.69,0.195,0.89,0.575,1.181,1854.161,122.064,386.537,504,143,2780
505,1077375466,2084.806,0.405,54.152,0.09,0.195,0.888,0.574,1.179,1852.024,121.924,386.092,505,1659,2791
506,1036231422,1439.395,0.318,54.177,0.115,0.282,1.286,0.831,1.707,1851.451,121.886,385.972,506,1620,652
507,1076669263,1650.793,0.354,53.734,-0.329,0.246,1.121,0.724,1.488,1850.646,121.833,385.805,507,2208,1435
508,1076781137,1552.937,0.339,53.522,-0.54,0.261,1.188,0.768,1.577,1845.63,121.503,384.759,508,2382,1062
509,1077039009,1641.151,0.353,54.572,0.51,0.247,1.125,0.726,1.492,1845.503,121.494,384.732,509,939,1411
510,1036597625,1786.696,0.374,53.947,-0.116,0.226,1.03,0.665,1.367,1840.018,121.133,383.589,510,1968,1990
511,666273782,1783.35,0.374,49.312,-4.75,0.226,1.03,0.665,1.367,1837.692,120.98,383.104,511,3603,1986
512,1036597467,2301.122,0.425,54.126,0.063,0.175,0.798,0.516,1.059,1837.127,120.943,382.986,512,1705,3137
513,1076781168,1998.361,0.398,54.338,0.275,0.202,0.919,0.593,1.22,1836.473,120.9,382.85,513,1325,2649
514,1152356050,1842.816,0.382,53.055,-1.007,0.218,0.994,0.642,1.32,1832.664,120.649,382.056,514,2660,2192
515,1036597590,1482.439,0.329,54.278,0.216,0.271,1.235,0.798,1.639,1831.147,120.549,381.74,515,1436,837
516,482165124,4662.219,0.514,56.399,2.336,0.086,0.392,0.253,0.52,1828.539,120.378,381.196,516,48,3596
517,1036597500,1736.958,0.369,53.823,-0.24,0.231,1.051,0.679,1.395,1825.782,120.196,380.621,517,2116,1856
518,1076781309,2578.542,0.445,53.928,-0.135,0.155,0.706,0.456,0.937,1821.005,119.882,379.625,518,1996,3357
519,1036231420,1439.643,0.323,52.9,-1.162,0.277,1.264,0.816,1.678,1820.02,119.817,379.42,519,2724,719
520,1076780928,2017.404,0.402,53.579,-0.483,0.198,0.902,0.583,1.197,1819.704,119.796,379.354,520,2344,2728
521,1077443383,2373.604,0.432,50.997,-3.066,0.168,0.766,0.494,1.016,1817.166,119.629,378.825,521,3439,3237
522,1036597477,1503.356,0.335,54.949,0.886,0.265,1.208,0.78,1.603,1816.297,119.572,378.644,522,524,959
523,1077278793,1532.383,0.34,55.776,1.713,0.26,1.184,0.765,1.572,1815.076,119.491,378.389,523,137,1082
524,1076847178,1457.172,0.327,54.021,-0.042,0.273,1.244,0.803,1.651,1812.437,119.318,377.839,524,1866,800
525,1036597442,2220.685,0.421,54.005,-0.057,0.179,0.816,0.527,1.083,1811.623,119.264,377.669,525,1883,3079
526,1076781305,2172.279,0.417,54.172,0.11,0.183,0.833,0.538,1.106,1810.084,119.163,377.348,526,1627,3025
527,541596240,1469.612,0.33,54.066,0.003,0.27,1.23,0.795,1.633,1808.28,119.044,376.972,527,1794,854
528,1036231419,1439.289,0.324,53.447,-0.615,0.276,1.256,0.811,1.667,1807.963,119.023,376.906,528,2433,755
529,1036597568,2240.067,0.424,54.364,0.302,0.176,0.804,0.519,1.067,1800.925,118.56,375.439,529,1277,3119
530,666704517,1778.836,0.378,50.445,-3.617,0.222,1.012,0.654,1.343,1800.475,118.53,375.345,530,3525,2113
531,1076669101,1335.361,0.304,54.772,0.71,0.296,1.347,0.87,1.788,1799.315,118.454,375.104,531,717,486
532,1076780996,1771.926,0.377,53.347,-0.715,0.223,1.015,0.656,1.347,1798.568,118.405,374.948,532,2512,2089
533,666497296,1372.62,0.313,51.628,-2.434,0.287,1.308,0.844,1.735,1794.86,118.16,374.175,533,3258,581
534,1154407891,2311.892,0.43,53.77,-0.292,0.17,0.774,0.5,1.028,1790.393,117.866,373.244,534,2180,3219
535,666273785,1942.147,0.398,51.445,-2.618,0.202,0.921,0.595,1.222,1789.146,117.784,372.984,535,3324,2635
536,482317608,1825.75,0.385,55.598,1.535,0.215,0.98,0.633,1.3,1788.833,117.764,372.918,536,172,2283
537,1076847289,1820.346,0.385,56.306,2.243,0.215,0.982,0.634,1.303,1787.589,117.682,372.659,537,54,2263
538,1077457855,1474.834,0.334,51.487,-2.576,0.266,1.212,0.782,1.608,1786.886,117.636,372.513,538,3312,937
539,1036597483,2146.877,0.418,54.632,0.569,0.182,0.831,0.537,1.103,1784.657,117.489,372.048,539,858,3032
540,1036597634,1879.943,0.392,53.874,-0.189,0.208,0.949,0.613,1.259,1783.524,117.414,371.812,540,2061,2482
541,1076860368,1730.363,0.374,52.508,-1.554,0.226,1.031,0.666,1.368,1783.317,117.401,371.769,541,2896,1984
542,541596243,1492.551,0.338,54.763,0.7,0.262,1.194,0.771,1.585,1782.615,117.354,371.622,542,727,1026
543,1036597499,1805.413,0.383,53.637,-0.425,0.217,0.987,0.638,1.31,1782.564,117.351,371.611,543,2296,2239
544,1036597421,1460.036,0.333,53.935,-0.128,0.267,1.218,0.786,1.616,1777.839,117.04,370.626,544,1987,913
545,1077278869,1839.628,0.388,54.453,0.391,0.212,0.964,0.623,1.28,1774.085,116.793,369.844,545,1119,2383
546,1029631501,1741.281,0.377,54.666,0.604,0.223,1.018,0.657,1.351,1772.639,116.698,369.542,546,822,2070
547,1076669283,1404.658,0.323,53.988,-0.075,0.277,1.262,0.815,1.674,1772.071,116.66,369.424,547,1912,737
548,1036262198,1520.941,0.344,53.719,-0.344,0.256,1.165,0.752,1.546,1771.434,116.618,369.291,548,2221,1177
549,1076780952,1883.872,0.394,54.535,0.473,0.206,0.94,0.607,1.247,1770.754,116.573,369.149,549,985,2535
550,1077038981,1616.611,0.36,55.184,1.122,0.24,1.094,0.706,1.451,1767.985,116.391,368.572,550,345,1581
551,1077375457,1604.364,0.358,54.927,0.865,0.242,1.101,0.711,1.461,1766.056,116.264,368.17,551,552,1537
552,483084388,1436.127,0.33,54.801,0.739,0.27,1.229,0.794,1.631,1765.097,116.201,367.97,552,677,861
553,1036262235,2608.82,0.452,54.281,0.219,0.148,0.676,0.437,0.897,1763.441,116.092,367.625,553,1431,3408
554,1077039014,1394.405,0.323,55.01,0.947,0.277,1.263,0.815,1.676,1760.684,115.911,367.05,554,477,728
555,1077042069,2426.392,0.441,54.194,0.131,0.159,0.725,0.468,0.962,1758.586,115.772,366.613,555,1594,3325
556,117601178,1614.199,0.361,54.346,0.284,0.239,1.088,0.703,1.444,1756.64,115.644,366.207,556,1309,1612
557,1077039023,1706.839,0.374,53.938,-0.125,0.226,1.028,0.664,1.364,1754.329,115.492,365.725,557,1983,2006
558,1029631494,1997.25,0.407,54.777,0.714,0.193,0.878,0.567,1.165,1753.677,115.449,365.589,558,712,2846
559,1153944462,2281.084,0.431,54.041,-0.022,0.169,0.769,0.496,1.02,1753.629,115.446,365.579,559,1835,3231
560,1076781279,2123.847,0.419,53.011,-1.051,0.181,0.825,0.533,1.094,1751.366,115.297,365.108,560,2676,3051
561,1076860380,1778.523,0.384,56.047,1.984,0.216,0.985,0.636,1.307,1751.136,115.282,365.06,561,88,2251
562,483071531,1519.472,0.347,54.69,0.627,0.253,1.152,0.744,1.528,1750.146,115.217,364.853,562,804,1261
563,483090299,1587.508,0.358,54.53,0.468,0.242,1.102,0.711,1.462,1748.709,115.122,364.554,563,995,1531
564,1077278290,1241.986,0.292,54.317,0.254,0.308,1.405,0.907,1.864,1744.449,114.842,363.666,564,1358,333
565,1077278278,1280.319,0.301,54.599,0.537,0.299,1.361,0.879,1.807,1743.113,114.754,363.387,565,899,437
566,1076703169,1715.666,0.377,53.876,-0.186,0.223,1.015,0.655,1.347,1741.274,114.633,363.004,566,2058,2090
567,1036231407,1215.139,0.286,54.23,0.168,0.314,1.433,0.925,1.901,1740.763,114.599,362.897,567,1518,286
568,1076781116,1580.549,0.359,54.006,-0.057,0.241,1.1,0.71,1.46,1738.417,114.445,362.408,568,1881,1543
569,1076781054,1224.221,0.289,54.355,0.293,0.311,1.419,0.917,1.884,1737.691,114.397,362.257,569,1294,307
570,1076860379,1568.81,0.357,55.532,1.47,0.243,1.107,0.715,1.469,1736.322,114.307,361.971,570,192,1509
571,1076781268,2181.874,0.425,53.72,-0.343,0.175,0.795,0.514,1.055,1735.189,114.232,361.735,571,2219,3152
572,1076847294,1418.33,0.332,53.558,-0.504,0.268,1.221,0.789,1.62,1732.017,114.023,361.074,572,2358,899
573,1076703051,1396.989,0.328,54.682,0.62,0.272,1.24,0.801,1.645,1731.649,113.999,360.997,573,808,819
574,1072959507,1427.602,0.334,55.103,1.04,0.266,1.212,0.783,1.609,1730.699,113.937,360.799,574,400,935
575,1026166974,1345.992,0.318,55.342,1.279,0.282,1.286,0.83,1.706,1730.672,113.935,360.794,575,273,658
576,1076703034,1476.973,0.344,53.568,-0.495,0.256,1.165,0.753,1.547,1721.408,113.325,358.862,576,2351,1173
577,1076780949,1405.541,0.332,54.015,-0.048,0.268,1.223,0.79,1.623,1719.571,113.204,358.479,577,1870,884
578,1076780909,2012.997,0.413,55.092,1.029,0.187,0.854,0.552,1.133,1719.066,113.171,358.374,578,410,2942
579,1076669105,1339.878,0.319,54.52,0.457,0.281,1.282,0.828,1.702,1718.074,113.105,358.167,579,1012,667
580,1077278325,2584.518,0.454,53.515,-0.548,0.146,0.663,0.428,0.88,1714.512,112.871,357.425,580,2389,3429
581,1076860500,2126.152,0.423,54.843,0.781,0.177,0.806,0.521,1.07,1714.152,112.847,357.35,581,630,3112
582,1077039054,1748.553,0.385,54.458,0.395,0.215,0.98,0.633,1.301,1713.974,112.836,357.313,582,1105,2275
583,666273784,1306.66,0.312,52.452,-1.61,0.288,1.311,0.847,1.74,1713.443,112.801,357.202,583,2919,570
584,1076703145,1444.331,0.34,55.388,1.325,0.26,1.186,0.766,1.574,1712.742,112.754,357.056,584,257,1073
585,1076780895,1965.555,0.409,53.509,-0.554,0.191,0.871,0.562,1.156,1712.001,112.706,356.901,585,2394,2867
586,1071647276,2773.31,0.465,54.211,0.148,0.135,0.617,0.398,0.818,1710.062,112.578,356.497,586,1564,3491
587,666497294,1683.024,0.377,50.217,-3.845,0.223,1.015,0.656,1.347,1708.5,112.475,356.171,587,3548,2085
588,1076780993,1405.581,0.334,54.961,0.899,0.266,1.214,0.784,1.611,1706.174,112.322,355.687,588,512,927
589,1036597539,1619.273,0.369,55.448,1.386,0.231,1.053,0.68,1.397,1704.878,112.237,355.416,589,231,1845
590,1036231424,1439.383,0.341,54.071,0.008,0.259,1.182,0.763,1.568,1701.085,111.987,354.626,590,1778,1090
591,483047023,1280.742,0.309,54.318,0.255,0.291,1.327,0.857,1.761,1699.707,111.896,354.338,591,1356,532
592,117601293,1306.51,0.315,54.567,0.504,0.285,1.298,0.838,1.722,1695.478,111.618,353.457,592,950,608
593,1036597614,1596.009,0.367,54.119,0.057,0.233,1.06,0.684,1.406,1691.423,111.351,352.611,593,1713,1792
594,483051909,1465.444,0.347,54.219,0.157,0.253,1.154,0.745,1.532,1691.315,111.344,352.589,594,1544,1248
595,1076781240,1463.423,0.346,54.482,0.42,0.254,1.155,0.746,1.533,1690.794,111.31,352.48,595,1060,1239
596,1076781101,1549.695,0.361,53.709,-0.353,0.239,1.089,0.704,1.446,1688.348,111.149,351.97,596,2233,1604
597,1076703060,1205.173,0.294,54.939,0.876,0.306,1.394,0.9,1.85,1680.355,110.622,350.304,597,542,354
598,1029631507,1760.646,0.391,54.186,0.124,0.209,0.953,0.615,1.265,1677.728,110.449,349.756,598,1604,2458
599,1076669262,1635.829,0.375,53.836,-0.226,0.225,1.026,0.662,1.361,1677.589,110.44,349.727,599,2098,2025
600,1077375522,1652.282,0.377,54.766,0.704,0.223,1.015,0.655,1.347,1676.82,110.39,349.567,600,722,2091
601,1077375517,1463.649,0.349,53.811,-0.251,0.251,1.144,0.739,1.518,1674.744,110.253,349.134,601,2137,1302
602,1036597626,1828.711,0.399,53.877,-0.186,0.201,0.915,0.591,1.214,1673.627,110.179,348.901,602,2057,2669
603,1076847353,2413.015,0.448,54.602,0.54,0.152,0.693,0.448,0.92,1673.075,110.143,348.786,603,895,3377
604,1077038983,1619.451,0.373,54.631,0.569,0.227,1.032,0.667,1.37,1671.947,110.069,348.551,604,860,1973
605,1076781204,1775.814,0.394,53.706,-0.356,0.206,0.94,0.607,1.247,1669.404,109.901,348.021,605,2235,2533
606,1072959505,2186.875,0.432,55.49,1.427,0.168,0.763,0.493,1.013,1669.302,109.895,348.0,606,214,3242
607,541596230,1477.238,0.353,53.432,-0.63,0.247,1.128,0.728,1.497,1665.937,109.673,347.298,607,2446,1396
608,482308029,2009.74,0.418,55.636,1.574,0.182,0.829,0.535,1.1,1665.345,109.634,347.175,608,160,3037
609,1076781026,1806.066,0.398,54.158,0.095,0.202,0.919,0.593,1.219,1659.011,109.217,345.854,609,1654,2654
610,1036231423,1439.222,0.347,54.044,-0.019,0.253,1.152,0.744,1.528,1657.731,109.133,345.588,610,1831,1260
611,1077039069,1652.434,0.38,54.484,0.422,0.22,1.003,0.648,1.331,1657.498,109.118,345.539,611,1058,2154
612,1076780897,1633.297,0.378,54.005,-0.057,0.222,1.013,0.654,1.345,1654.865,108.944,344.99,612,1884,2108
613,1079265280,1368.467,0.335,53.782,-0.281,0.265,1.208,0.78,1.603,1653.535,108.857,344.713,613,2167,957
614,1077278297,1727.42,0.39,54.095,0.033,0.21,0.956,0.617,1.268,1651.196,108.703,344.225,614,1747,2436
615,666704527,1640.689,0.379,50.572,-3.491,0.221,1.005,0.649,1.334,1648.949,108.555,343.757,615,3513,2144
616,541596229,1474.186,0.355,53.283,-0.78,0.245,1.117,0.722,1.483,1647.002,108.427,343.351,616,2545,1452
617,1036597503,2283.892,0.442,54.313,0.251,0.158,0.721,0.465,0.956,1646.063,108.365,343.155,617,1366,3328
618,1076860330,2749.426,0.469,55.064,1.001,0.131,0.598,0.386,0.793,1643.968,108.227,342.718,618,440,3512
619,1076860444,1602.821,0.375,53.118,-0.945,0.225,1.025,0.662,1.36,1642.797,108.15,342.474,619,2639,2030
620,1153102071,1313.254,0.326,54.476,0.414,0.274,1.251,0.808,1.66,1642.716,108.144,342.457,620,1071,779
621,1076781238,1542.208,0.366,54.504,0.442,0.234,1.065,0.688,1.413,1642.686,108.142,342.451,621,1036,1759
622,1076780955,1784.239,0.398,54.435,0.373,0.202,0.92,0.594,1.22,1640.625,108.007,342.021,622,1153,2647
623,1076780905,2228.056,0.439,54.539,0.476,0.161,0.735,0.475,0.976,1638.321,107.855,341.541,623,980,3302
624,1076781257,1247.096,0.312,54.309,0.247,0.288,1.313,0.848,1.742,1637.185,107.78,341.304,624,1375,563
625,1076847176,1536.338,0.366,54.472,0.41,0.234,1.065,0.688,1.414,1636.524,107.737,341.167,625,1076,1758
626,1076781119,1641.403,0.381,54.362,0.3,0.219,0.997,0.644,1.322,1635.765,107.687,341.008,626,1279,2179
627,467788652,1049.977,0.258,50.926,-3.136,0.342,1.557,1.005,2.066,1634.767,107.621,340.8,627,3458,129
628,1077278882,1535.459,0.367,54.439,0.377,0.233,1.062,0.686,1.409,1630.7,107.353,339.952,628,1144,1779
629,1036231425,1439.381,0.352,54.192,0.13,0.248,1.131,0.73,1.501,1627.801,107.163,339.348,629,1596,1375
630,1076669327,1980.883,0.42,54.306,0.244,0.18,0.821,0.53,1.09,1626.993,107.109,339.179,630,1385,3058
631,666704512,1809.055,0.403,49.381,-4.681,0.197,0.897,0.579,1.19,1622.494,106.813,338.242,631,3601,2748
632,1076781282,1747.581,0.396,53.682,-0.381,0.204,0.928,0.599,1.232,1622.043,106.783,338.148,632,2262,2603
633,1036597665,2184.643,0.437,53.784,-0.278,0.163,0.742,0.479,0.985,1620.962,106.712,337.922,633,2165,3291
634,754043749,868.286,0.19,51.639,-2.424,0.41,1.867,1.206,2.477,1620.874,106.706,337.904,634,3253,14
635,117601166,1717.605,0.393,54.598,0.535,0.207,0.944,0.609,1.252,1620.615,106.689,337.85,635,901,2515
636,1076781191,1596.56,0.378,53.943,-0.12,0.222,1.014,0.655,1.345,1618.25,106.534,337.357,636,1973,2104
637,1077278805,1453.462,0.356,54.473,0.41,0.244,1.113,0.719,1.477,1617.325,106.473,337.164,637,1074,1482
638,1076781002,1397.905,0.346,53.753,-0.31,0.254,1.156,0.747,1.534,1616.448,106.415,336.981,638,2192,1233
639,1036249558,1505.0,0.364,56.569,2.506,0.236,1.073,0.693,1.424,1615.419,106.347,336.767,639,35,1715
640,1036597616,1536.13,0.369,53.838,-0.225,0.231,1.051,0.679,1.395,1614.791,106.306,336.636,640,2095,1855
641,1029559980,1455.037,0.357,53.407,-0.656,0.243,1.106,0.714,1.467,1608.985,105.924,335.425,641,2468,1513
642,1076860471,2714.318,0.47,53.921,-0.141,0.13,0.593,0.383,0.786,1608.726,105.907,335.371,642,2004,3516
643,1036597640,2059.294,0.429,53.772,-0.291,0.171,0.781,0.504,1.036,1608.182,105.871,335.258,643,2178,3190
644,1036597453,1977.152,0.422,54.482,0.419,0.178,0.813,0.525,1.079,1607.408,105.82,335.097,644,1061,3089
645,1077039089,1727.739,0.396,54.73,0.668,0.204,0.93,0.601,1.234,1606.554,105.764,334.919,645,766,2595
646,1077375545,1533.004,0.37,54.849,0.786,0.23,1.048,0.677,1.39,1606.15,105.737,334.834,646,623,1876
647,541596244,1383.199,0.345,54.782,0.72,0.255,1.161,0.75,1.54,1605.32,105.683,334.661,647,705,1204
648,1076781193,1562.965,0.375,54.145,0.083,0.225,1.026,0.663,1.362,1603.625,105.571,334.308,648,1676,2020
649,483123051,1538.798,0.371,54.852,0.79,0.229,1.042,0.673,1.383,1603.519,105.564,334.286,649,618,1909
650,1036597420,1377.744,0.345,54.096,0.033,0.255,1.163,0.751,1.543,1602.106,105.471,333.991,650,1746,1189
651,1076781016,1773.572,0.402,53.561,-0.502,0.198,0.903,0.583,1.198,1600.962,105.396,333.753,651,2356,2726
652,666273779,1243.118,0.318,51.848,-2.214,0.282,1.287,0.831,1.708,1600.066,105.337,333.566,652,3175,651
653,1026140668,1411.012,0.351,55.014,0.951,0.249,1.134,0.732,1.505,1599.977,105.331,333.548,653,475,1361
654,1036526092,1293.024,0.329,54.984,0.921,0.271,1.236,0.798,1.64,1597.655,105.178,333.063,654,498,834
655,1077375462,1488.916,0.365,54.406,0.344,0.235,1.071,0.692,1.421,1594.711,104.984,332.45,655,1206,1723
656,1077457858,1496.547,0.366,51.621,-2.441,0.234,1.065,0.688,1.414,1594.563,104.974,332.419,656,3260,1754
657,792708118,1294.427,0.33,53.116,-0.946,0.27,1.231,0.795,1.633,1593.165,104.882,332.128,657,2640,852
658,1076860493,1303.167,0.332,53.719,-0.343,0.268,1.222,0.789,1.622,1593.011,104.872,332.095,658,2220,889
659,1076847285,2187.168,0.44,55.307,1.244,0.16,0.727,0.47,0.965,1590.403,104.701,331.552,659,283,3319
660,1036597538,1533.544,0.374,55.272,1.21,0.226,1.03,0.665,1.366,1578.912,103.944,329.156,660,300,1992
661,1076781046,1298.681,0.334,54.278,0.215,0.266,1.214,0.784,1.611,1576.826,103.807,328.721,661,1439,926
662,1036597436,1445.544,0.361,53.32,-0.742,0.239,1.09,0.704,1.447,1576.066,103.757,328.563,662,2523,1599
663,1076669284,1346.943,0.343,54.209,0.146,0.257,1.17,0.756,1.552,1575.801,103.739,328.508,663,1568,1156
664,1076781288,1586.308,0.382,53.584,-0.479,0.218,0.993,0.642,1.318,1575.749,103.736,328.497,664,2339,2200
665,633556089,1247.577,0.323,54.278,0.215,0.277,1.262,0.815,1.675,1574.829,103.675,328.305,665,1441,732
666,691261786,1148.02,0.299,54.51,0.447,0.301,1.372,0.886,1.82,1574.784,103.672,328.296,666,1024,418
667,1036597516,2346.701,0.453,54.277,0.214,0.147,0.671,0.433,0.89,1573.743,103.604,328.079,667,1442,3417
668,1026166989,1619.192,0.387,54.325,0.262,0.213,0.971,0.627,1.289,1572.622,103.53,327.845,668,1342,2341
669,1076860340,1369.248,0.348,55.504,1.441,0.252,1.148,0.742,1.524,1572.365,103.513,327.791,669,212,1281
670,1076703098,2152.212,0.44,54.531,0.469,0.16,0.73,0.471,0.968,1570.571,103.395,327.417,670,994,3313
671,1077457849,1176.591,0.308,53.682,-0.38,0.292,1.332,0.86,1.768,1567.511,103.193,326.779,671,2261,519
672,1026166976,1491.602,0.37,55.159,1.096,0.23,1.05,0.678,1.394,1566.688,103.139,326.608,672,362,1861
673,1036024080,1407.573,0.356,55.033,0.97,0.244,1.113,0.719,1.476,1566.033,103.096,326.471,673,465,1484
674,1169797439,1249.407,0.325,55.302,1.24,0.275,1.253,0.809,1.663,1565.909,103.088,326.445,674,285,768
675,1029631508,1624.345,0.389,54.356,0.293,0.211,0.963,0.622,1.277,1563.581,102.935,325.96,675,1293,2389
676,1077457851,1077.252,0.282,53.068,-0.994,0.318,1.451,0.937,1.925,1562.843,102.886,325.806,676,2658,259
677,473763169,2485.811,0.462,54.177,0.114,0.138,0.628,0.406,0.834,1561.923,102.826,325.614,677,1621,3478
678,483090295,1612.918,0.388,54.286,0.224,0.212,0.965,0.623,1.281,1557.155,102.512,324.62,678,1422,2374
679,1076669298,1813.256,0.412,54.454,0.391,0.188,0.855,0.552,1.135,1550.955,102.104,323.328,679,1116,2935
680,1077278862,1547.146,0.38,54.027,-0.036,0.22,1.002,0.647,1.33,1550.698,102.087,323.274,680,1857,2156
681,842543016,2399.491,0.458,53.248,-0.814,0.142,0.646,0.417,0.858,1550.685,102.086,323.272,681,2561,3452
682,1154205105,1029.589,0.27,51.78,-2.283,0.33,1.505,0.972,1.998,1549.963,102.038,323.121,682,3195,181
683,1153954850,899.944,0.222,51.289,-2.774,0.378,1.722,1.112,2.285,1549.489,102.007,323.022,683,3368,54
684,1076847175,1474.651,0.369,54.756,0.693,0.231,1.051,0.679,1.394,1549.483,102.007,323.021,684,737,1858
685,1076847167,1590.974,0.386,53.823,-0.24,0.214,0.974,0.629,1.292,1549.28,101.993,322.979,685,2115,2326
686,1076669104,1246.771,0.328,54.339,0.276,0.272,1.24,0.801,1.645,1545.62,101.752,322.216,686,1322,818
687,666704508,1794.583,0.411,49.364,-4.698,0.189,0.86,0.555,1.141,1543.449,101.609,321.763,687,3602,2911
688,1154416560,1522.639,0.378,50.918,-3.144,0.222,1.013,0.654,1.345,1542.966,101.578,321.662,688,3460,2107
689,1076780950,1692.15,0.4,54.129,0.066,0.2,0.912,0.589,1.21,1542.932,101.575,321.655,689,1698,2685
690,1077278720,1483.23,0.372,55.864,1.802,0.228,1.038,0.671,1.378,1540.009,101.383,321.046,690,125,1936
691,1076860335,2150.682,0.443,54.211,0.149,0.157,0.714,0.461,0.948,1536.331,101.141,320.279,691,1563,3342
692,1076781330,1500.966,0.375,52.887,-1.176,0.225,1.023,0.661,1.358,1535.631,101.095,320.133,692,2733,2043
693,1076847355,2019.21,0.433,54.533,0.471,0.167,0.76,0.491,1.009,1534.799,101.04,319.96,693,990,3248
694,1076669190,1344.091,0.35,54.898,0.835,0.25,1.141,0.737,1.514,1533.696,100.967,319.73,694,573,1322
695,1076847254,1214.592,0.323,51.57,-2.493,0.277,1.261,0.814,1.673,1531.205,100.803,319.211,695,3279,741
696,1026140664,1339.798,0.349,54.431,0.368,0.251,1.143,0.738,1.516,1531.074,100.795,319.183,696,1160,1313
697,483125940,1165.598,0.312,54.859,0.797,0.288,1.313,0.848,1.742,1529.935,100.72,318.946,697,614,565
698,1026166977,1407.806,0.362,55.132,1.07,0.238,1.086,0.701,1.441,1528.27,100.61,318.599,698,381,1626
699,666704525,1611.888,0.392,50.703,-3.36,0.208,0.947,0.612,1.257,1526.878,100.519,318.309,699,3492,2493
700,1076860375,1445.349,0.368,55.559,1.497,0.232,1.056,0.682,1.402,1526.771,100.511,318.286,700,184,1821
701,1154161786,1797.832,0.414,51.633,-2.43,0.186,0.849,0.548,1.127,1526.622,100.502,318.255,701,3254,2963
702,89640142,901.755,0.229,50.376,-3.686,0.371,1.691,1.092,2.244,1525.17,100.406,317.952,702,3535,61
703,1076781256,1276.448,0.338,54.192,0.129,0.262,1.194,0.771,1.585,1524.255,100.346,317.762,703,1597,1028
704,1076860468,1597.625,0.391,53.97,-0.092,0.209,0.954,0.616,1.265,1523.343,100.286,317.572,704,1938,2454
705,1077457850,1105.63,0.298,53.176,-0.886,0.302,1.378,0.89,1.828,1523.183,100.275,317.538,705,2609,406
706,1036597637,1340.661,0.351,53.643,-0.42,0.249,1.136,0.734,1.508,1523.08,100.268,317.517,706,2293,1350
707,1072959481,1403.026,0.362,54.365,0.303,0.238,1.084,0.7,1.439,1521.455,100.161,317.178,707,1273,1633
708,117601282,1994.619,0.433,54.559,0.497,0.167,0.762,0.492,1.011,1518.934,99.996,316.653,708,959,3245
709,1077443337,1003.012,0.268,54.256,0.193,0.332,1.514,0.977,2.008,1518.09,99.94,316.477,709,1479,168
710,1076860424,1612.23,0.394,54.307,0.245,0.206,0.94,0.607,1.247,1515.399,99.763,315.916,710,1379,2536
711,1077376131,1772.593,0.413,55.606,1.544,0.187,0.854,0.552,1.134,1514.223,99.685,315.67,711,167,2938
712,1076669209,1309.262,0.347,54.893,0.831,0.253,1.153,0.745,1.53,1509.892,99.4,314.768,712,576,1251
713,1036597533,1336.973,0.352,54.422,0.36,0.248,1.129,0.729,1.499,1509.813,99.395,314.751,713,1182,1385
714,117601284,1707.745,0.406,54.288,0.225,0.194,0.884,0.571,1.173,1509.529,99.376,314.692,714,1418,2809
715,1076781123,1348.682,0.355,54.74,0.678,0.245,1.117,0.721,1.482,1506.484,99.176,314.057,715,754,1456
716,666704501,1939.092,0.43,50.201,-3.862,0.17,0.776,0.501,1.03,1505.258,99.095,313.801,716,3551,3214
717,1153098133,1892.071,0.425,52.492,-1.571,0.175,0.795,0.514,1.055,1504.775,99.063,313.701,717,2901,3151
718,1036249557,1504.856,0.381,56.677,2.615,0.219,0.999,0.645,1.325,1502.694,98.926,313.267,718,30,2169
719,1076780872,1479.659,0.377,54.889,0.826,0.223,1.015,0.656,1.347,1501.974,98.879,313.117,719,581,2086
720,1077038955,1705.485,0.407,55.085,1.023,0.193,0.879,0.568,1.167,1499.66,98.727,312.634,720,416,2836
721,1036597508,1982.769,0.434,54.472,0.409,0.166,0.756,0.488,1.004,1499.488,98.715,312.599,721,1078,3256
722,1076847168,1559.942,0.389,53.838,-0.225,0.211,0.96,0.62,1.274,1497.597,98.591,312.204,722,2093,2405
723,842542999,2142.511,0.447,53.521,-0.541,0.153,0.699,0.451,0.927,1496.773,98.537,312.033,723,2383,3369
724,1076669848,1848.133,0.422,54.767,0.705,0.178,0.81,0.523,1.075,1496.506,98.519,311.977,724,721,3098
725,1076847253,1173.15,0.32,51.712,-2.35,0.28,1.275,0.824,1.693,1496.272,98.504,311.928,725,3223,684
726,1077038964,1261.463,0.34,55.28,1.218,0.26,1.185,0.765,1.572,1494.264,98.371,311.51,726,292,1081
727,1077278345,1190.836,0.325,54.61,0.547,0.275,1.255,0.81,1.665,1494.218,98.368,311.5,727,886,763
728,1156504631,1758.663,0.414,52.841,-1.221,0.186,0.85,0.549,1.127,1494.069,98.359,311.469,728,2751,2961
729,1036597526,1144.108,0.313,54.858,0.796,0.287,1.306,0.843,1.733,1493.988,98.353,311.452,729,615,585
730,483053061,1472.145,0.377,54.039,-0.023,0.223,1.015,0.655,1.346,1493.571,98.326,311.365,730,1840,2095
731,1077039027,1136.602,0.312,53.782,-0.281,0.288,1.313,0.848,1.743,1492.877,98.28,311.22,731,2168,560
732,1076847321,1602.501,0.396,54.972,0.909,0.204,0.931,0.601,1.235,1491.227,98.171,310.876,732,508,2589
733,842543010,2962.842,0.49,53.982,-0.08,0.11,0.503,0.325,0.668,1490.525,98.125,310.73,733,1917,3570
734,1076847259,957.561,0.259,53.194,-0.868,0.341,1.555,1.004,2.063,1488.636,98.001,310.336,734,2597,132
735,1026166984,2471.813,0.468,54.144,0.082,0.132,0.602,0.389,0.799,1488.096,97.965,310.224,735,1680,3508
736,1077042045,1310.696,0.351,54.282,0.219,0.249,1.135,0.733,1.506,1487.771,97.944,310.156,736,1430,1354
737,1076780923,1521.963,0.386,53.398,-0.664,0.214,0.977,0.631,1.296,1486.872,97.885,309.969,737,2475,2306
738,1076781174,1532.373,0.387,54.774,0.712,0.213,0.97,0.627,1.288,1486.798,97.88,309.953,738,715,2349
739,482404663,1358.193,0.36,54.683,0.62,0.24,1.093,0.706,1.451,1485.058,97.765,309.59,739,807,1582
740,1076780906,1969.546,0.435,54.538,0.476,0.165,0.754,0.487,1.0,1484.819,97.75,309.541,740,981,3261
741,691261787,1614.622,0.399,54.638,0.575,0.201,0.918,0.593,1.218,1481.58,97.536,308.865,741,852,2660
742,1076780992,1196.013,0.328,55.111,1.049,0.272,1.238,0.799,1.642,1480.324,97.454,308.603,742,396,822
743,1036249561,1456.241,0.377,56.428,2.365,0.223,1.016,0.656,1.349,1479.918,97.427,308.519,743,44,2080
744,1072959512,1452.145,0.376,54.984,0.922,0.224,1.019,0.658,1.352,1479.623,97.408,308.457,744,496,2066
745,204950771,1498.754,0.384,53.698,-0.364,0.216,0.987,0.637,1.309,1478.586,97.339,308.241,745,2243,2243
746,1076781000,1058.107,0.293,54.372,0.31,0.307,1.397,0.902,1.854,1477.95,97.297,308.109,746,1264,347
747,1036597414,1195.308,0.329,54.225,0.162,0.271,1.236,0.798,1.64,1477.252,97.252,307.963,747,1531,833
748,1077443335,1002.944,0.277,54.405,0.342,0.323,1.473,0.951,1.954,1476.88,97.227,307.885,748,1209,219
749,666497295,1098.283,0.305,50.665,-3.398,0.295,1.344,0.868,1.783,1475.734,97.152,307.647,749,3497,497
750,1036597480,1262.863,0.344,54.024,-0.038,0.256,1.168,0.754,1.55,1475.263,97.121,307.548,750,1861,1161
751,1077278304,1294.017,0.35,54.563,0.5,0.25,1.138,0.735,1.51,1472.538,96.941,306.98,751,952,1337
752,1072959509,1447.639,0.377,54.986,0.923,0.223,1.015,0.656,1.347,1469.583,96.747,306.364,752,495,2084
753,1029631516,1269.987,0.346,54.436,0.373,0.254,1.157,0.747,1.535,1469.488,96.74,306.344,753,1152,1229
754,1076781150,1527.267,0.389,54.159,0.096,0.211,0.961,0.621,1.275,1467.58,96.615,305.947,754,1650,2401
755,1077038978,1220.605,0.337,55.209,1.146,0.263,1.2,0.775,1.593,1465.256,96.462,305.462,755,336,991
756,842543042,1228.162,0.338,54.226,0.164,0.262,1.192,0.77,1.582,1464.054,96.383,305.212,756,1525,1038
757,1076847166,1625.872,0.403,53.878,-0.184,0.197,0.9,0.581,1.194,1463.281,96.332,305.051,757,2055,2736
758,483053059,1426.765,0.375,54.024,-0.038,0.225,1.025,0.662,1.36,1462.493,96.28,304.886,758,1862,2028
759,1026166978,1466.981,0.382,55.142,1.079,0.218,0.994,0.642,1.32,1458.836,96.039,304.124,759,373,2193
760,666704494,1103.303,0.31,51.253,-2.81,0.29,1.322,0.854,1.754,1458.51,96.018,304.056,760,3376,539
761,1154196290,1423.203,0.375,53.428,-0.635,0.225,1.025,0.662,1.36,1458.419,96.012,304.037,761,2453,2031
762,482404661,1426.495,0.376,55.393,1.33,0.224,1.022,0.66,1.356,1458.167,95.995,303.984,762,254,2048
763,1077278839,1672.337,0.409,54.241,0.179,0.191,0.872,0.563,1.157,1458.049,95.987,303.96,763,1504,2863
764,666704522,1527.05,0.39,51.255,-2.808,0.21,0.955,0.617,1.267,1457.897,95.977,303.928,764,3375,2447
765,497795167,1009.791,0.284,52.835,-1.227,0.316,1.442,0.931,1.913,1455.772,95.837,303.485,765,2755,268
766,1076781115,1517.332,0.39,54.103,0.04,0.21,0.959,0.619,1.273,1455.335,95.809,303.394,766,1736,2411
767,1076781293,2228.275,0.457,54.133,0.071,0.143,0.653,0.422,0.867,1455.034,95.789,303.331,767,1693,3441
768,1076860462,1540.865,0.393,54.199,0.137,0.207,0.944,0.61,1.253,1454.466,95.751,303.213,768,1582,2512
769,1036597525,1370.228,0.367,54.893,0.83,0.233,1.061,0.685,1.408,1453.687,95.7,303.05,769,578,1785
770,1036597505,1282.044,0.351,53.81,-0.252,0.249,1.134,0.732,1.505,1453.629,95.696,303.038,770,2140,1362
771,1036262234,1341.211,0.363,54.656,0.594,0.237,1.082,0.699,1.436,1451.165,95.534,302.525,771,836,1655
772,1036223156,1339.751,0.363,53.841,-0.221,0.237,1.082,0.699,1.436,1449.936,95.453,302.269,772,2090,1654
773,1077038977,1210.498,0.337,55.047,0.985,0.263,1.198,0.774,1.589,1449.859,95.448,302.252,773,453,1003
774,1076669323,2473.696,0.471,54.171,0.109,0.129,0.586,0.378,0.778,1449.374,95.416,302.151,774,1628,3522
775,1077278320,1245.071,0.345,54.503,0.44,0.255,1.164,0.752,1.545,1449.365,95.416,302.149,775,1038,1179
776,1077042036,1388.165,0.371,55.065,1.002,0.229,1.044,0.674,1.385,1448.689,95.371,302.009,776,438,1897
777,1036597459,1290.735,0.354,54.489,0.427,0.246,1.122,0.725,1.489,1448.588,95.364,301.988,777,1051,1427
778,1077443343,1085.872,0.307,54.992,0.929,0.293,1.334,0.861,1.77,1448.21,95.34,301.909,778,488,515
779,1029631465,1393.471,0.372,54.179,0.117,0.228,1.039,0.671,1.379,1448.055,95.329,301.876,779,1614,1933
780,1154398429,1073.214,0.304,52.101,-1.962,0.296,1.349,0.871,1.79,1447.41,95.287,301.742,780,3073,480
781,1036597510,1342.865,0.364,54.254,0.192,0.236,1.076,0.695,1.428,1444.977,95.127,301.235,781,1483,1696
782,1036249556,1505.166,0.39,56.2,2.138,0.21,0.958,0.619,1.272,1442.615,94.971,300.742,782,65,2421
783,1077038967,1248.708,0.347,54.761,0.698,0.253,1.153,0.745,1.53,1440.15,94.809,300.228,783,730,1250
784,1077443353,1328.311,0.362,54.226,0.163,0.238,1.083,0.699,1.437,1438.695,94.713,299.925,784,1528,1645
785,1076847320,1799.139,0.425,54.804,0.742,0.175,0.799,0.516,1.06,1436.928,94.597,299.557,785,673,3134
786,1076860423,1563.344,0.398,54.321,0.259,0.202,0.919,0.593,1.219,1436.392,94.562,299.445,786,1347,2651
787,467788635,987.434,0.281,52.138,-1.924,0.319,1.452,0.938,1.927,1434.245,94.42,298.997,787,3055,256
788,1036262201,1276.355,0.353,54.639,0.577,0.247,1.124,0.726,1.491,1434.165,94.415,298.981,788,850,1416
789,503329540,2279.152,0.462,51.292,-2.77,0.138,0.629,0.406,0.834,1433.18,94.35,298.775,789,3366,3475
790,482770376,1184.008,0.334,54.278,0.216,0.266,1.21,0.781,1.606,1432.786,94.324,298.693,790,1437,947
791,1077038991,1663.121,0.411,55.269,1.207,0.189,0.861,0.556,1.142,1431.204,94.22,298.363,791,301,2906
792,467788650,927.088,0.261,50.903,-3.16,0.339,1.543,0.997,2.048,1430.629,94.182,298.243,792,3463,139
793,1076781196,1550.211,0.398,54.445,0.383,0.202,0.923,0.596,1.224,1430.337,94.163,298.183,793,1134,2628
794,666704493,1090.513,0.313,50.888,-3.175,0.287,1.309,0.845,1.737,1427.467,93.974,297.584,794,3464,578
795,1076780880,1918.741,0.437,54.666,0.604,0.163,0.744,0.48,0.987,1426.86,93.934,297.458,795,824,3286
796,89640143,952.526,0.272,52.051,-2.011,0.328,1.496,0.966,1.985,1425.139,93.821,297.099,796,3098,194
797,1076860377,2099.744,0.451,55.821,1.759,0.149,0.679,0.438,0.901,1424.926,93.807,297.055,797,132,3399
798,1076780930,1845.832,0.431,53.952,-0.111,0.169,0.772,0.498,1.024,1424.52,93.78,296.97,798,1957,3227
799,89640097,910.855,0.257,50.237,-3.825,0.343,1.562,1.009,2.072,1422.535,93.649,296.556,799,3547,123
800,1154643203,1120.854,0.322,54.562,0.5,0.278,1.268,0.819,1.682,1420.865,93.539,296.208,800,954,704
801,1072959508,1447.635,0.385,54.86,0.797,0.215,0.981,0.634,1.302,1420.074,93.487,296.043,801,611,2272
802,1077278820,1517.744,0.395,54.292,0.23,0.205,0.934,0.603,1.239,1417.336,93.307,295.472,802,1406,2570
803,1154430976,903.037,0.256,54.589,0.527,0.344,1.569,1.014,2.083,1417.317,93.306,295.468,803,915,114
804,1036597565,1145.174,0.329,54.486,0.424,0.271,1.237,0.799,1.641,1416.52,93.253,295.302,804,1055,828
805,1076860409,1313.084,0.363,55.55,1.487,0.237,1.078,0.696,1.431,1415.636,93.195,295.118,805,190,1683
806,1077278324,2287.522,0.464,53.817,-0.245,0.136,0.619,0.4,0.821,1415.413,93.18,295.072,806,2127,3487
807,1076669157,1191.571,0.339,54.541,0.478,0.261,1.188,0.767,1.576,1415.349,93.176,295.058,807,976,1068
808,1077039001,1348.508,0.37,54.181,0.119,0.23,1.049,0.678,1.392,1414.697,93.133,294.922,808,1611,1867
809,1026166963,1708.874,0.418,54.762,0.699,0.182,0.828,0.534,1.098,1414.152,93.097,294.809,809,728,3041
810,1077375524,1607.813,0.407,54.612,0.549,0.193,0.879,0.568,1.167,1413.733,93.07,294.721,810,882,2837
811,1076669334,1603.487,0.407,54.268,0.206,0.193,0.881,0.569,1.169,1412.5,92.989,294.464,811,1452,2826
812,1076860473,1292.243,0.36,53.781,-0.282,0.24,1.092,0.705,1.449,1411.322,92.911,294.219,812,2169,1590
813,1153928519,1378.446,0.375,52.531,-1.531,0.225,1.024,0.661,1.358,1411.018,92.891,294.155,813,2885,2039
814,1076860397,1281.806,0.358,53.892,-0.17,0.242,1.101,0.711,1.461,1410.816,92.878,294.113,814,2040,1538
815,483090298,1177.644,0.337,54.206,0.144,0.263,1.198,0.773,1.589,1410.367,92.848,294.019,815,1573,1004
816,1076781197,1514.87,0.396,54.455,0.393,0.204,0.93,0.601,1.234,1409.134,92.767,293.762,816,1113,2590
817,482252865,1544.839,0.4,55.506,1.444,0.2,0.912,0.589,1.21,1408.782,92.744,293.689,817,209,2684
818,1036597432,1739.812,0.423,54.428,0.365,0.177,0.808,0.522,1.073,1406.27,92.579,293.165,818,1165,3106
819,1077375529,1441.551,0.386,54.392,0.33,0.214,0.975,0.63,1.294,1405.41,92.522,292.986,819,1232,2319
820,1077457848,1220.287,0.348,53.685,-0.378,0.252,1.15,0.743,1.527,1403.893,92.422,292.67,820,2258,1270
821,1076781018,1833.004,0.432,54.078,0.016,0.168,0.765,0.494,1.016,1403.112,92.371,292.507,821,1768,3238
822,1076781322,1516.513,0.397,54.217,0.154,0.203,0.924,0.597,1.226,1401.321,92.253,292.134,822,1551,2623
823,1036262244,954.169,0.278,53.157,-0.906,0.322,1.468,0.948,1.948,1400.586,92.204,291.981,823,2618,229
824,483084386,1321.516,0.367,55.283,1.22,0.233,1.06,0.684,1.406,1400.493,92.198,291.961,824,291,1794
825,1077443344,1093.0,0.319,54.662,0.599,0.281,1.281,0.827,1.7,1400.414,92.193,291.945,825,831,671
826,1077443384,1115.136,0.325,52.001,-2.061,0.275,1.255,0.811,1.666,1399.619,92.141,291.779,826,3122,760
827,1077428184,1655.479,0.414,55.417,1.355,0.186,0.845,0.546,1.122,1399.51,92.133,291.756,827,246,2983
828,89640141,908.244,0.262,52.15,-1.913,0.338,1.538,0.993,2.041,1397.139,91.977,291.262,828,3045,142
829,1076781287,1572.331,0.405,53.588,-0.474,0.195,0.888,0.574,1.179,1396.977,91.967,291.228,829,2335,2790
830,1076703103,1620.835,0.411,55.919,1.857,0.189,0.861,0.556,1.142,1395.055,91.84,290.827,830,113,2903
831,666704491,1086.651,0.318,52.413,-1.649,0.282,1.283,0.829,1.703,1394.549,91.807,290.722,831,2941,663
832,1036597668,1081.506,0.317,53.841,-0.222,0.283,1.289,0.833,1.711,1394.51,91.804,290.714,832,2091,637
833,1036526124,1397.5,0.381,54.437,0.375,0.219,0.997,0.644,1.323,1393.622,91.746,290.529,833,1147,2175
834,1036526086,1081.24,0.317,55.179,1.117,0.283,1.288,0.832,1.71,1393.108,91.712,290.422,834,347,644
835,1077039029,1438.509,0.388,54.396,0.334,0.212,0.968,0.625,1.284,1392.032,91.641,290.197,835,1224,2366
836,1076847391,1059.933,0.312,53.792,-0.271,0.288,1.313,0.848,1.742,1391.295,91.593,290.044,836,2157,564
837,1077278338,1697.276,0.42,54.853,0.79,0.18,0.819,0.529,1.087,1389.865,91.499,289.746,837,617,3067
838,1076669346,1715.291,0.422,53.519,-0.544,0.178,0.81,0.523,1.074,1388.714,91.423,289.505,838,2385,3100
839,1036597669,1068.101,0.315,53.9,-0.162,0.285,1.3,0.839,1.725,1388.299,91.395,289.419,839,2033,603
840,1077039057,1615.527,0.412,54.219,0.156,0.188,0.859,0.555,1.14,1387.615,91.35,289.276,840,1546,2915
841,1206051897,863.5,0.248,52.153,-1.909,0.352,1.606,1.037,2.131,1386.428,91.272,289.029,841,3044,88
842,1036262187,1403.234,0.383,54.154,0.092,0.217,0.987,0.638,1.31,1385.22,91.193,288.777,842,1656,2241
843,1036526128,1328.358,0.371,55.036,0.974,0.229,1.042,0.673,1.383,1384.322,91.134,288.59,843,463,1908
844,1077278861,1565.051,0.406,54.158,0.095,0.194,0.884,0.571,1.173,1383.875,91.104,288.497,844,1653,2806
845,1036597674,942.165,0.278,50.401,-3.661,0.322,1.467,0.947,1.947,1382.169,90.992,288.141,845,3529,230
846,1036526143,1275.234,0.362,55.924,1.862,0.238,1.083,0.699,1.437,1380.696,90.895,287.834,846,112,1649
847,1076781097,1876.803,0.439,54.051,-0.012,0.161,0.734,0.474,0.974,1378.183,90.73,287.31,847,1819,3303
848,1077042011,1447.857,0.391,54.562,0.499,0.209,0.951,0.614,1.263,1377.539,90.687,287.176,848,955,2467
849,482166822,1308.104,0.369,53.963,-0.099,0.231,1.052,0.68,1.396,1376.535,90.621,286.966,849,1942,1848
850,1076781274,1387.703,0.382,53.863,-0.199,0.218,0.992,0.641,1.316,1376.468,90.617,286.952,850,2070,2211
851,1036597454,1484.304,0.397,54.596,0.533,0.203,0.926,0.598,1.229,1374.322,90.475,286.505,851,902,2613
852,1076781222,1190.932,0.347,54.078,0.016,0.253,1.153,0.745,1.53,1373.112,90.396,286.253,852,1766,1254
853,1076669108,1231.441,0.355,54.339,0.277,0.245,1.114,0.72,1.479,1372.062,90.327,286.034,853,1320,1471
854,1076847261,957.617,0.286,53.788,-0.275,0.314,1.433,0.925,1.901,1372.038,90.325,286.029,854,2162,284
855,1076669226,1218.669,0.353,54.504,0.441,0.247,1.126,0.727,1.494,1371.902,90.316,286.001,855,1037,1403
856,1076703157,3458.72,0.513,52.423,-1.639,0.087,0.397,0.256,0.526,1371.776,90.308,285.974,856,2930,3595
857,1076703042,1256.673,0.361,54.65,0.587,0.239,1.091,0.705,1.448,1370.945,90.253,285.801,857,843,1597
858,410791891,1321.902,0.372,54.741,0.679,0.228,1.037,0.67,1.376,1370.771,90.242,285.765,858,751,1948
859,1036526091,1601.345,0.412,54.939,0.877,0.188,0.855,0.552,1.135,1369.712,90.172,285.544,859,541,2934
860,1036597615,1213.253,0.352,54.068,0.006,0.248,1.129,0.729,1.498,1369.558,90.162,285.512,860,1787,1389
861,1076780867,1444.212,0.392,55.124,1.062,0.208,0.948,0.612,1.258,1369.5,90.158,285.5,861,385,2487
862,1076703035,985.728,0.295,53.653,-0.41,0.305,1.389,0.897,1.843,1369.317,90.146,285.462,862,2285,373
863,1076847260,957.678,0.286,54.112,0.049,0.314,1.429,0.923,1.896,1368.321,90.08,285.254,863,1724,297
864,1076780934,1295.213,0.368,53.853,-0.21,0.232,1.055,0.682,1.401,1367.035,89.996,284.986,864,2084,1829
865,1029631505,1177.799,0.346,53.184,-0.879,0.254,1.159,0.748,1.538,1365.054,89.865,284.573,865,2606,1218
866,1076781125,1573.94,0.41,54.492,0.43,0.19,0.867,0.56,1.151,1364.667,89.84,284.492,866,1048,2883
867,1076669439,1394.49,0.385,55.085,1.022,0.215,0.979,0.632,1.299,1364.649,89.839,284.489,867,417,2291
868,1076669112,1252.641,0.361,54.228,0.165,0.239,1.089,0.703,1.445,1364.297,89.815,284.415,868,1522,1606
869,1036231396,1392.509,0.385,54.411,0.349,0.215,0.979,0.632,1.299,1363.568,89.767,284.263,869,1198,2287
870,1076669141,1156.483,0.341,54.738,0.676,0.259,1.178,0.761,1.564,1362.772,89.715,284.097,870,756,1111
871,1164090414,1240.628,0.359,53.917,-0.146,0.241,1.098,0.709,1.458,1362.679,89.709,284.078,871,2015,1555
872,1076669310,1170.779,0.345,53.876,-0.187,0.255,1.164,0.752,1.544,1362.451,89.694,284.03,872,2059,1182
873,1036597574,1531.497,0.405,53.983,-0.079,0.195,0.889,0.574,1.18,1362.041,89.667,283.945,873,1914,2783
874,1077278358,1457.497,0.395,54.065,0.003,0.205,0.935,0.604,1.24,1362.034,89.666,283.944,874,1795,2562
875,1076781028,1499.823,0.401,54.048,-0.015,0.199,0.908,0.586,1.204,1361.315,89.619,283.794,875,1824,2703
876,1076669440,1448.751,0.394,55.074,1.011,0.206,0.938,0.606,1.245,1359.632,89.508,283.443,876,429,2539
877,483051906,1304.276,0.372,54.417,0.355,0.228,1.041,0.672,1.381,1357.586,89.374,283.016,877,1188,1917
878,1036597461,1500.289,0.402,53.872,-0.191,0.198,0.904,0.584,1.199,1355.721,89.251,282.627,878,2064,2721
879,1076860490,2149.184,0.462,54.558,0.496,0.138,0.631,0.407,0.837,1355.625,89.244,282.607,879,961,3472
880,1153095799,1196.387,0.351,52.5,-1.562,0.249,1.133,0.731,1.503,1355.125,89.212,282.503,880,2899,1367
881,1076703159,3079.902,0.503,53.364,-0.699,0.097,0.44,0.284,0.584,1354.618,89.178,282.398,881,2497,3588
882,1077042071,1132.386,0.338,53.9,-0.162,0.262,1.196,0.772,1.587,1354.492,89.17,282.371,882,2035,1017
883,666497297,1026.852,0.311,51.825,-2.238,0.289,1.319,0.852,1.75,1354.442,89.167,282.361,883,3185,547
884,1076781206,1078.527,0.324,53.614,-0.449,0.276,1.256,0.811,1.666,1354.356,89.161,282.343,884,2316,756
885,1076847264,957.667,0.29,53.656,-0.406,0.31,1.412,0.912,1.874,1352.688,89.051,281.995,885,2283,321
886,1036262202,1276.571,0.367,54.507,0.445,0.233,1.06,0.684,1.406,1352.686,89.051,281.995,886,1028,1796
887,1156504635,1169.464,0.346,52.646,-1.417,0.254,1.156,0.747,1.534,1351.964,89.003,281.844,887,2837,1237
888,1076781053,1234.961,0.36,53.435,-0.628,0.24,1.093,0.706,1.45,1349.676,88.853,281.367,888,2444,1587
889,1036597448,1637.651,0.419,53.156,-0.907,0.181,0.824,0.532,1.093,1348.883,88.801,281.202,889,2622,3053
890,1077376108,1787.153,0.434,54.895,0.833,0.166,0.755,0.487,1.001,1348.691,88.788,281.162,890,574,3259
891,483123052,1571.896,0.412,54.307,0.245,0.188,0.858,0.554,1.138,1348.582,88.781,281.139,891,1380,2918
892,1036262225,1203.816,0.354,54.534,0.471,0.246,1.12,0.723,1.486,1348.281,88.761,281.076,892,987,1442
893,1076847356,1339.305,0.379,54.992,0.93,0.221,1.006,0.649,1.334,1346.788,88.663,280.765,893,487,2140
894,1076781005,1426.961,0.393,54.111,0.048,0.207,0.943,0.609,1.251,1345.618,88.586,280.521,894,1727,2518
895,483107641,1196.805,0.353,54.384,0.321,0.247,1.124,0.726,1.492,1345.345,88.568,280.464,895,1247,1413
896,1392676938,1374.097,0.385,52.934,-1.129,0.215,0.979,0.632,1.298,1344.569,88.517,280.302,896,2705,2293
897,1076781172,1353.654,0.382,55.386,1.323,0.218,0.993,0.641,1.317,1343.827,88.468,280.148,897,258,2205
898,1076847262,957.559,0.292,54.0,-0.062,0.308,1.403,0.906,1.861,1343.183,88.425,280.014,898,1892,339
899,1076847164,1061.419,0.322,53.899,-0.164,0.278,1.265,0.817,1.678,1342.481,88.379,279.867,899,2036,717
900,1036597428,1463.649,0.399,53.731,-0.332,0.201,0.917,0.592,1.216,1341.745,88.331,279.714,900,2211,2662
901,1036597528,1296.223,0.373,54.386,0.323,0.227,1.034,0.668,1.372,1340.087,88.222,279.368,901,1241,1964
902,1076669142,1412.139,0.392,54.743,0.681,0.208,0.949,0.613,1.259,1339.689,88.195,279.285,902,750,2483
903,1076781147,1562.872,0.412,54.287,0.225,0.188,0.856,0.553,1.136,1338.254,88.101,278.986,903,1419,2926
904,1076847390,969.377,0.297,53.62,-0.442,0.303,1.379,0.891,1.83,1336.845,88.008,278.692,904,2310,401
905,1076669356,1263.726,0.368,53.358,-0.705,0.232,1.058,0.683,1.404,1336.686,87.998,278.659,905,2503,1810
906,1036262216,1310.571,0.376,54.334,0.272,0.224,1.019,0.658,1.353,1335.824,87.941,278.479,906,1330,2064
907,1077038990,1260.435,0.367,55.427,1.364,0.233,1.06,0.684,1.406,1335.777,87.938,278.47,907,241,1793
908,1077443390,1122.637,0.339,53.399,-0.663,0.261,1.19,0.768,1.579,1335.63,87.928,278.439,908,2473,1052
909,1036597569,1069.864,0.326,54.016,-0.047,0.274,1.248,0.806,1.657,1335.581,87.925,278.429,909,1869,788
910,1076781180,1268.497,0.369,54.458,0.395,0.231,1.051,0.679,1.395,1333.308,87.775,277.955,910,1107,1857
911,1076860440,1237.371,0.364,53.309,-0.753,0.236,1.076,0.695,1.429,1332.016,87.69,277.686,911,2529,1694
912,1076781303,1865.752,0.444,54.294,0.231,0.156,0.713,0.46,0.946,1330.18,87.569,277.303,912,1402,3349
913,1154207949,1680.107,0.426,54.001,-0.062,0.174,0.791,0.511,1.049,1328.491,87.458,276.951,913,1890,3171
914,1076781278,1993.991,0.454,53.041,-1.022,0.146,0.666,0.43,0.884,1327.692,87.406,276.784,914,2665,3425
915,1036597566,1404.851,0.393,54.398,0.335,0.207,0.945,0.61,1.253,1326.936,87.356,276.627,915,1219,2509
916,1077278891,1575.971,0.415,53.743,-0.319,0.185,0.841,0.543,1.117,1326.156,87.304,276.464,916,2198,3001
917,1076847263,957.603,0.296,53.94,-0.122,0.304,1.384,0.894,1.837,1325.575,87.266,276.343,917,1978,385
918,1036526123,1429.129,0.397,54.242,0.179,0.203,0.927,0.598,1.23,1324.3,87.182,276.077,918,1500,2609
919,1076847333,1658.034,0.425,54.567,0.505,0.175,0.799,0.516,1.06,1324.223,87.177,276.061,919,949,3135
920,1077278834,1622.584,0.421,54.843,0.78,0.179,0.816,0.527,1.083,1323.627,87.138,275.937,920,631,3080
921,483476271,1094.192,0.335,53.982,-0.081,0.265,1.207,0.779,1.602,1320.706,86.946,275.328,921,1920,966
922,1036597498,1691.514,0.429,54.076,0.014,0.171,0.781,0.504,1.036,1320.593,86.938,275.304,922,1770,3191
923,1036597476,1123.471,0.342,54.844,0.782,0.258,1.174,0.758,1.558,1319.189,86.846,275.012,923,629,1135
924,482497276,1466.899,0.403,54.523,0.461,0.197,0.899,0.581,1.193,1319.012,86.834,274.975,924,1009,2740
925,1077039045,1268.164,0.372,53.388,-0.674,0.228,1.04,0.672,1.38,1318.834,86.822,274.938,925,2485,1925
926,427630723,1183.171,0.356,54.549,0.486,0.244,1.114,0.719,1.478,1318.148,86.777,274.795,926,969,1473
927,483098603,1347.955,0.385,53.996,-0.066,0.215,0.978,0.631,1.297,1317.784,86.753,274.719,927,1901,2301
928,666273783,1122.728,0.343,51.905,-2.157,0.257,1.173,0.758,1.557,1317.265,86.719,274.61,928,3152,1137
929,1036526090,1162.756,0.351,54.958,0.895,0.249,1.133,0.731,1.503,1316.93,86.697,274.541,929,518,1369
930,1036262245,954.271,0.297,52.902,-1.16,0.303,1.38,0.891,1.831,1316.779,86.687,274.509,930,2720,397
931,1076781219,1397.38,0.393,54.426,0.363,0.207,0.942,0.608,1.25,1316.384,86.661,274.427,931,1172,2525
932,1077038971,1287.18,0.376,54.675,0.613,0.224,1.022,0.66,1.356,1315.176,86.582,274.175,932,817,2052
933,842543039,1272.127,0.374,53.757,-0.306,0.226,1.031,0.666,1.369,1312.141,86.382,273.542,933,2188,1976
934,1076780999,1492.16,0.407,54.542,0.48,0.193,0.879,0.568,1.166,1311.479,86.338,273.404,934,974,2840
935,1154654148,1949.979,0.453,52.801,-1.262,0.147,0.672,0.434,0.891,1309.581,86.213,273.009,935,2773,3416
936,1076847266,898.261,0.28,53.992,-0.07,0.32,1.458,0.941,1.935,1309.508,86.208,272.993,936,1909,248
937,1077443402,1247.77,0.37,53.981,-0.082,0.23,1.048,0.677,1.391,1307.65,86.086,272.606,937,1922,1874
938,1077443376,970.142,0.305,54.44,0.378,0.295,1.346,0.869,1.786,1305.688,85.957,272.197,938,1142,489
939,1036262215,1223.794,0.366,54.888,0.826,0.234,1.066,0.689,1.415,1305.023,85.913,272.058,939,583,1750
940,1076669147,1714.027,0.433,54.149,0.087,0.167,0.761,0.492,1.01,1304.859,85.902,272.024,940,1664,3246
941,1076669347,2107.965,0.464,53.437,-0.625,0.136,0.619,0.399,0.821,1303.864,85.837,271.817,941,2440,3488
942,1077428177,1907.324,0.45,54.983,0.92,0.15,0.683,0.441,0.907,1303.044,85.783,271.646,942,500,3390
943,1077443410,1257.266,0.373,55.553,1.49,0.227,1.036,0.669,1.374,1302.191,85.727,271.468,943,189,1956
944,1392676936,1111.847,0.343,52.846,-1.217,0.257,1.17,0.756,1.553,1301.297,85.668,271.282,944,2746,1153
945,1076847392,960.513,0.303,54.366,0.304,0.297,1.355,0.875,1.798,1301.13,85.657,271.247,945,1272,459
946,1076860457,1152.023,0.352,55.047,0.985,0.248,1.128,0.729,1.497,1299.726,85.564,270.954,946,454,1393
947,1076860363,883.779,0.277,53.351,-0.712,0.323,1.47,0.949,1.95,1298.92,85.511,270.786,947,2509,224
948,1076860497,925.23,0.292,54.323,0.261,0.308,1.402,0.906,1.861,1297.574,85.423,270.506,948,1343,340
949,1077443347,1176.6,0.358,54.665,0.603,0.242,1.103,0.712,1.463,1297.291,85.404,270.447,949,827,1526
950,1077278262,1313.045,0.383,53.775,-0.287,0.217,0.987,0.638,1.31,1296.396,85.345,270.26,950,2176,2240
951,1154416554,1204.407,0.364,53.222,-0.841,0.236,1.076,0.695,1.428,1295.676,85.298,270.11,951,2576,1698
952,1076860323,1007.24,0.318,55.657,1.594,0.282,1.286,0.83,1.706,1295.199,85.266,270.01,952,156,656
953,1036597658,888.658,0.28,54.759,0.697,0.32,1.457,0.941,1.933,1294.724,85.235,269.911,953,732,249
954,1076781216,1373.104,0.393,54.19,0.128,0.207,0.943,0.609,1.251,1294.415,85.215,269.847,954,1599,2520
955,1036597581,2414.975,0.482,54.547,0.484,0.118,0.536,0.346,0.711,1294.262,85.205,269.815,955,971,3557
956,1076703059,1180.127,0.359,55.078,1.015,0.241,1.096,0.708,1.455,1293.934,85.183,269.747,956,426,1567
957,1077278847,1350.117,0.39,54.527,0.464,0.21,0.958,0.618,1.271,1292.839,85.111,269.519,957,999,2425
958,1076847151,1407.198,0.398,54.347,0.285,0.202,0.919,0.593,1.219,1292.679,85.101,269.485,958,1305,2653
959,1077039063,1422.538,0.401,53.708,-0.354,0.199,0.908,0.586,1.205,1291.323,85.011,269.202,959,2234,2702
960,1077278296,1159.184,0.356,53.919,-0.143,0.244,1.114,0.719,1.478,1290.994,84.99,269.134,960,2010,1476
961,1029631503,1140.235,0.352,54.146,0.083,0.248,1.132,0.731,1.502,1290.228,84.939,268.974,961,1675,1371
962,1076780995,1019.316,0.322,53.543,-0.519,0.278,1.265,0.817,1.679,1289.572,84.896,268.837,962,2369,715
963,842543063,1002.226,0.318,54.409,0.347,0.282,1.286,0.831,1.707,1288.936,84.854,268.705,963,1201,655
964,483066850,978.694,0.312,54.223,0.161,0.288,1.311,0.847,1.74,1283.056,84.467,267.479,964,1535,571
965,1036597456,1090.333,0.342,54.586,0.523,0.258,1.175,0.759,1.559,1280.956,84.329,267.041,965,921,1131
966,1076860341,1532.496,0.417,55.368,1.305,0.183,0.836,0.54,1.109,1280.471,84.297,266.94,966,265,3018
967,1077375452,1143.641,0.354,54.385,0.322,0.246,1.119,0.723,1.485,1280.201,84.279,266.884,967,1244,1444
968,1036597445,1506.65,0.414,53.503,-0.56,0.186,0.849,0.548,1.127,1279.605,84.24,266.76,968,2399,2962
969,1076703170,1499.379,0.413,53.612,-0.45,0.187,0.853,0.551,1.132,1278.65,84.177,266.56,969,2319,2949
970,1076669192,1101.982,0.345,55.135,1.073,0.255,1.16,0.749,1.539,1278.362,84.158,266.5,970,377,1208
971,1076669218,1121.644,0.35,54.63,0.567,0.25,1.139,0.736,1.512,1277.814,84.122,266.386,971,862,1331
972,1076669189,927.222,0.298,54.429,0.367,0.302,1.378,0.89,1.829,1277.782,84.12,266.379,972,1163,403
973,1036262222,1057.757,0.335,54.808,0.746,0.265,1.208,0.78,1.603,1277.674,84.113,266.357,973,667,961
974,666497299,1117.805,0.349,51.124,-2.939,0.251,1.143,0.738,1.517,1277.493,84.101,266.319,974,3410,1311
975,482765113,1669.659,0.432,54.451,0.389,0.168,0.764,0.493,1.014,1275.424,83.965,265.888,975,1121,3241
976,1076860398,1235.88,0.374,53.451,-0.611,0.226,1.031,0.666,1.368,1274.323,83.892,265.658,976,2431,1982
977,1077443395,1002.927,0.322,54.66,0.597,0.278,1.269,0.819,1.683,1272.294,83.759,265.235,977,832,698
978,1076781200,1112.496,0.349,54.219,0.156,0.251,1.143,0.738,1.517,1271.664,83.717,265.104,978,1545,1310
979,1076780998,1023.304,0.327,54.623,0.56,0.273,1.243,0.802,1.649,1271.575,83.711,265.086,979,870,805
980,483107639,1044.645,0.333,54.472,0.41,0.267,1.216,0.785,1.614,1270.454,83.637,264.852,980,1076,921
981,1076781242,1280.442,0.382,54.356,0.294,0.218,0.992,0.641,1.316,1270.131,83.616,264.785,981,1290,2210
982,1036262200,1276.73,0.382,54.674,0.612,0.218,0.994,0.642,1.319,1269.134,83.551,264.577,982,818,2197
983,1077042068,1046.056,0.334,54.307,0.244,0.266,1.213,0.783,1.61,1268.997,83.542,264.548,983,1383,930
984,1153095770,1098.558,0.347,52.641,-1.421,0.253,1.155,0.746,1.533,1268.872,83.533,264.522,984,2840,1244
985,1077457852,1193.575,0.367,52.68,-1.382,0.233,1.063,0.686,1.411,1268.744,83.525,264.495,985,2826,1776
986,467788636,977.826,0.316,52.685,-1.377,0.284,1.296,0.837,1.72,1267.587,83.449,264.254,986,2823,614
987,1076781060,1150.641,0.358,53.748,-0.314,0.242,1.101,0.711,1.461,1266.68,83.389,264.065,987,2195,1536
988,1077039074,1217.431,0.372,54.264,0.201,0.228,1.04,0.672,1.38,1265.998,83.344,263.923,988,1457,1927
989,1076847316,1669.134,0.434,55.083,1.021,0.166,0.758,0.49,1.006,1265.887,83.337,263.9,989,418,3253
990,1154399357,1110.759,0.35,51.601,-2.462,0.25,1.139,0.736,1.512,1265.202,83.292,263.757,990,3271,1333
991,1076781276,1097.838,0.347,52.806,-1.256,0.253,1.152,0.744,1.529,1265.137,83.287,263.743,991,2769,1258
992,1076781199,1170.454,0.363,54.203,0.14,0.237,1.08,0.698,1.433,1264.374,83.237,263.584,992,1579,1669
993,1076669259,1469.878,0.411,53.862,-0.201,0.189,0.86,0.555,1.141,1264.257,83.229,263.56,993,2073,2910
994,1077376125,1503.026,0.416,55.404,1.341,0.184,0.84,0.543,1.115,1263.068,83.151,263.312,994,252,3003
995,1036526137,1469.734,0.411,55.826,1.764,0.189,0.859,0.555,1.14,1262.614,83.121,263.217,995,131,2914
996,1036597630,1069.984,0.341,54.533,0.471,0.259,1.18,0.762,1.566,1262.351,83.104,263.163,996,988,1103
997,467788649,756.233,0.234,49.936,-4.126,0.366,1.669,1.078,2.215,1262.108,83.088,263.112,997,3576,66
998,1077278347,1180.493,0.365,54.618,0.556,0.235,1.069,0.69,1.418,1261.711,83.062,263.029,998,875,1736
999,1077443342,1298.239,0.387,55.165,1.102,0.213,0.971,0.627,1.289,1261.192,83.028,262.921,999,351,2339
1000,1076781158,1369.921,0.398,53.855,-0.207,0.202,0.921,0.595,1.222,1261.159,83.026,262.914,1000,2081,2636
1001,1036262214,1223.789,0.374,54.885,0.823,0.226,1.029,0.664,1.365,1258.809,82.871,262.424,1001,589,2000
1002,1036597470,1374.842,0.399,53.851,-0.211,0.201,0.914,0.591,1.213,1257.149,82.762,262.078,1002,2085,2672
1003,1026166990,2084.8,0.468,53.952,-0.111,0.132,0.603,0.389,0.8,1256.484,82.718,261.939,1003,1958,3507
1004,1077039051,1410.591,0.405,54.594,0.532,0.195,0.889,0.574,1.18,1254.584,82.593,261.543,1004,903,2782
1005,1076669179,1157.679,0.362,54.909,0.847,0.238,1.083,0.699,1.437,1253.594,82.527,261.337,1005,566,1647
1006,633556096,1006.049,0.327,54.703,0.64,0.273,1.244,0.803,1.65,1251.224,82.371,260.843,1006,791,801
1007,1076847157,1001.71,0.326,54.108,0.045,0.274,1.249,0.807,1.657,1251.054,82.36,260.807,1007,1731,784
1008,1076780911,1608.503,0.429,54.221,0.158,0.171,0.777,0.502,1.031,1250.071,82.296,260.603,1008,1542,3208
1009,1077443357,1359.044,0.398,54.634,0.572,0.202,0.919,0.594,1.22,1249.406,82.252,260.464,1009,856,2648
1010,1076847300,974.805,0.319,54.018,-0.044,0.281,1.281,0.827,1.7,1248.58,82.197,260.292,1010,1867,672
1011,1036597527,1280.485,0.386,54.259,0.197,0.214,0.975,0.63,1.294,1248.176,82.171,260.208,1011,1469,2320
1012,1076847269,898.364,0.296,53.884,-0.178,0.304,1.387,0.896,1.84,1245.874,82.019,259.728,1012,2047,377
1013,1076669843,1178.622,0.368,54.693,0.631,0.232,1.057,0.682,1.402,1245.305,81.982,259.609,1013,801,1818
1014,1036526088,1342.305,0.396,54.826,0.764,0.204,0.928,0.599,1.231,1245.075,81.967,259.561,1014,652,2607
1015,1077278796,1267.244,0.385,54.537,0.475,0.215,0.981,0.634,1.302,1243.782,81.882,259.291,1015,984,2267
1016,1077042037,1151.58,0.363,55.132,1.069,0.237,1.079,0.697,1.432,1243.088,81.836,259.147,1016,382,1672
1017,1076847215,1181.938,0.369,54.878,0.815,0.231,1.052,0.679,1.396,1242.956,81.827,259.119,1017,594,1851
1018,1036597482,1229.226,0.378,54.226,0.163,0.222,1.011,0.653,1.341,1242.339,81.787,258.991,1018,1530,2122
1019,1076847216,1271.317,0.386,54.795,0.733,0.214,0.976,0.631,1.296,1241.437,81.727,258.803,1019,685,2311
1020,1076847265,957.574,0.316,53.698,-0.365,0.284,1.296,0.837,1.72,1241.345,81.721,258.784,1020,2244,613
1021,1076669063,991.026,0.325,55.474,1.412,0.275,1.252,0.809,1.662,1241.014,81.699,258.714,1021,217,775
1022,1029559981,1139.506,0.361,53.554,-0.509,0.239,1.088,0.703,1.444,1240.095,81.639,258.523,1022,2364,1611
1023,1076847179,1194.412,0.372,54.312,0.249,0.228,1.037,0.67,1.376,1238.655,81.544,258.223,1023,1371,1947
1024,1076847273,898.228,0.297,53.229,-0.834,0.303,1.379,0.89,1.83,1238.428,81.529,258.175,1024,2570,402
1025,1153112584,1062.066,0.344,53.856,-0.207,0.256,1.166,0.753,1.547,1238.365,81.525,258.162,1025,2080,1172
1026,1036526071,1358.583,0.4,54.941,0.878,0.2,0.911,0.588,1.209,1237.825,81.489,258.05,1026,535,2689
1027,1036597547,1459.629,0.414,53.393,-0.67,0.186,0.848,0.548,1.125,1237.524,81.47,257.987,1027,2481,2967
1028,1154174291,780.703,0.252,53.458,-0.605,0.348,1.585,1.024,2.103,1237.498,81.468,257.981,1028,2427,103
1029,1036597513,1636.937,0.434,54.167,0.105,0.166,0.756,0.488,1.003,1237.401,81.461,257.961,1029,1636,3257
1030,1076860311,875.734,0.29,52.425,-1.637,0.31,1.413,0.912,1.875,1237.376,81.46,257.956,1030,2927,319
1031,1077278277,983.579,0.324,54.806,0.743,0.276,1.257,0.812,1.668,1236.586,81.408,257.791,1031,669,752
1032,410932385,948.921,0.314,54.793,0.731,0.286,1.303,0.841,1.729,1236.19,81.382,257.709,1032,686,595
1033,1076860425,1165.558,0.367,54.296,0.233,0.233,1.06,0.685,1.407,1235.957,81.366,257.66,1033,1398,1789
1034,1036597641,1916.822,0.459,53.866,-0.196,0.141,0.645,0.416,0.855,1235.595,81.343,257.585,1034,2068,3456
1035,1076669316,1136.8,0.362,53.983,-0.08,0.238,1.086,0.701,1.441,1234.409,81.264,257.337,1035,1916,1623
1036,1076860329,1833.373,0.452,54.785,0.722,0.148,0.673,0.435,0.893,1233.983,81.236,257.249,1036,702,3412
1037,1036597631,1199.651,0.374,54.176,0.114,0.226,1.028,0.664,1.364,1233.293,81.191,257.105,1037,1622,2002
1038,1076669106,1035.434,0.339,54.371,0.309,0.261,1.19,0.769,1.579,1232.358,81.129,256.91,1038,1266,1048
1039,1076780879,1528.195,0.423,54.93,0.867,0.177,0.806,0.521,1.07,1232.066,81.11,256.849,1039,547,3111
1040,842543040,1353.504,0.4,53.575,-0.487,0.2,0.91,0.588,1.208,1231.883,81.098,256.811,1040,2348,2693
1041,483053058,889.631,0.296,54.151,0.089,0.304,1.385,0.894,1.837,1231.824,81.094,256.799,1041,1660,383
1042,1076669251,1202.798,0.375,54.542,0.48,0.225,1.023,0.661,1.358,1230.912,81.034,256.608,1042,973,2041
1043,1076847180,1130.333,0.361,54.149,0.086,0.239,1.089,0.703,1.445,1230.441,81.003,256.51,1043,1667,1610
1044,1076847217,1324.95,0.396,54.859,0.797,0.204,0.928,0.6,1.232,1230.113,80.982,256.442,1044,613,2600
1045,1076669420,1099.623,0.355,54.295,0.232,0.245,1.118,0.722,1.484,1229.894,80.967,256.396,1045,1401,1448
1046,1076781081,1234.763,0.381,54.042,-0.021,0.219,0.996,0.643,1.321,1229.612,80.949,256.337,1046,1834,2188
1047,431430462,1013.028,0.334,54.216,0.153,0.266,1.214,0.784,1.61,1229.424,80.936,256.298,1047,1556,929
1048,1076860312,875.745,0.292,53.465,-0.597,0.308,1.403,0.906,1.862,1228.751,80.892,256.158,1048,2424,335
1049,1154181072,1119.891,0.359,52.525,-1.538,0.241,1.097,0.708,1.455,1228.295,80.862,256.063,1049,2888,1565
1050,1076781121,1175.118,0.371,54.194,0.132,0.229,1.043,0.674,1.385,1226.142,80.72,255.614,1050,1591,1898
1051,1077042047,1131.883,0.362,53.595,-0.468,0.238,1.083,0.699,1.437,1225.361,80.669,255.451,1051,2334,1651
1052,483051905,1419.333,0.411,54.037,-0.025,0.189,0.863,0.557,1.146,1225.216,80.659,255.421,1052,1844,2893
1053,1036597460,1261.985,0.387,54.449,0.387,0.213,0.971,0.627,1.288,1225.15,80.655,255.407,1053,1125,2345
1054,1036262219,1291.107,0.392,54.514,0.451,0.208,0.949,0.613,1.259,1225.011,80.646,255.378,1054,1020,2479
1055,1077042062,1600.118,0.432,55.089,1.027,0.168,0.765,0.494,1.015,1224.164,80.59,255.202,1055,414,3239
1056,1076847255,718.335,0.226,52.082,-1.981,0.374,1.704,1.1,2.261,1223.942,80.575,255.155,1056,3082,56
1057,1076847272,898.287,0.301,54.067,0.005,0.299,1.361,0.879,1.807,1222.938,80.509,254.946,1057,1790,438
1058,1076781245,1321.501,0.397,53.219,-0.843,0.203,0.925,0.598,1.228,1222.723,80.495,254.901,1058,2577,2616
1059,1076669340,1407.814,0.41,54.23,0.168,0.19,0.868,0.56,1.152,1221.766,80.432,254.702,1059,1517,2876
1060,1076669174,1264.427,0.388,55.209,1.147,0.212,0.966,0.624,1.281,1221.041,80.384,254.551,1060,335,2373
1061,1076669388,2062.447,0.47,54.242,0.179,0.13,0.592,0.382,0.785,1220.689,80.361,254.477,1061,1501,3517
1062,842543017,2411.754,0.489,53.602,-0.461,0.111,0.506,0.327,0.672,1220.508,80.349,254.44,1062,2330,3569
1063,482404656,932.808,0.313,54.7,0.637,0.287,1.308,0.845,1.736,1220.395,80.342,254.416,1063,795,580
1064,1076703152,1276.472,0.39,56.075,2.013,0.21,0.955,0.617,1.267,1219.037,80.252,254.133,1064,82,2444
1065,1076781017,1073.162,0.351,54.069,0.007,0.249,1.136,0.733,1.507,1218.703,80.231,254.063,1065,1783,1352
1066,633556105,1043.617,0.344,55.004,0.941,0.256,1.168,0.754,1.55,1218.595,80.223,254.041,1066,480,1163
1067,483107638,1039.379,0.343,54.069,0.007,0.257,1.172,0.757,1.555,1217.703,80.165,253.855,1067,1783,1145
1068,1076847271,898.067,0.303,54.15,0.088,0.297,1.354,0.875,1.797,1216.117,80.06,253.524,1068,1661,463
1069,666497300,1079.959,0.353,50.188,-3.874,0.247,1.125,0.727,1.493,1215.178,79.998,253.328,1069,3553,1406
1070,1077278825,1014.338,0.337,54.075,0.013,0.263,1.198,0.774,1.589,1214.974,79.985,253.286,1070,1772,1002
1071,1076781047,1359.543,0.404,54.295,0.232,0.196,0.893,0.577,1.185,1214.067,79.925,253.097,1071,1400,2765
1072,503329537,930.241,0.314,54.039,-0.023,0.286,1.304,0.842,1.731,1213.128,79.864,252.901,1072,1841,590
1073,1077278859,1100.137,0.358,54.178,0.115,0.242,1.102,0.712,1.463,1212.862,79.846,252.846,1073,1618,1527
1074,1154208185,1075.671,0.353,53.431,-0.631,0.247,1.127,0.728,1.495,1212.244,79.805,252.717,1074,2447,1400
1075,1036526140,1260.188,0.389,56.283,2.22,0.211,0.962,0.621,1.276,1212.083,79.795,252.683,1075,57,2393
1076,1029631469,841.642,0.284,53.566,-0.497,0.316,1.439,0.929,1.909,1210.73,79.706,252.401,1076,2353,273
1077,1076781221,1206.09,0.38,54.262,0.2,0.22,1.004,0.648,1.332,1210.661,79.701,252.387,1077,1463,2148
1078,1076669122,1063.632,0.35,54.758,0.696,0.25,1.138,0.735,1.51,1210.045,79.661,252.258,1078,734,1339
1079,1036526085,1158.137,0.371,55.163,1.101,0.229,1.043,0.673,1.384,1207.709,79.507,251.771,1079,355,1902
1080,1076860464,1528.018,0.427,54.127,0.064,0.173,0.79,0.51,1.049,1207.616,79.501,251.752,1080,1702,3173
1081,1076860309,875.892,0.298,53.634,-0.428,0.302,1.378,0.89,1.829,1207.044,79.463,251.633,1081,2299,404
1082,1077278308,1099.467,0.359,54.238,0.175,0.241,1.098,0.709,1.457,1206.923,79.455,251.608,1082,1511,1560
1083,666497298,1087.904,0.357,50.854,-3.209,0.243,1.109,0.716,1.472,1206.542,79.43,251.528,1083,3472,1497
1084,1076669178,1070.915,0.353,55.28,1.217,0.247,1.125,0.727,1.493,1204.734,79.311,251.151,1084,293,1407
1085,1077443389,1006.19,0.337,52.03,-2.033,0.263,1.197,0.773,1.588,1204.266,79.28,251.054,1085,3106,1010
1086,1076860342,1815.774,0.455,55.327,1.265,0.145,0.663,0.428,0.88,1203.712,79.244,250.938,1086,276,3430
1087,1076703156,1271.114,0.392,55.468,1.406,0.208,0.947,0.612,1.257,1203.692,79.242,250.934,1087,220,2498
1088,1076781032,1386.67,0.41,54.06,-0.003,0.19,0.868,0.56,1.151,1202.968,79.195,250.783,1088,1810,2879
1089,483087103,1188.083,0.378,54.835,0.773,0.222,1.012,0.654,1.343,1202.75,79.18,250.738,1089,642,2111
1090,1076703155,1303.055,0.398,55.302,1.24,0.202,0.923,0.596,1.224,1202.294,79.15,250.642,1090,286,2627
1091,1076847142,1440.127,0.417,53.862,-0.2,0.183,0.834,0.539,1.107,1201.193,79.078,250.413,1091,2072,3023
1092,1036597612,1611.003,0.437,54.126,0.063,0.163,0.745,0.481,0.988,1199.791,78.985,250.121,1092,1704,3283
1093,1076860310,875.868,0.299,52.754,-1.308,0.301,1.37,0.884,1.817,1199.56,78.97,250.072,1093,2790,424
1094,1076847348,1636.692,0.439,53.97,-0.092,0.161,0.733,0.473,0.973,1199.489,78.966,250.058,1094,1937,3305
1095,1029631464,1538.731,0.429,54.186,0.123,0.171,0.779,0.503,1.034,1198.769,78.918,249.908,1095,1605,3199
1096,1076669061,852.524,0.292,55.887,1.825,0.308,1.405,0.908,1.865,1198.216,78.882,249.792,1096,121,330
1097,1036597540,977.584,0.331,55.348,1.285,0.269,1.225,0.791,1.626,1198.0,78.868,249.747,1097,270,874
1098,1077042032,1145.052,0.37,53.96,-0.103,0.23,1.046,0.675,1.388,1197.678,78.846,249.68,1098,1951,1888
1099,842543012,730.751,0.24,53.72,-0.342,0.36,1.638,1.058,2.174,1197.278,78.82,249.597,1099,2218,76
1100,1076781307,1180.965,0.378,53.91,-0.152,0.222,1.014,0.655,1.345,1197.26,78.819,249.593,1100,2021,2100
1101,117601145,1163.716,0.374,54.463,0.401,0.226,1.028,0.664,1.364,1195.974,78.734,249.325,1101,1095,2008
1102,1077278832,954.329,0.325,53.921,-0.141,0.275,1.253,0.809,1.662,1195.359,78.694,249.197,1102,2005,771
1103,1076669314,1253.589,0.391,53.839,-0.224,0.209,0.953,0.616,1.265,1195.213,78.684,249.166,1103,2092,2455
1104,1076669287,893.711,0.307,54.146,0.084,0.293,1.337,0.864,1.775,1195.119,78.678,249.147,1104,1672,509
1105,1036526141,1252.23,0.391,56.308,2.245,0.209,0.954,0.616,1.266,1194.48,78.636,249.013,1105,53,2453
1106,483092093,991.132,0.336,53.929,-0.133,0.264,1.204,0.777,1.597,1192.883,78.531,248.681,1106,1995,983
1107,1077042043,1685.851,0.445,53.744,-0.318,0.155,0.707,0.456,0.938,1191.641,78.449,248.422,1107,2196,3356
1108,633556048,1284.311,0.397,54.562,0.499,0.203,0.927,0.599,1.231,1190.92,78.401,248.271,1108,956,2608
1109,497795168,908.213,0.313,52.991,-1.071,0.287,1.31,0.846,1.738,1189.504,78.308,247.976,1109,2684,576
1110,1077042038,1844.588,0.458,54.493,0.431,0.142,0.645,0.416,0.856,1189.481,78.307,247.971,1110,1046,3455
1111,1036231426,1087.183,0.36,52.366,-1.696,0.24,1.094,0.706,1.452,1189.202,78.288,247.913,1111,2962,1577
1112,1076781280,1419.4,0.416,52.756,-1.306,0.184,0.837,0.541,1.111,1188.157,78.22,247.695,1112,2789,3012
1113,1036223167,780.026,0.266,55.194,1.132,0.334,1.523,0.984,2.021,1188.073,78.214,247.678,1113,343,157
1114,1076781145,960.38,0.329,54.099,0.036,0.271,1.237,0.799,1.641,1187.932,78.205,247.648,1114,1743,830
1115,1153111266,972.042,0.332,53.096,-0.966,0.268,1.222,0.789,1.621,1187.472,78.175,247.553,1115,2649,894
1116,1076860315,878.614,0.303,54.164,0.102,0.297,1.351,0.873,1.793,1187.403,78.17,247.538,1116,1641,470
1117,1076847270,898.301,0.31,53.143,-0.92,0.29,1.322,0.854,1.754,1187.277,78.162,247.512,1117,2626,540
1118,1077278321,1067.407,0.356,54.761,0.699,0.244,1.111,0.717,1.474,1185.545,78.048,247.151,1118,729,1491
1119,1076847143,1407.457,0.415,53.808,-0.254,0.185,0.842,0.544,1.118,1185.388,78.037,247.118,1119,2144,2999
1120,1076847258,957.623,0.328,52.816,-1.246,0.272,1.237,0.799,1.642,1185.043,78.015,247.046,1120,2765,824
1121,1076669211,963.118,0.33,55.081,1.018,0.27,1.23,0.794,1.633,1184.839,78.001,247.004,1121,423,856
1122,1077376129,1180.32,0.38,55.525,1.462,0.22,1.003,0.648,1.331,1183.653,77.923,246.756,1122,196,2155
1123,1036597465,1328.074,0.404,54.309,0.247,0.196,0.891,0.576,1.183,1183.529,77.915,246.731,1123,1376,2774
1124,1077375578,1207.989,0.385,54.226,0.163,0.215,0.98,0.633,1.3,1183.369,77.904,246.697,1124,1529,2284
1125,1076703139,1246.972,0.392,55.116,1.054,0.208,0.949,0.613,1.259,1182.785,77.866,246.575,1125,394,2484
1126,1076860316,875.554,0.304,53.902,-0.161,0.296,1.35,0.872,1.792,1182.313,77.835,246.477,1126,2030,474
1127,1036597497,1446.312,0.421,54.024,-0.039,0.179,0.817,0.528,1.084,1181.571,77.786,246.322,1127,1863,3074
1128,1076860367,996.304,0.34,53.216,-0.847,0.26,1.185,0.765,1.573,1180.82,77.737,246.166,1128,2580,1078
1129,1152356066,1159.522,0.377,51.992,-2.071,0.223,1.018,0.657,1.351,1180.277,77.701,246.053,1129,3125,2072
1130,633556050,1092.881,0.363,54.493,0.43,0.237,1.079,0.697,1.432,1179.406,77.643,245.871,1130,1047,1673
1131,1076669841,1417.283,0.418,54.89,0.828,0.182,0.832,0.537,1.103,1178.485,77.583,245.679,1131,579,3031
1132,1077042035,1291.132,0.4,54.952,0.889,0.2,0.913,0.589,1.211,1178.186,77.563,245.617,1132,523,2677
1133,1036597471,1351.591,0.409,53.955,-0.108,0.191,0.871,0.563,1.156,1177.724,77.533,245.52,1133,1956,2864
1134,1076847212,1338.459,0.407,54.956,0.894,0.193,0.879,0.568,1.167,1176.717,77.466,245.31,1134,522,2839
1135,1076703043,1095.17,0.364,54.618,0.556,0.236,1.074,0.693,1.425,1175.801,77.406,245.119,1135,874,1714
1136,1036597592,1104.192,0.367,54.499,0.437,0.233,1.064,0.687,1.412,1174.727,77.335,244.896,1136,1042,1771
1137,482252872,932.477,0.324,52.488,-1.574,0.276,1.26,0.814,1.672,1174.623,77.329,244.874,1137,2903,745
1138,1076860314,879.317,0.307,53.902,-0.16,0.293,1.335,0.862,1.772,1174.319,77.309,244.811,1138,2029,512
1139,1076860313,875.747,0.306,53.202,-0.861,0.294,1.34,0.865,1.778,1173.473,77.253,244.634,1139,2587,503
1140,1076780903,1432.734,0.42,54.751,0.689,0.18,0.819,0.529,1.087,1173.372,77.246,244.613,1140,739,3066
1141,1036597495,2386.564,0.492,53.081,-0.981,0.108,0.492,0.317,0.652,1173.088,77.228,244.554,1141,2652,3574
1142,482770375,1184.175,0.383,54.045,-0.018,0.217,0.991,0.64,1.315,1173.056,77.225,244.547,1142,1827,2218
1143,1076669360,1092.074,0.364,54.28,0.217,0.236,1.074,0.694,1.425,1173.029,77.224,244.542,1143,1435,1708
1144,482404668,1048.319,0.354,54.778,0.715,0.246,1.119,0.723,1.485,1172.914,77.216,244.518,1144,710,1446
1145,1076860362,820.093,0.286,54.007,-0.056,0.314,1.43,0.923,1.897,1172.327,77.177,244.395,1145,1880,295
1146,1077278830,1755.067,0.453,53.804,-0.258,0.147,0.668,0.431,0.886,1172.115,77.163,244.351,1146,2148,3423
1147,1151692795,978.579,0.337,51.718,-2.344,0.263,1.197,0.773,1.589,1171.775,77.141,244.28,1147,3220,1005
1148,1026131912,846.826,0.296,54.973,0.911,0.304,1.384,0.894,1.836,1171.66,77.134,244.256,1148,504,387
1149,483062489,732.93,0.249,54.974,0.912,0.351,1.598,1.032,2.121,1171.434,77.119,244.209,1149,503,94
1150,1152838223,927.353,0.323,54.181,0.119,0.277,1.262,0.815,1.675,1170.752,77.074,244.067,1150,1613,730
1151,1076847268,898.381,0.314,54.29,0.228,0.286,1.303,0.842,1.729,1170.706,77.071,244.057,1151,1412,593
1152,1076781269,1311.49,0.404,53.398,-0.664,0.196,0.892,0.576,1.184,1170.284,77.043,243.969,1152,2476,2770
1153,1076669164,905.824,0.317,55.061,0.998,0.283,1.291,0.834,1.714,1169.785,77.01,243.865,1153,443,631
1154,1076669846,984.744,0.339,54.89,0.827,0.261,1.187,0.767,1.576,1169.217,76.973,243.747,1154,580,1070
1155,1077039026,1267.463,0.398,54.217,0.154,0.202,0.922,0.595,1.223,1168.579,76.931,243.614,1155,1552,2632
1156,1153144621,1328.418,0.407,53.01,-1.053,0.193,0.879,0.568,1.167,1167.903,76.886,243.473,1156,2677,2838
1157,1036526127,1094.12,0.366,55.223,1.161,0.234,1.067,0.689,1.415,1166.956,76.824,243.275,1157,323,1748
1158,1077278319,1279.082,0.4,54.386,0.324,0.2,0.912,0.589,1.211,1166.889,76.819,243.262,1158,1240,2680
1159,1077278792,837.721,0.294,54.636,0.573,0.306,1.392,0.899,1.848,1166.322,76.782,243.143,1159,855,362
1160,1077376111,1433.942,0.422,54.653,0.59,0.178,0.813,0.525,1.079,1166.115,76.769,243.1,1160,838,3087
1161,1029559945,1735.282,0.453,54.726,0.664,0.147,0.672,0.434,0.892,1166.03,76.763,243.083,1161,769,3415
1162,1153928503,742.257,0.256,52.208,-1.855,0.344,1.569,1.013,2.082,1164.424,76.657,242.748,1162,3017,115
1163,1076847213,1305.857,0.404,54.894,0.832,0.196,0.892,0.576,1.183,1164.415,76.657,242.746,1163,575,2773
1164,1077375543,1391.196,0.416,55.035,0.973,0.184,0.837,0.54,1.11,1163.873,76.621,242.633,1164,464,3014
1165,1076781308,1182.41,0.384,53.951,-0.111,0.216,0.984,0.636,1.306,1163.843,76.619,242.627,1165,1959,2253
1166,1029631496,1003.424,0.345,55.764,1.701,0.255,1.16,0.749,1.539,1163.824,76.618,242.623,1166,140,1211
1167,1076703192,1336.006,0.409,54.292,0.23,0.191,0.871,0.562,1.155,1163.194,76.576,242.491,1167,1406,2869
1168,1077039020,975.405,0.338,54.786,0.723,0.262,1.192,0.77,1.582,1163.086,76.569,242.469,1168,700,1035
1169,1076781164,1156.305,0.379,54.401,0.338,0.221,1.005,0.649,1.334,1162.389,76.523,242.324,1169,1217,2142
1170,1077042048,924.17,0.325,53.51,-0.552,0.275,1.255,0.81,1.665,1159.492,76.332,241.719,1170,2393,764
1171,1076781176,1370.662,0.414,54.526,0.464,0.186,0.846,0.546,1.122,1159.356,76.324,241.691,1171,1002,2979
1172,633556095,917.463,0.323,54.958,0.895,0.277,1.263,0.816,1.676,1158.8,76.287,241.575,1172,518,724
1173,1077375475,993.027,0.344,53.645,-0.418,0.256,1.167,0.753,1.548,1158.431,76.263,241.498,1173,2291,1168
1174,1076847211,1234.517,0.394,54.942,0.879,0.206,0.938,0.606,1.245,1158.253,76.251,241.461,1174,534,2544
1175,1077039071,948.822,0.332,54.569,0.507,0.268,1.22,0.788,1.619,1157.571,76.206,241.319,1175,946,908
1176,1076780869,912.457,0.322,55.086,1.024,0.278,1.268,0.819,1.683,1157.442,76.197,241.292,1176,415,700
1177,1076669398,893.608,0.316,54.91,0.847,0.284,1.295,0.836,1.719,1157.385,76.194,241.28,1177,565,617
1178,1076669387,1485.649,0.429,54.171,0.108,0.171,0.779,0.503,1.034,1157.085,76.174,241.218,1178,1629,3200
1179,1154210638,995.859,0.345,51.477,-2.586,0.255,1.162,0.75,1.542,1156.905,76.162,241.18,1179,3313,1195
1180,1077376118,1121.452,0.374,54.141,0.079,0.226,1.031,0.666,1.368,1156.513,76.136,241.099,1180,1685,1978
1181,1036526130,1695.482,0.45,55.571,1.509,0.15,0.682,0.44,0.905,1156.12,76.11,241.017,1181,180,3394
1182,1077375555,1029.586,0.354,54.651,0.589,0.246,1.122,0.725,1.489,1155.45,76.066,240.877,1182,840,1428
1183,1076847158,982.514,0.342,54.229,0.166,0.258,1.175,0.759,1.56,1154.925,76.032,240.767,1183,1521,1130
1184,633556094,1008.705,0.349,54.765,0.702,0.251,1.144,0.739,1.518,1154.039,75.974,240.583,1184,724,1303
1185,1076703138,1240.618,0.396,55.152,1.09,0.204,0.93,0.601,1.234,1153.87,75.962,240.547,1185,368,2591
1186,633556086,932.913,0.329,54.825,0.762,0.271,1.237,0.799,1.641,1153.828,75.96,240.539,1186,653,831
1187,482252873,932.09,0.328,51.025,-3.037,0.272,1.237,0.799,1.642,1153.26,75.922,240.42,1187,3430,825
1188,1026166943,1049.742,0.359,51.875,-2.188,0.241,1.099,0.709,1.458,1153.175,75.917,240.403,1188,3163,1552
1189,1076860463,1235.466,0.395,54.031,-0.032,0.205,0.933,0.603,1.239,1153.126,75.913,240.392,1189,1851,2575
1190,1076860432,830.248,0.295,54.695,0.632,0.305,1.388,0.897,1.842,1152.739,75.888,240.312,1190,800,374
1191,503329538,930.408,0.328,54.216,0.154,0.272,1.238,0.8,1.643,1151.9,75.833,240.137,1191,1553,821
1192,117601147,1163.853,0.383,54.724,0.662,0.217,0.989,0.638,1.312,1150.498,75.74,239.844,1192,772,2225
1193,1076860475,2162.33,0.483,54.759,0.697,0.117,0.532,0.343,0.705,1149.528,75.677,239.642,1193,733,3559
1194,483070653,747.768,0.263,55.221,1.159,0.337,1.537,0.992,2.039,1149.074,75.647,239.548,1194,324,143
1195,1026166986,1059.281,0.362,54.218,0.156,0.238,1.083,0.7,1.437,1147.379,75.535,239.194,1195,1549,1644
1196,1077039013,1113.997,0.374,54.551,0.489,0.226,1.029,0.664,1.365,1146.211,75.458,238.951,1196,966,1998
1197,1076847347,1007.683,0.35,53.997,-0.066,0.25,1.137,0.734,1.509,1145.908,75.438,238.888,1197,1900,1346
1198,482770377,821.641,0.294,54.286,0.224,0.306,1.394,0.9,1.85,1145.524,75.413,238.808,1198,1423,355
1199,1077375552,1170.853,0.385,54.248,0.185,0.215,0.978,0.632,1.298,1145.483,75.41,238.799,1199,1494,2294
1200,1026166967,1046.824,0.36,54.268,0.206,0.24,1.094,0.707,1.452,1145.404,75.405,238.783,1200,1451,1576
1201,1076781292,1196.765,0.39,53.675,-0.388,0.21,0.957,0.618,1.27,1145.386,75.404,238.779,1201,2266,2427
1202,1076781243,1141.228,0.38,54.209,0.147,0.22,1.001,0.646,1.328,1142.332,75.203,238.142,1202,1566,2160
1203,1077376117,1305.401,0.409,54.347,0.284,0.191,0.872,0.563,1.158,1138.853,74.974,237.417,1203,1306,2857
1204,1076669194,1012.677,0.353,55.277,1.214,0.247,1.123,0.726,1.491,1137.716,74.899,237.18,1204,298,1418
1205,1077039076,1543.833,0.438,54.723,0.661,0.162,0.736,0.476,0.977,1136.744,74.835,236.977,1205,773,3301
1206,1077039011,1171.353,0.387,54.179,0.116,0.213,0.97,0.627,1.288,1136.673,74.83,236.962,1206,1615,2346
1207,1151692796,1018.091,0.355,51.611,-2.451,0.245,1.116,0.721,1.481,1136.333,74.808,236.892,1207,3264,1459
1208,1036597559,1075.869,0.368,54.396,0.334,0.232,1.056,0.682,1.402,1136.288,74.805,236.882,1208,1223,1824
1209,1154159635,1137.038,0.381,52.003,-2.059,0.219,0.999,0.645,1.326,1135.904,74.78,236.802,1209,3121,2167
1210,1076847267,898.143,0.323,53.74,-0.322,0.277,1.264,0.816,1.678,1135.5,74.753,236.718,1210,2201,718
1211,1077039037,978.722,0.345,54.013,-0.049,0.255,1.16,0.749,1.539,1135.291,74.739,236.674,1211,1872,1209
1212,1036597519,914.82,0.328,54.666,0.603,0.272,1.241,0.801,1.646,1135.049,74.723,236.624,1212,825,814
1213,1076781301,1198.085,0.392,53.962,-0.1,0.208,0.947,0.612,1.257,1134.656,74.697,236.542,1213,1947,2496
1214,1036526132,1321.904,0.412,55.999,1.937,0.188,0.858,0.554,1.138,1133.995,74.654,236.404,1214,98,2919
1215,1154180729,779.296,0.281,52.826,-1.237,0.319,1.455,0.94,1.931,1133.87,74.646,236.378,1215,2760,253
1216,1076781077,1309.236,0.41,54.003,-0.06,0.19,0.865,0.559,1.148,1133.102,74.595,236.218,1216,1888,2887
1217,1077375554,1495.107,0.434,54.476,0.414,0.166,0.758,0.489,1.006,1133.092,74.594,236.216,1217,1069,3254
1218,1026166987,927.914,0.332,54.225,0.162,0.268,1.221,0.789,1.62,1133.019,74.59,236.201,1218,1532,902
1219,1076669124,1297.835,0.409,54.946,0.884,0.191,0.872,0.563,1.157,1131.922,74.518,235.972,1219,528,2860
1220,1077457853,1172.004,0.388,52.954,-1.109,0.212,0.965,0.623,1.28,1130.723,74.439,235.722,1220,2697,2380
1221,482252871,932.166,0.334,51.344,-2.719,0.266,1.213,0.783,1.609,1130.348,74.414,235.644,1221,3354,932
1222,1206051961,1613.179,0.446,54.893,0.831,0.154,0.7,0.452,0.929,1129.514,74.359,235.47,1222,577,3363
1223,633556100,1040.309,0.362,55.125,1.062,0.238,1.085,0.701,1.44,1129.249,74.342,235.415,1223,384,1627
1224,1076860428,870.035,0.316,54.291,0.228,0.284,1.296,0.837,1.72,1127.518,74.228,235.054,1224,1411,616
1225,1076781232,1331.368,0.414,54.034,-0.029,0.186,0.847,0.547,1.124,1127.392,74.219,235.028,1225,1846,2974
1226,633556092,947.91,0.339,54.816,0.753,0.261,1.189,0.768,1.578,1127.028,74.195,234.952,1226,663,1059
1227,1036597491,1237.319,0.4,54.113,0.051,0.2,0.911,0.588,1.209,1127.02,74.195,234.95,1227,1720,2691
1228,1077457856,1102.397,0.376,51.838,-2.224,0.224,1.022,0.66,1.356,1126.843,74.183,234.913,1228,3182,2049
1229,842543011,946.137,0.339,53.919,-0.143,0.261,1.191,0.769,1.58,1126.656,74.171,234.874,1229,2011,1045
1230,1076669335,954.683,0.341,54.517,0.454,0.259,1.179,0.761,1.564,1125.43,74.09,234.619,1230,1017,1108
1231,1026166966,1340.986,0.416,54.329,0.266,0.184,0.839,0.542,1.113,1124.957,74.059,234.52,1231,1340,3009
1232,1076703154,1202.326,0.395,55.633,1.57,0.205,0.936,0.604,1.241,1124.81,74.049,234.489,1232,161,2558
1233,1077278824,1154.199,0.386,54.212,0.149,0.214,0.975,0.629,1.293,1124.798,74.048,234.487,1233,1561,2324
1234,1150608368,1073.786,0.37,53.6,-0.463,0.23,1.047,0.676,1.389,1123.74,73.979,234.266,1234,2332,1883
1235,482497275,1087.287,0.373,54.457,0.395,0.227,1.033,0.667,1.371,1123.563,73.967,234.229,1235,1108,1967
1236,1076847317,791.615,0.291,55.16,1.097,0.309,1.41,0.91,1.871,1116.022,73.471,232.657,1236,361,326
1237,1036526131,1399.036,0.425,55.79,1.728,0.175,0.798,0.515,1.058,1115.738,73.452,232.598,1237,134,3141
1238,1036231427,1038.813,0.364,52.58,-1.483,0.236,1.074,0.693,1.425,1115.399,73.43,232.528,1238,2862,1712
1239,1152819997,1267.694,0.407,52.136,-1.927,0.193,0.88,0.568,1.167,1114.961,73.401,232.436,1239,3057,2834
1240,482252874,932.055,0.338,51.516,-2.546,0.262,1.196,0.773,1.587,1114.927,73.399,232.429,1240,3304,1015
1241,1077039004,1018.112,0.36,54.285,0.222,0.24,1.094,0.706,1.452,1113.645,73.314,232.162,1241,1426,1578
1242,117601186,1163.845,0.39,54.293,0.231,0.21,0.957,0.618,1.269,1113.286,73.291,232.087,1242,1403,2430
1243,1076847144,837.328,0.308,53.94,-0.123,0.292,1.329,0.859,1.764,1113.11,73.279,232.05,1243,1979,529
1244,1076669238,845.695,0.311,55.097,1.034,0.289,1.315,0.849,1.745,1111.863,73.197,231.79,1244,406,557
1245,1076860365,824.477,0.304,53.629,-0.433,0.296,1.348,0.87,1.789,1111.322,73.161,231.677,1245,2304,482
1246,1151908478,913.652,0.333,51.377,-2.686,0.267,1.216,0.785,1.613,1110.794,73.127,231.567,1246,3346,922
1247,1077039053,1073.781,0.373,54.581,0.519,0.227,1.034,0.668,1.373,1110.668,73.118,231.541,1247,925,1959
1248,1077428176,1556.474,0.444,55.214,1.152,0.156,0.713,0.46,0.946,1108.998,73.008,231.193,1248,331,3350
1249,1077375438,893.97,0.328,54.57,0.508,0.272,1.24,0.801,1.646,1108.546,72.979,231.099,1249,942,817
1250,1077039067,985.169,0.353,54.321,0.259,0.247,1.125,0.727,1.493,1108.272,72.961,231.042,1250,1348,1408
1251,1029631509,1061.67,0.371,54.357,0.294,0.229,1.044,0.674,1.385,1107.991,72.942,230.983,1251,1289,1896
1252,1026166949,1674.699,0.455,53.918,-0.145,0.145,0.661,0.427,0.877,1106.75,72.86,230.724,1252,2012,3431
1253,482024048,1194.182,0.397,54.041,-0.022,0.203,0.926,0.598,1.229,1106.019,72.812,230.572,1253,1836,2611
1254,1076669195,857.569,0.317,54.947,0.884,0.283,1.289,0.833,1.711,1105.614,72.786,230.488,1254,527,640
1255,1026166960,1631.225,0.451,54.463,0.401,0.149,0.678,0.438,0.899,1105.579,72.783,230.48,1255,1093,3401
1256,1077375589,1096.986,0.379,54.08,0.017,0.221,1.007,0.651,1.337,1104.989,72.744,230.357,1256,1762,2128
1257,483090297,939.386,0.342,54.262,0.2,0.258,1.176,0.76,1.561,1104.888,72.738,230.336,1257,1461,1126
1258,1036021027,883.216,0.325,55.219,1.156,0.275,1.251,0.808,1.66,1104.847,72.735,230.328,1258,325,778
1259,1076781162,941.644,0.343,54.342,0.279,0.257,1.172,0.757,1.555,1103.368,72.638,230.019,1259,1315,1144
1260,467788638,714.799,0.261,52.131,-1.931,0.339,1.543,0.996,2.047,1102.79,72.6,229.899,1260,3061,140
1261,1029559975,898.192,0.331,53.219,-0.844,0.269,1.227,0.793,1.628,1102.254,72.564,229.787,1261,2578,867
1262,1161278628,887.441,0.327,53.998,-0.064,0.273,1.242,0.802,1.648,1102.038,72.55,229.742,1262,1897,809
1263,1076847218,944.033,0.344,54.914,0.851,0.256,1.166,0.753,1.548,1101.089,72.488,229.544,1263,563,1169
1264,1076781207,919.702,0.337,53.311,-0.751,0.263,1.197,0.773,1.588,1100.624,72.457,229.447,1264,2527,1012
1265,1076781062,1162.12,0.392,53.977,-0.085,0.208,0.947,0.612,1.257,1100.448,72.445,229.411,1265,1927,2499
1266,1076780926,1212.554,0.401,53.355,-0.707,0.199,0.908,0.586,1.204,1100.42,72.444,229.405,1266,2506,2704
1267,1076703137,1245.683,0.406,55.962,1.9,0.194,0.883,0.57,1.172,1099.985,72.415,229.314,1267,105,2814
1268,1151904996,1028.475,0.365,52.03,-2.033,0.235,1.069,0.691,1.419,1099.874,72.408,229.291,1268,3107,1734
1269,1076669208,924.312,0.339,55.115,1.052,0.261,1.189,0.768,1.578,1099.121,72.358,229.134,1269,395,1057
1270,1076860308,875.605,0.325,53.828,-0.235,0.275,1.252,0.808,1.661,1095.995,72.152,228.482,1270,2109,777
1271,1076703032,894.172,0.331,54.333,0.27,0.269,1.226,0.791,1.626,1095.821,72.141,228.446,1271,1335,872
1272,1152348388,1222.274,0.403,53.977,-0.086,0.197,0.896,0.579,1.189,1095.593,72.126,228.398,1272,1930,2752
1273,1076669207,1067.849,0.375,55.077,1.015,0.225,1.026,0.663,1.361,1095.47,72.118,228.373,1273,428,2022
1274,483067666,835.132,0.312,54.525,0.463,0.288,1.311,0.847,1.74,1095.264,72.104,228.33,1274,1003,568
1275,1077042070,1012.866,0.363,53.73,-0.333,0.237,1.08,0.698,1.434,1094.236,72.037,228.116,1275,2212,1668
1276,1036262226,950.594,0.348,54.434,0.371,0.252,1.151,0.743,1.527,1093.69,72.001,228.002,1276,1157,1269
1277,1076781277,1707.359,0.459,52.885,-1.177,0.141,0.641,0.414,0.85,1093.637,71.997,227.991,1277,2734,3459
1278,1077038940,988.819,0.358,55.39,1.327,0.242,1.104,0.713,1.465,1092.008,71.89,227.651,1278,256,1517
1279,1076703058,981.275,0.356,54.524,0.461,0.244,1.113,0.719,1.477,1091.972,71.887,227.644,1279,1007,1481
1280,1153945233,870.751,0.325,52.634,-1.429,0.275,1.254,0.81,1.663,1091.525,71.858,227.55,1280,2845,765
1281,424468842,572.17,0.182,50.951,-3.111,0.418,1.906,1.231,2.529,1090.485,71.79,227.334,1281,3453,4
1282,1036597426,766.721,0.288,53.549,-0.513,0.312,1.421,0.918,1.886,1089.789,71.744,227.188,1282,2365,305
1283,1077039072,1181.756,0.398,54.822,0.76,0.202,0.922,0.595,1.223,1089.535,71.727,227.136,1283,656,2633
1284,1076781117,875.935,0.327,54.0,-0.062,0.273,1.244,0.803,1.65,1089.243,71.708,227.075,1284,1893,803
1285,1076847326,1603.423,0.451,54.453,0.391,0.149,0.679,0.439,0.901,1089.023,71.693,227.029,1285,1118,3398
1286,1076703158,2841.981,0.516,52.904,-1.159,0.084,0.383,0.247,0.508,1088.644,71.668,226.95,1286,2718,3597
1287,1026131916,924.186,0.342,55.438,1.375,0.258,1.177,0.76,1.562,1088.048,71.629,226.826,1287,235,1120
1288,1036262238,949.13,0.349,55.303,1.24,0.251,1.146,0.74,1.521,1087.711,71.607,226.755,1288,284,1289
1289,1026166947,1708.195,0.46,53.968,-0.094,0.14,0.636,0.411,0.844,1086.067,71.499,226.413,1289,1939,3465
1290,1077042072,1297.432,0.416,54.092,0.029,0.184,0.837,0.54,1.11,1085.484,71.46,226.291,1290,1753,3013
1291,1026140690,1126.79,0.389,54.178,0.116,0.211,0.963,0.622,1.277,1084.656,71.406,226.118,1291,1616,2388
1292,1077375495,1350.99,0.424,54.238,0.176,0.176,0.803,0.518,1.065,1084.363,71.387,226.057,1292,1510,3124
1293,1076703151,1259.663,0.411,56.484,2.422,0.189,0.86,0.556,1.142,1083.915,71.357,225.964,1293,41,2908
1294,1076669311,1091.399,0.382,53.938,-0.125,0.218,0.993,0.641,1.318,1083.733,71.345,225.926,1294,1984,2203
1295,1156491101,826.055,0.313,53.013,-1.05,0.287,1.31,0.846,1.738,1081.73,71.213,225.508,1295,2675,577
1296,1036262220,1131.304,0.39,53.808,-0.255,0.21,0.955,0.617,1.268,1080.643,71.142,225.282,1296,2145,2442
1297,1036223158,780.001,0.296,55.094,1.031,0.304,1.385,0.895,1.838,1080.546,71.135,225.262,1297,409,381
1298,1390448645,867.996,0.327,54.556,0.493,0.273,1.245,0.804,1.652,1080.262,71.117,225.202,1298,963,795
1299,1076781244,1080.44,0.381,54.19,0.128,0.219,0.998,0.645,1.324,1078.38,70.993,224.81,1299,1598,2172
1300,1076669260,1214.528,0.405,53.82,-0.243,0.195,0.888,0.573,1.178,1078.114,70.975,224.755,1300,2125,2793
1301,1076860455,829.398,0.315,55.712,1.65,0.285,1.299,0.839,1.723,1077.189,70.914,224.562,1301,147,606
1302,1076781275,853.377,0.323,53.777,-0.286,0.277,1.262,0.815,1.674,1076.796,70.888,224.48,1302,2174,734
1303,1076860403,921.788,0.344,52.581,-1.482,0.256,1.168,0.754,1.549,1076.241,70.852,224.364,1303,2861,1164
1304,427630724,991.398,0.362,53.407,-0.656,0.238,1.085,0.701,1.44,1076.029,70.838,224.32,1304,2467,1628
1305,1036597532,1134.858,0.392,54.246,0.184,0.208,0.948,0.612,1.258,1075.522,70.805,224.214,1305,1496,2489
1306,1036597595,1200.114,0.403,53.627,-0.436,0.197,0.896,0.579,1.189,1075.435,70.799,224.196,1306,2306,2755
1307,1076781043,1046.94,0.375,54.148,0.086,0.225,1.027,0.663,1.363,1075.375,70.795,224.184,1307,1670,2012
1308,1076847208,1244.691,0.411,55.686,1.624,0.189,0.863,0.557,1.145,1073.817,70.692,223.859,1308,151,2896
1309,1077443408,818.428,0.312,55.506,1.443,0.288,1.312,0.847,1.74,1073.393,70.664,223.77,1309,210,567
1310,1077457860,802.931,0.307,51.887,-2.176,0.293,1.336,0.863,1.773,1073.046,70.642,223.698,1310,3161,511
1311,1077278883,1153.681,0.396,54.383,0.321,0.204,0.93,0.6,1.234,1072.461,70.603,223.576,1311,1250,2596
1312,117601294,1269.234,0.415,53.977,-0.085,0.185,0.845,0.545,1.121,1071.877,70.565,223.454,1312,1929,2989
1313,1036597514,1443.692,0.437,53.889,-0.173,0.163,0.741,0.479,0.984,1070.354,70.464,223.137,1313,2042,3294
1314,1153111268,1030.81,0.372,53.358,-0.704,0.228,1.037,0.67,1.376,1069.193,70.388,222.895,1314,2502,1945
1315,1036597422,1374.734,0.429,53.41,-0.653,0.171,0.777,0.502,1.031,1068.491,70.342,222.748,1315,2463,3207
1316,1077278795,1090.359,0.385,54.335,0.272,0.215,0.978,0.631,1.297,1066.017,70.179,222.233,1316,1329,2298
1317,1029631513,834.231,0.32,54.117,0.055,0.28,1.278,0.825,1.696,1065.967,70.175,222.222,1317,1716,680
1318,1076781198,1068.15,0.381,54.275,0.212,0.219,0.997,0.644,1.323,1064.832,70.101,221.986,1318,1445,2177
1319,1076780892,1212.03,0.407,54.311,0.248,0.193,0.879,0.567,1.166,1064.792,70.098,221.977,1319,1373,2842
1320,1077038943,1009.999,0.369,55.378,1.315,0.231,1.054,0.681,1.399,1064.783,70.098,221.976,1320,260,1836
1321,666704497,1115.224,0.39,52.296,-1.767,0.21,0.955,0.617,1.267,1064.754,70.096,221.969,1321,2984,2446
1322,467788640,718.513,0.275,52.901,-1.162,0.325,1.481,0.957,1.966,1064.468,70.077,221.91,1322,2722,209
1323,1154207950,1050.915,0.378,53.904,-0.158,0.222,1.012,0.654,1.343,1063.645,70.023,221.738,1323,2025,2114
1324,483062486,968.54,0.359,54.809,0.747,0.241,1.097,0.708,1.455,1062.251,69.931,221.448,1324,666,1566
1325,1154398426,739.07,0.285,52.509,-1.553,0.315,1.436,0.927,1.906,1061.335,69.871,221.257,1325,2895,278
1326,1076781124,906.141,0.343,54.518,0.455,0.257,1.17,0.756,1.553,1060.315,69.803,221.044,1326,1015,1155
1327,1029631500,810.953,0.313,53.999,-0.064,0.287,1.307,0.844,1.734,1059.695,69.763,220.915,1327,1895,583
1328,1076669133,1000.839,0.368,54.249,0.187,0.232,1.057,0.683,1.403,1058.17,69.662,220.597,1328,1490,1812
1329,1036597458,1406.575,0.435,54.448,0.385,0.165,0.752,0.486,0.998,1057.786,69.637,220.517,1329,1127,3264
1330,1036597416,739.184,0.286,54.288,0.226,0.314,1.431,0.924,1.898,1057.45,69.615,220.447,1330,1415,292
1331,1026140681,750.254,0.291,53.095,-0.968,0.309,1.409,0.91,1.87,1057.389,69.611,220.434,1331,2650,327
1332,1076703142,1214.297,0.409,55.764,1.702,0.191,0.87,0.562,1.154,1056.42,69.547,220.232,1332,139,2873
1333,1076703143,1249.839,0.415,55.859,1.797,0.185,0.845,0.546,1.122,1056.361,69.543,220.22,1333,127,2984
1334,1036526142,1193.437,0.406,56.174,2.112,0.194,0.883,0.57,1.172,1053.688,69.367,219.663,1334,72,2816
1335,1076669267,906.918,0.345,54.282,0.22,0.255,1.162,0.75,1.541,1053.497,69.355,219.623,1335,1428,1196
1336,1076780876,944.923,0.355,54.908,0.846,0.245,1.114,0.72,1.479,1053.105,69.329,219.541,1336,568,1469
1337,482770382,735.57,0.286,54.061,-0.001,0.314,1.431,0.924,1.899,1052.841,69.311,219.486,1337,1807,290
1338,1077039007,927.534,0.351,54.561,0.499,0.249,1.135,0.733,1.506,1052.666,69.3,219.449,1338,958,1356
1339,482404665,1033.603,0.377,54.397,0.335,0.223,1.018,0.657,1.351,1051.904,69.25,219.291,1339,1220,2075
1340,1076781167,1403.559,0.436,54.479,0.417,0.164,0.749,0.484,0.994,1051.599,69.23,219.227,1340,1066,3275
1341,1076669253,741.697,0.289,54.06,-0.002,0.311,1.417,0.915,1.881,1051.119,69.198,219.127,1341,1809,309
1342,1076847354,916.395,0.348,54.537,0.475,0.252,1.147,0.741,1.522,1051.084,69.196,219.12,1342,983,1286
1343,1076703048,893.253,0.342,54.732,0.67,0.258,1.176,0.759,1.56,1050.405,69.151,218.978,1343,764,1128
1344,1076847306,1062.656,0.383,56.285,2.222,0.217,0.988,0.638,1.311,1049.915,69.119,218.876,1344,56,2232
1345,1076669302,906.532,0.346,54.253,0.191,0.254,1.158,0.748,1.537,1049.835,69.114,218.859,1345,1486,1223
1346,1036597611,1128.954,0.396,54.338,0.275,0.204,0.929,0.6,1.233,1048.809,69.046,218.645,1346,1326,2599
1347,1036597441,1503.065,0.447,54.112,0.049,0.153,0.697,0.45,0.925,1047.515,68.961,218.376,1347,1725,3372
1348,483107636,960.957,0.361,53.826,-0.237,0.239,1.09,0.704,1.446,1047.305,68.947,218.332,1348,2111,1602
1349,1036597666,795.959,0.311,54.093,0.03,0.289,1.315,0.849,1.745,1046.87,68.918,218.241,1349,1751,556
1350,842543056,1186.34,0.406,52.822,-1.24,0.194,0.882,0.57,1.171,1046.639,68.903,218.193,1350,2761,2819
1351,1026166985,1059.098,0.383,54.145,0.082,0.217,0.988,0.638,1.311,1046.594,68.9,218.184,1351,1677,2229
1352,1076847325,1282.125,0.421,54.415,0.352,0.179,0.815,0.527,1.082,1045.406,68.822,217.936,1352,1190,3082
1353,1036597597,2105.788,0.491,53.472,-0.59,0.109,0.496,0.32,0.658,1043.886,68.722,217.619,1353,2421,3572
1354,1077127020,1075.168,0.387,53.888,-0.174,0.213,0.97,0.626,1.287,1042.863,68.654,217.406,1354,2044,2352
1355,1076703144,1315.884,0.426,55.556,1.493,0.174,0.792,0.512,1.051,1042.338,68.62,217.296,1355,187,3163
1356,1029559977,1045.861,0.381,53.474,-0.588,0.219,0.996,0.643,1.322,1041.718,68.579,217.167,1356,2418,2185
1357,483053057,974.602,0.366,53.92,-0.142,0.234,1.068,0.689,1.417,1040.529,68.501,216.919,1357,2008,1740
1358,482404667,813.055,0.319,54.638,0.576,0.281,1.28,0.826,1.698,1040.509,68.499,216.915,1358,851,677
1359,1026166969,1090.923,0.391,54.594,0.531,0.209,0.953,0.616,1.265,1039.76,68.45,216.759,1359,904,2456
1360,1076781271,834.559,0.327,52.843,-1.219,0.273,1.245,0.804,1.653,1039.442,68.429,216.693,1360,2748,793
1361,1076669845,1138.114,0.4,54.798,0.736,0.2,0.913,0.59,1.212,1039.196,68.413,216.641,1361,683,2676
1362,1154207952,1663.917,0.463,53.6,-0.463,0.137,0.625,0.403,0.829,1039.169,68.411,216.636,1362,2333,3481
1363,1036597576,1210.992,0.412,53.789,-0.273,0.188,0.856,0.553,1.136,1036.261,68.22,216.029,1363,2159,2931
1364,387162669,1069.726,0.387,52.319,-1.744,0.213,0.968,0.625,1.285,1035.998,68.203,215.975,1364,2978,2360
1365,1029631515,968.416,0.365,54.187,0.124,0.235,1.07,0.691,1.419,1035.804,68.19,215.934,1365,1602,1733
1366,1077278797,873.415,0.34,53.579,-0.484,0.26,1.186,0.766,1.573,1035.65,68.18,215.902,1366,2345,1075
1367,633556097,1104.296,0.394,55.119,1.057,0.206,0.937,0.605,1.244,1035.266,68.154,215.822,1367,393,2547
1368,483125939,936.732,0.358,54.975,0.913,0.242,1.105,0.714,1.466,1035.046,68.14,215.776,1368,502,1515
1369,1152816404,1038.541,0.381,51.849,-2.214,0.219,0.996,0.643,1.322,1034.664,68.115,215.697,1369,3174,2181
1370,1076669107,728.482,0.288,54.288,0.225,0.312,1.42,0.917,1.884,1034.39,68.097,215.64,1370,1416,306
1371,1076669435,1023.17,0.378,53.988,-0.074,0.222,1.011,0.653,1.341,1034.234,68.086,215.607,1371,1911,2120
1372,1076847146,906.206,0.35,54.285,0.222,0.25,1.14,0.737,1.513,1033.491,68.038,215.452,1372,1427,1323
1373,1076703039,995.494,0.372,54.616,0.553,0.228,1.038,0.67,1.377,1033.16,68.016,215.383,1373,878,1942
1374,1154416563,784.234,0.311,51.564,-2.499,0.289,1.317,0.851,1.748,1033.03,68.007,215.356,1374,3282,552
1375,1036597427,956.813,0.363,53.528,-0.534,0.237,1.079,0.697,1.432,1032.378,67.964,215.22,1375,2376,1674
1376,466436420,721.126,0.286,51.839,-2.224,0.314,1.431,0.924,1.9,1032.238,67.955,215.191,1376,3181,288
1377,1076669847,909.743,0.351,54.624,0.561,0.249,1.134,0.732,1.505,1031.589,67.912,215.056,1377,868,1360
1378,1076703150,1253.899,0.42,56.432,2.37,0.18,0.822,0.531,1.091,1031.07,67.878,214.947,1378,43,3057
1379,1154161792,1118.592,0.398,51.363,-2.699,0.202,0.921,0.595,1.223,1030.626,67.849,214.855,1379,3349,2634
1380,1076781120,768.006,0.306,54.384,0.321,0.294,1.342,0.866,1.78,1030.444,67.837,214.817,1380,1248,500
1381,1390448650,1146.247,0.403,54.581,0.518,0.197,0.899,0.58,1.193,1030.201,67.821,214.766,1381,928,2742
1382,1076669149,1004.1,0.375,54.229,0.167,0.225,1.025,0.662,1.361,1029.672,67.786,214.656,1382,1519,2026
1383,1076669297,1001.618,0.374,54.472,0.409,0.226,1.028,0.664,1.364,1029.452,67.772,214.61,1383,1079,2007
1384,1076669172,827.236,0.327,54.888,0.826,0.273,1.244,0.804,1.651,1029.261,67.759,214.57,1384,582,798
1385,1076781170,896.845,0.348,54.242,0.179,0.252,1.147,0.741,1.522,1028.786,67.728,214.471,1385,1502,1284
1386,1036223166,780.016,0.311,55.391,1.328,0.289,1.319,0.852,1.75,1028.528,67.711,214.418,1386,255,549
1387,1077375531,1664.727,0.464,54.877,0.815,0.136,0.618,0.399,0.82,1028.487,67.708,214.409,1387,597,3490
1388,1076703053,1040.764,0.383,54.915,0.852,0.217,0.988,0.638,1.311,1027.846,67.666,214.275,1388,561,2234
1389,1036231371,1080.331,0.391,57.575,3.512,0.209,0.951,0.614,1.263,1027.832,67.665,214.272,1389,2,2468
1390,1076847301,892.711,0.348,53.296,-0.767,0.252,1.15,0.742,1.525,1026.171,67.556,213.926,1390,2537,1277
1391,1077376112,801.468,0.319,53.657,-0.405,0.281,1.28,0.827,1.699,1026.162,67.555,213.924,1391,2281,675
1392,1076860390,1005.517,0.376,54.261,0.198,0.224,1.02,0.659,1.354,1025.813,67.532,213.851,1392,1466,2059
1393,467788639,726.832,0.29,52.782,-1.28,0.31,1.411,0.911,1.873,1025.699,67.525,213.828,1393,2782,323
1394,1076780817,1033.246,0.382,54.062,-0.0,0.218,0.993,0.641,1.317,1025.551,67.515,213.797,1394,1803,2207
1395,1153117174,983.478,0.371,53.702,-0.361,0.229,1.042,0.673,1.383,1025.127,67.487,213.708,1395,2237,1906
1396,1077127010,722.795,0.289,54.79,0.728,0.311,1.417,0.915,1.88,1023.962,67.41,213.466,1396,694,311
1397,1077042034,963.942,0.367,55.071,1.008,0.233,1.06,0.684,1.406,1021.455,67.245,212.943,1397,433,1795
1398,1077278886,1100.044,0.396,53.939,-0.124,0.204,0.928,0.6,1.232,1021.25,67.232,212.9,1398,1982,2601
1399,1026140665,2207.398,0.499,50.876,-3.186,0.101,0.462,0.299,0.614,1020.667,67.193,212.779,1399,3466,3581
1400,1076860344,786.07,0.315,55.162,1.099,0.285,1.298,0.838,1.723,1020.603,67.189,212.765,1400,357,607
1401,1076860414,924.546,0.358,54.345,0.283,0.242,1.104,0.713,1.465,1020.459,67.18,212.735,1401,1311,1520
1402,1077278807,1137.268,0.403,54.746,0.684,0.197,0.897,0.579,1.19,1020.129,67.158,212.666,1402,745,2747
1403,1076703099,1138.42,0.403,54.413,0.35,0.197,0.896,0.578,1.188,1019.561,67.12,212.548,1403,1193,2757
1404,1076780925,1047.188,0.386,53.016,-1.046,0.214,0.974,0.629,1.292,1019.518,67.118,212.539,1404,2674,2327
1405,1076847149,924.006,0.358,54.406,0.344,0.242,1.103,0.712,1.464,1019.372,67.108,212.509,1405,1207,1523
1406,1036223162,780.008,0.313,55.156,1.093,0.287,1.307,0.844,1.734,1019.352,67.107,212.504,1406,364,582
1407,1077375465,963.846,0.368,54.149,0.086,0.232,1.055,0.681,1.4,1017.091,66.958,212.033,1407,1666,1832
1408,1076669288,835.977,0.333,54.174,0.112,0.267,1.216,0.786,1.614,1016.857,66.942,211.984,1408,1624,918
1409,1076847210,1264.317,0.424,55.276,1.213,0.176,0.803,0.519,1.066,1015.797,66.873,211.763,1409,299,3121
1410,117601165,1164.072,0.409,54.256,0.193,0.191,0.872,0.563,1.157,1015.069,66.825,211.612,1410,1478,2861
1411,1076860451,940.945,0.363,54.86,0.797,0.237,1.078,0.696,1.431,1014.506,66.788,211.494,1411,612,1682
1412,1076860415,982.255,0.373,54.321,0.258,0.227,1.033,0.667,1.37,1014.385,66.78,211.469,1412,1351,1971
1413,1156483035,1783.9,0.475,53.359,-0.703,0.125,0.568,0.367,0.754,1013.483,66.72,211.281,1413,2501,3531
1414,1076669384,1248.983,0.422,54.057,-0.006,0.178,0.811,0.524,1.076,1012.779,66.674,211.134,1414,1813,3095
1415,1036223170,780.033,0.315,55.36,1.297,0.285,1.297,0.837,1.721,1011.545,66.593,210.877,1415,267,610
1416,1076781087,1184.735,0.413,54.044,-0.018,0.187,0.854,0.551,1.133,1011.427,66.585,210.852,1416,1830,2946
1417,1036597425,915.449,0.358,53.525,-0.537,0.242,1.104,0.713,1.465,1010.933,66.552,210.749,1417,2378,1518
1418,1076703062,1127.645,0.403,54.845,0.782,0.197,0.896,0.579,1.189,1010.722,66.539,210.705,1418,628,2753
1419,1076860394,1150.58,0.407,54.346,0.283,0.193,0.878,0.567,1.165,1010.398,66.517,210.638,1419,1310,2845
1420,1156504640,1090.244,0.397,52.855,-1.208,0.203,0.927,0.598,1.23,1010.195,66.504,210.596,1420,2744,2610
1421,1154205106,1071.714,0.393,51.804,-2.258,0.207,0.942,0.609,1.251,1010.064,66.495,210.568,1421,3190,2522
1422,1077038944,968.025,0.371,55.524,1.461,0.229,1.043,0.674,1.384,1009.67,66.469,210.486,1422,197,1900
1423,1154207955,1025.994,0.384,53.765,-0.297,0.216,0.984,0.635,1.306,1009.456,66.455,210.442,1423,2184,2254
1424,1036231367,1080.333,0.395,57.089,3.027,0.205,0.934,0.603,1.24,1009.428,66.453,210.436,1424,14,2563
1425,1036223161,780.006,0.316,55.295,1.233,0.284,1.294,0.836,1.717,1009.291,66.444,210.407,1425,287,621
1426,1076847194,924.588,0.361,54.731,0.669,0.239,1.09,0.704,1.447,1008.069,66.364,210.152,1426,765,1600
1427,1077039033,929.154,0.362,54.026,-0.037,0.238,1.085,0.7,1.439,1007.68,66.338,210.071,1427,1859,1631
1428,1077375467,968.171,0.372,54.15,0.088,0.228,1.041,0.672,1.381,1007.622,66.334,210.059,1428,1662,1918
1429,1076860348,1261.955,0.425,55.425,1.363,0.175,0.798,0.516,1.06,1007.604,66.333,210.055,1429,242,3136
1430,473747073,745.195,0.303,55.458,1.396,0.297,1.351,0.873,1.793,1007.107,66.301,209.952,1430,224,469
1431,1076703046,936.336,0.364,54.639,0.577,0.236,1.075,0.694,1.427,1006.868,66.285,209.902,1431,849,1700
1432,117601196,884.971,0.35,54.666,0.604,0.25,1.138,0.735,1.51,1006.816,66.281,209.891,1432,823,1338
1433,1076860466,749.495,0.305,53.98,-0.083,0.295,1.343,0.867,1.782,1006.719,66.275,209.871,1433,1923,498
1434,1152348406,1151.848,0.408,53.212,-0.85,0.192,0.874,0.564,1.159,1006.238,66.243,209.771,1434,2582,2856
1435,1076703044,755.424,0.308,54.605,0.543,0.292,1.332,0.86,1.767,1005.856,66.218,209.691,1435,892,521
1436,1077278314,907.195,0.357,54.349,0.287,0.243,1.107,0.715,1.469,1004.002,66.096,209.304,1436,1301,1511
1437,1154181045,904.214,0.356,51.643,-2.419,0.244,1.11,0.717,1.473,1003.545,66.066,209.209,1437,3251,1495
1438,117601180,940.458,0.366,54.702,0.64,0.234,1.067,0.689,1.415,1003.119,66.038,209.12,1438,793,1746
1439,1077038963,947.802,0.368,55.175,1.113,0.232,1.056,0.682,1.402,1001.097,65.905,208.699,1439,348,1823
1440,1077376134,886.988,0.352,54.898,0.836,0.248,1.129,0.729,1.498,1001.092,65.905,208.698,1440,572,1390
1441,1076669240,829.782,0.336,55.605,1.542,0.264,1.202,0.776,1.595,997.597,65.674,207.969,1441,168,987
1442,1036597523,842.17,0.34,54.593,0.531,0.26,1.184,0.765,1.572,997.525,65.67,207.954,1442,906,1083
1443,1076781177,749.474,0.308,54.58,0.518,0.292,1.331,0.859,1.766,997.327,65.657,207.913,1443,930,524
1444,541596237,907.725,0.359,53.857,-0.206,0.241,1.098,0.709,1.457,996.936,65.631,207.832,1444,2078,1556
1445,1076860470,1127.724,0.406,53.922,-0.14,0.194,0.884,0.571,1.173,996.757,65.619,207.794,1445,2002,2810
1446,1077278828,1207.377,0.419,54.049,-0.014,0.181,0.825,0.533,1.094,995.654,65.547,207.564,1446,1821,3050
1447,473763175,529.9,0.188,52.552,-1.51,0.412,1.878,1.213,2.493,995.416,65.531,207.515,1447,2873,9
1448,1036223160,780.004,0.321,55.323,1.261,0.279,1.274,0.823,1.69,993.422,65.4,207.099,1448,277,686
1449,1076703117,1091.064,0.4,55.522,1.46,0.2,0.91,0.588,1.208,992.982,65.371,207.007,1449,199,2694
1450,1076669119,854.433,0.345,54.569,0.507,0.255,1.162,0.75,1.542,992.856,65.362,206.981,1450,944,1193
1451,1026167976,1132.193,0.408,53.767,-0.295,0.192,0.877,0.566,1.164,992.717,65.353,206.952,1451,2182,2848
1452,1077042066,901.955,0.359,54.783,0.721,0.241,1.1,0.711,1.46,992.499,65.339,206.906,1452,704,1540
1453,1076781129,881.148,0.353,54.576,0.514,0.247,1.125,0.726,1.493,991.094,65.246,206.613,1453,933,1409
1454,1076703088,1412.832,0.446,52.775,-1.287,0.154,0.701,0.453,0.931,990.935,65.236,206.58,1454,2786,3362
1455,1077038968,1050.806,0.393,54.547,0.484,0.207,0.943,0.609,1.251,990.907,65.234,206.575,1455,970,2517
1456,1076703030,680.519,0.28,54.34,0.278,0.32,1.456,0.94,1.932,990.854,65.231,206.564,1456,1317,250
1457,1076781138,730.208,0.302,53.691,-0.371,0.298,1.357,0.876,1.8,990.744,65.223,206.541,1457,2254,451
1458,1076860364,826.341,0.337,53.43,-0.632,0.263,1.198,0.774,1.59,990.021,65.176,206.39,1458,2450,999
1459,117601163,1164.08,0.414,54.609,0.547,0.186,0.85,0.549,1.127,989.051,65.112,206.188,1459,888,2959
1460,117601158,885.086,0.355,54.488,0.426,0.245,1.117,0.721,1.482,988.763,65.093,206.128,1460,1053,1453
1461,1076669364,1210.623,0.421,53.142,-0.92,0.179,0.817,0.527,1.084,988.525,65.077,206.078,1461,2628,3077
1462,669296038,548.722,0.205,50.034,-4.028,0.395,1.8,1.163,2.389,987.949,65.039,205.958,1462,3569,31
1463,1076781041,1233.055,0.424,54.253,0.19,0.176,0.8,0.517,1.062,986.717,64.958,205.701,1463,1487,3128
1464,1077278814,1246.763,0.426,54.33,0.268,0.174,0.791,0.511,1.05,986.532,64.946,205.663,1464,1338,3169
1465,482166826,702.533,0.292,54.829,0.766,0.308,1.403,0.906,1.862,985.629,64.887,205.474,1465,648,338
1466,1076781228,1023.634,0.389,53.548,-0.515,0.211,0.963,0.622,1.278,985.511,64.879,205.45,1466,2366,2386
1467,1077039061,1136.108,0.41,53.916,-0.147,0.19,0.867,0.56,1.151,985.489,64.877,205.445,1467,2018,2880
1468,1153089994,920.82,0.365,53.797,-0.265,0.235,1.07,0.691,1.42,985.323,64.866,205.411,1468,2153,1729
1469,1076847207,977.993,0.379,56.027,1.964,0.221,1.007,0.65,1.337,985.085,64.851,205.361,1469,92,2129
1470,473763155,809.265,0.333,55.098,1.036,0.267,1.216,0.785,1.614,984.257,64.796,205.188,1470,404,919
1471,1152321567,1043.846,0.393,51.733,-2.33,0.207,0.943,0.609,1.251,983.855,64.77,205.104,1471,3212,2521
1472,1076847139,812.654,0.334,54.081,0.019,0.266,1.21,0.782,1.606,983.441,64.743,205.018,1472,1759,946
1473,1076649586,1087.605,0.402,54.902,0.839,0.198,0.904,0.584,1.199,982.847,64.703,204.894,1473,570,2720
1474,541596238,832.438,0.341,53.931,-0.132,0.259,1.181,0.762,1.567,982.81,64.701,204.887,1474,1993,1100
1475,1036024097,845.751,0.345,51.85,-2.212,0.255,1.161,0.75,1.541,982.325,64.669,204.785,1475,3173,1197
1476,1076781064,913.507,0.364,54.232,0.17,0.236,1.075,0.694,1.427,982.254,64.664,204.771,1476,1513,1701
1477,1029631504,964.453,0.377,54.004,-0.058,0.223,1.017,0.657,1.35,981.261,64.599,204.564,1477,1887,2078
1478,482577170,540.073,0.202,50.641,-3.422,0.398,1.815,1.172,2.409,980.358,64.54,204.375,1478,3503,28
1479,1076847214,1259.775,0.43,55.091,1.029,0.17,0.776,0.501,1.03,978.02,64.386,203.888,1479,411,3213
1480,1154196302,701.91,0.294,52.506,-1.557,0.306,1.393,0.9,1.849,977.881,64.377,203.859,1480,2897,360
1481,1076780919,1152.659,0.414,53.615,-0.448,0.186,0.848,0.548,1.126,977.757,64.368,203.833,1481,2314,2965
1482,1036526138,1221.553,0.424,56.138,2.076,0.176,0.8,0.517,1.062,977.746,64.368,203.831,1482,75,3127
1483,1036597417,758.744,0.317,54.045,-0.017,0.283,1.288,0.832,1.71,977.501,64.352,203.78,1483,1826,645
1484,1036231372,1080.251,0.402,56.976,2.913,0.198,0.904,0.584,1.2,976.978,64.317,203.671,1484,16,2715
1485,1076669375,711.679,0.299,54.375,0.313,0.301,1.372,0.886,1.821,976.364,64.277,203.543,1485,1260,417
1486,1036231368,1080.333,0.402,57.316,3.253,0.198,0.903,0.583,1.199,976.044,64.256,203.476,1486,7,2722
1487,1036231389,1080.346,0.402,54.886,0.823,0.198,0.903,0.583,1.198,975.503,64.22,203.363,1487,588,2724
1488,482577174,520.856,0.189,51.726,-2.337,0.411,1.873,1.209,2.485,975.34,64.209,203.329,1488,3215,11
1489,1076860396,1150.921,0.414,54.336,0.273,0.186,0.847,0.547,1.124,974.44,64.15,203.142,1489,1327,2975
1490,1077039000,951.616,0.375,54.181,0.119,0.225,1.023,0.661,1.358,973.887,64.114,203.026,1490,1611,2040
1491,1153948328,848.945,0.349,52.578,-1.484,0.251,1.145,0.739,1.519,971.889,63.982,202.61,1491,2863,1299
1492,1036597572,855.768,0.351,55.562,1.499,0.249,1.136,0.733,1.507,971.725,63.971,202.576,1492,183,1353
1493,1154643199,1328.483,0.44,52.592,-1.471,0.16,0.731,0.472,0.97,970.918,63.918,202.407,1493,2856,3308
1494,497795135,624.102,0.259,50.307,-3.755,0.341,1.555,1.004,2.064,970.55,63.894,202.331,1494,3541,131
1495,483087102,817.081,0.339,54.991,0.928,0.261,1.188,0.767,1.576,970.386,63.883,202.297,1495,489,1069
1496,1154196303,732.795,0.309,52.594,-1.469,0.291,1.324,0.855,1.757,970.282,63.876,202.275,1496,2854,535
1497,1077443381,840.122,0.347,54.611,0.548,0.253,1.154,0.746,1.532,969.884,63.85,202.192,1497,885,1247
1498,1153940953,941.815,0.374,53.308,-0.755,0.226,1.029,0.665,1.366,969.495,63.824,202.111,1498,2530,1993
1499,1076781302,1184.74,0.42,53.779,-0.284,0.18,0.818,0.528,1.086,969.37,63.816,202.085,1499,2171,3070
1500,1076703181,929.41,0.371,52.888,-1.174,0.229,1.042,0.673,1.383,968.853,63.782,201.977,1500,2731,1905
1501,1076781294,1531.907,0.461,54.195,0.133,0.139,0.632,0.408,0.839,968.828,63.781,201.972,1501,1590,3468
1502,1077443375,859.049,0.353,54.775,0.713,0.247,1.127,0.728,1.496,968.376,63.751,201.877,1502,713,1399
1503,1076669410,1242.788,0.429,53.517,-0.545,0.171,0.779,0.503,1.033,967.866,63.717,201.771,1503,2388,3201
1504,1036597663,826.803,0.343,53.693,-0.369,0.257,1.17,0.756,1.553,967.721,63.708,201.741,1504,2251,1152
1505,1076669196,1130.35,0.412,55.139,1.077,0.188,0.856,0.553,1.136,967.691,63.706,201.735,1505,375,2929
1506,467788637,715.313,0.303,53.612,-0.451,0.297,1.353,0.874,1.795,967.517,63.694,201.698,1506,2320,467
1507,1154180727,748.742,0.317,52.93,-1.133,0.283,1.292,0.834,1.714,967.14,63.669,201.62,1507,2707,629
1508,1076669231,1021.351,0.392,54.707,0.645,0.208,0.947,0.611,1.256,966.818,63.648,201.553,1508,786,2500
1509,1076669331,987.251,0.386,54.407,0.344,0.214,0.977,0.631,1.297,964.587,63.501,201.088,1509,1204,2305
1510,1076847350,1030.039,0.395,53.734,-0.329,0.205,0.936,0.605,1.242,964.404,63.489,201.05,1510,2207,2552
1511,1036597444,827.527,0.344,53.395,-0.667,0.256,1.165,0.752,1.546,963.951,63.459,200.955,1511,2478,1175
1512,1076847174,1109.99,0.409,53.94,-0.123,0.191,0.868,0.561,1.152,963.888,63.455,200.942,1512,1979,2875
1513,842543041,993.529,0.387,53.57,-0.493,0.213,0.97,0.626,1.287,963.399,63.423,200.84,1513,2350,2354
1514,1076781068,761.627,0.323,54.065,0.003,0.277,1.264,0.816,1.677,962.663,63.375,200.686,1514,1796,720
1515,1154662435,508.868,0.185,51.131,-2.932,0.415,1.889,1.22,2.507,961.361,63.289,200.415,1515,3409,5
1516,1076860343,846.879,0.351,55.042,0.98,0.249,1.134,0.732,1.505,960.216,63.214,200.176,1516,457,1363
1517,1152297101,939.329,0.376,51.464,-2.598,0.224,1.022,0.66,1.356,960.109,63.207,200.154,1517,3316,2050
1518,482558993,529.805,0.203,50.795,-3.268,0.397,1.811,1.17,2.403,959.444,63.163,200.016,1518,3483,30
1519,1076780918,905.821,0.368,53.618,-0.444,0.232,1.059,0.684,1.405,959.058,63.137,199.935,1519,2312,1805
1520,1076860413,1185.106,0.422,54.258,0.195,0.178,0.809,0.522,1.074,958.763,63.118,199.874,1520,1471,3104
1521,1076860391,1157.629,0.418,54.184,0.122,0.182,0.828,0.535,1.099,958.742,63.117,199.869,1521,1606,3038
1522,1076703094,801.016,0.338,52.423,-1.639,0.262,1.196,0.772,1.587,957.713,63.049,199.655,1522,2929,1019
1523,1076669312,801.203,0.338,53.997,-0.065,0.262,1.194,0.771,1.584,956.642,62.978,199.431,1523,1899,1029
1524,1076703140,1232.723,0.43,55.447,1.385,0.17,0.776,0.501,1.029,956.158,62.946,199.331,1524,234,3215
1525,1036223168,780.029,0.331,55.262,1.199,0.269,1.226,0.791,1.626,955.969,62.934,199.291,1525,303,871
1526,1077038936,911.483,0.37,55.122,1.06,0.23,1.049,0.677,1.392,955.942,62.932,199.286,1526,387,1871
1527,1077443382,796.663,0.337,54.741,0.678,0.263,1.199,0.774,1.591,955.186,62.882,199.128,1527,752,995
1528,1076847283,1409.689,0.451,56.362,2.3,0.149,0.677,0.437,0.899,954.89,62.863,199.066,1528,49,3404
1529,1154205104,708.947,0.305,52.429,-1.633,0.295,1.347,0.87,1.787,954.643,62.847,199.015,1529,2926,487
1530,1154157011,769.462,0.328,53.63,-0.433,0.272,1.24,0.801,1.646,954.325,62.826,198.948,1530,2303,816
1531,1154170406,1049.048,0.4,52.404,-1.658,0.2,0.909,0.587,1.207,953.911,62.799,198.862,1531,2944,2697
1532,497795184,523.063,0.2,51.299,-2.763,0.4,1.823,1.178,2.42,953.771,62.789,198.833,1532,3363,24
1533,1077278890,948.511,0.379,53.863,-0.2,0.221,1.005,0.649,1.334,953.591,62.777,198.795,1533,2071,2141
1534,473747049,756.375,0.323,54.424,0.362,0.277,1.26,0.814,1.672,953.216,62.753,198.717,1534,1178,744
1535,1151910878,1018.47,0.395,52.386,-1.677,0.205,0.935,0.604,1.241,952.531,62.708,198.574,1535,2955,2560
1536,1076669433,806.02,0.341,53.728,-0.335,0.259,1.181,0.763,1.568,952.235,62.688,198.513,1536,2213,1095
1537,1036231369,1080.332,0.407,57.486,3.424,0.193,0.881,0.569,1.169,951.765,62.657,198.415,1537,3,2824
1538,117601185,885.104,0.364,54.757,0.695,0.236,1.075,0.694,1.427,951.653,62.65,198.391,1538,735,1702
1539,482558994,516.292,0.196,50.989,-3.073,0.404,1.843,1.19,2.446,951.62,62.648,198.384,1539,3442,18
1540,1153091671,934.175,0.377,52.7,-1.362,0.223,1.018,0.657,1.351,950.876,62.599,198.229,1540,2818,2074
1541,473747065,700.013,0.302,54.365,0.302,0.298,1.358,0.877,1.803,950.845,62.597,198.223,1541,1275,446
1542,1077428183,1333.663,0.444,54.94,0.878,0.156,0.712,0.46,0.945,950.169,62.552,198.082,1542,539,3351
1543,1076669442,935.121,0.377,54.651,0.588,0.223,1.014,0.655,1.346,948.459,62.44,197.725,1543,841,2098
1544,483121462,827.962,0.349,55.466,1.403,0.251,1.146,0.74,1.52,948.447,62.439,197.723,1544,221,1293
1545,1076781225,1017.573,0.395,53.672,-0.391,0.205,0.932,0.602,1.237,948.346,62.432,197.702,1545,2269,2584
1546,1076781186,893.126,0.367,54.358,0.295,0.233,1.061,0.685,1.408,947.444,62.373,197.514,1546,1286,1786
1547,482384798,698.369,0.302,55.876,1.813,0.298,1.356,0.876,1.799,946.874,62.335,197.395,1547,123,455
1548,1076781171,1090.72,0.41,54.301,0.238,0.19,0.867,0.56,1.151,945.971,62.276,197.207,1548,1392,2882
1549,1036231385,1080.344,0.408,55.626,1.564,0.192,0.876,0.565,1.162,945.902,62.271,197.192,1549,163,2852
1550,1076669250,765.791,0.329,54.506,0.444,0.271,1.234,0.797,1.638,945.117,62.22,197.029,1550,1031,841
1551,482558528,685.164,0.297,53.381,-0.682,0.303,1.379,0.891,1.83,945.029,62.214,197.01,1551,2488,400
1552,1077278356,625.483,0.269,54.158,0.096,0.331,1.511,0.976,2.005,944.88,62.204,196.979,1552,1651,174
1553,473763181,530.212,0.209,52.636,-1.426,0.391,1.782,1.151,2.365,944.756,62.196,196.953,1553,2843,36
1554,497795183,548.156,0.222,51.092,-2.97,0.378,1.723,1.112,2.286,944.24,62.162,196.846,1554,3415,53
1555,1026166964,831.578,0.351,54.725,0.662,0.249,1.135,0.733,1.506,943.599,62.12,196.712,1555,771,1357
1556,1036597586,1061.165,0.405,54.014,-0.048,0.195,0.889,0.574,1.18,943.361,62.104,196.663,1556,1871,2788
1557,1036223165,780.018,0.335,55.491,1.428,0.265,1.209,0.781,1.605,943.296,62.1,196.649,1557,213,951
1558,1154170402,977.016,0.388,52.535,-1.527,0.212,0.965,0.623,1.281,942.977,62.079,196.583,1558,2880,2377
1559,1077278355,873.033,0.363,53.983,-0.08,0.237,1.08,0.697,1.433,942.699,62.06,196.525,1559,1915,1671
1560,1076780863,857.276,0.359,54.705,0.643,0.241,1.1,0.71,1.459,942.69,62.06,196.523,1560,788,1545
1561,1077278855,1186.448,0.426,53.836,-0.226,0.174,0.795,0.513,1.054,942.643,62.057,196.513,1561,2097,3155
1562,1077375564,910.091,0.373,54.276,0.213,0.227,1.034,0.668,1.372,941.032,61.951,196.177,1562,1443,1962
1563,1077443379,977.944,0.389,54.29,0.227,0.211,0.962,0.621,1.277,940.843,61.938,196.138,1563,1413,2390
1564,1076781331,896.132,0.37,51.423,-2.639,0.23,1.05,0.678,1.393,940.713,61.93,196.111,1564,3333,1864
1565,1036597524,705.979,0.308,54.581,0.518,0.292,1.332,0.86,1.768,940.601,61.922,196.087,1565,927,517
1566,1026166972,784.477,0.337,54.282,0.22,0.263,1.199,0.774,1.591,940.342,61.905,196.033,1566,1429,996
1567,1036231366,1080.333,0.409,56.845,2.783,0.191,0.87,0.562,1.155,940.063,61.887,195.975,1567,22,2872
1568,1077127012,693.437,0.303,55.593,1.531,0.297,1.355,0.875,1.798,939.791,61.869,195.919,1568,175,458
1569,1152854496,957.02,0.385,52.734,-1.329,0.215,0.982,0.634,1.303,939.384,61.842,195.834,1569,2806,2265
1570,1076860393,1160.274,0.422,54.221,0.159,0.178,0.81,0.523,1.074,939.378,61.842,195.832,1570,1540,3099
1571,1036223163,780.009,0.336,54.988,0.926,0.264,1.204,0.777,1.597,938.842,61.806,195.721,1571,492,981
1572,1152838453,810.172,0.346,52.706,-1.357,0.254,1.159,0.748,1.538,938.71,61.798,195.693,1572,2814,1220
1573,1076669216,676.197,0.296,54.703,0.64,0.304,1.387,0.896,1.841,938.16,61.762,195.578,1573,792,375
1574,1154662433,509.195,0.196,53.557,-0.505,0.404,1.842,1.19,2.445,938.142,61.76,195.575,1574,2360,19
1575,482577173,516.534,0.202,51.379,-2.683,0.398,1.816,1.173,2.41,937.96,61.748,195.537,1575,3344,27
1576,1076780951,901.365,0.372,54.443,0.381,0.228,1.04,0.672,1.381,937.82,61.739,195.508,1576,1137,1922
1577,1076781253,721.635,0.315,53.489,-0.574,0.285,1.298,0.838,1.722,936.38,61.644,195.207,1577,2411,609
1578,424468883,534.417,0.216,50.564,-3.498,0.384,1.752,1.131,2.325,936.216,61.634,195.173,1578,3514,45
1579,1036597654,758.284,0.329,54.81,0.747,0.271,1.235,0.797,1.638,936.152,61.629,195.16,1579,665,840
1580,1076860434,1265.816,0.438,54.527,0.464,0.162,0.739,0.478,0.981,935.953,61.616,195.118,1580,1000,3297
1581,483066853,775.363,0.335,54.323,0.26,0.265,1.207,0.779,1.601,935.652,61.597,195.056,1581,1344,968
1582,483107643,1484.977,0.462,53.671,-0.391,0.138,0.63,0.407,0.836,935.519,61.588,195.028,1582,2271,3474
1583,482384800,752.713,0.327,54.004,-0.058,0.273,1.242,0.802,1.648,935.03,61.556,194.926,1583,1886,807
1584,1036231388,1080.345,0.41,54.856,0.793,0.19,0.865,0.558,1.148,934.248,61.504,194.763,1584,616,2889
1585,1036262232,584.546,0.249,54.428,0.366,0.351,1.598,1.032,2.12,933.874,61.479,194.685,1585,1164,95
1586,1151692803,1037.089,0.402,52.49,-1.573,0.198,0.9,0.581,1.195,933.708,61.469,194.65,1586,2902,2735
1587,1026166942,1049.44,0.405,51.9,-2.162,0.195,0.889,0.574,1.18,933.11,61.429,194.526,1587,3155,2787
1588,1076669304,779.141,0.337,53.829,-0.233,0.263,1.197,0.773,1.588,932.364,61.38,194.37,1588,2108,1013
1589,117601179,885.084,0.369,54.467,0.405,0.231,1.053,0.68,1.398,932.157,61.366,194.327,1589,1087,1843
1590,1150837158,990.097,0.394,53.703,-0.359,0.206,0.941,0.607,1.248,931.256,61.307,194.139,1590,2236,2529
1591,482557227,528.08,0.213,55.406,1.344,0.387,1.763,1.139,2.34,931.065,61.295,194.099,1591,251,41
1592,1076703041,770.293,0.335,54.592,0.529,0.265,1.209,0.781,1.604,931.012,61.291,194.088,1592,910,955
1593,473763182,523.535,0.21,52.264,-1.798,0.39,1.778,1.148,2.359,930.692,61.27,194.022,1593,2996,39
1594,1036231384,1080.344,0.411,56.02,1.957,0.189,0.861,0.556,1.142,929.828,61.213,193.841,1594,94,2904
1595,1036231376,1080.252,0.411,56.064,2.002,0.189,0.861,0.556,1.142,929.566,61.196,193.787,1595,86,2907
1596,1153098122,833.843,0.355,52.036,-2.026,0.245,1.115,0.72,1.479,929.499,61.191,193.773,1596,3103,1467
1597,117601159,638.271,0.281,52.124,-1.938,0.319,1.456,0.94,1.932,929.279,61.177,193.727,1597,3065,251
1598,1076669254,1173.037,0.426,54.457,0.394,0.174,0.791,0.511,1.05,928.243,61.109,193.511,1598,1110,3167
1599,1077127011,687.605,0.304,55.262,1.199,0.296,1.349,0.871,1.79,927.554,61.063,193.367,1599,303,479
1600,1076669405,634.774,0.279,53.224,-0.838,0.321,1.461,0.944,1.939,927.47,61.058,193.35,1600,2575,240
1601,633556114,795.025,0.344,54.93,0.867,0.256,1.166,0.753,1.548,927.277,61.045,193.31,1601,548,1170
1602,1036223159,780.003,0.339,55.218,1.156,0.261,1.188,0.767,1.577,926.666,61.005,193.182,1602,327,1064
1603,1076669202,776.879,0.338,54.993,0.931,0.262,1.192,0.77,1.582,926.088,60.967,193.062,1603,486,1040
1604,1076847209,1290.907,0.443,55.253,1.19,0.157,0.717,0.463,0.952,925.894,60.954,193.021,1604,306,3336
1605,1076780860,835.092,0.357,54.412,0.349,0.243,1.108,0.716,1.47,925.337,60.917,192.905,1605,1195,1502
1606,1154422044,500.138,0.194,52.443,-1.619,0.406,1.849,1.194,2.453,924.659,60.873,192.764,1606,2923,17
1607,541596227,709.981,0.314,53.936,-0.127,0.286,1.302,0.841,1.728,924.48,60.861,192.727,1607,1986,598
1608,1153928501,718.002,0.317,51.169,-2.894,0.283,1.287,0.831,1.708,924.353,60.853,192.7,1608,3397,650
1609,1076847387,736.224,0.325,54.088,0.026,0.275,1.255,0.81,1.665,923.848,60.819,192.595,1609,1756,762
1610,1076847185,999.079,0.397,54.774,0.711,0.203,0.925,0.597,1.227,923.793,60.816,192.583,1610,716,2622
1611,1076781255,800.194,0.347,53.992,-0.07,0.253,1.153,0.745,1.53,922.811,60.751,192.379,1611,1908,1252
1612,761380733,773.002,0.338,55.377,1.314,0.262,1.193,0.77,1.583,922.163,60.708,192.243,1612,261,1031
1613,1076781034,870.256,0.367,54.159,0.097,0.233,1.06,0.684,1.406,922.071,60.702,192.224,1613,1649,1798
1614,1077375476,786.009,0.343,53.646,-0.416,0.257,1.171,0.756,1.554,920.62,60.607,191.922,1614,2287,1148
1615,1036223164,631.089,0.28,55.158,1.096,0.32,1.458,0.942,1.935,920.353,60.589,191.866,1615,363,246
1616,1076669308,878.699,0.37,53.858,-0.205,0.23,1.047,0.676,1.389,919.888,60.559,191.769,1616,2077,1880
1617,1076669322,1178.388,0.429,54.316,0.253,0.171,0.781,0.504,1.036,919.883,60.558,191.768,1617,1362,3192
1618,1154205168,829.809,0.357,52.208,-1.854,0.243,1.108,0.716,1.471,919.695,60.546,191.729,1618,3016,1499
1619,1036231377,1080.338,0.413,55.958,1.896,0.187,0.851,0.549,1.129,918.866,60.491,191.556,1619,106,2955
1620,1026131909,781.701,0.342,55.6,1.537,0.258,1.174,0.758,1.559,918.093,60.441,191.395,1620,169,1132
1621,1036231375,1080.252,0.414,56.169,2.107,0.186,0.85,0.549,1.128,918.038,60.437,191.384,1621,73,2958
1622,1036597585,745.011,0.33,54.356,0.294,0.27,1.232,0.795,1.634,917.592,60.408,191.291,1622,1290,848
1623,1076781153,801.138,0.349,53.915,-0.147,0.251,1.145,0.74,1.52,917.516,60.403,191.275,1623,2019,1296
1624,473763174,491.132,0.19,51.629,-2.434,0.41,1.867,1.206,2.477,916.876,60.36,191.141,1624,3256,13
1625,1076669116,623.901,0.278,54.523,0.461,0.322,1.469,0.949,1.95,916.743,60.352,191.114,1625,1008,227
1626,483051908,793.978,0.347,53.827,-0.236,0.253,1.154,0.745,1.531,916.236,60.318,191.008,1626,2110,1249
1627,497795191,513.117,0.209,50.936,-3.126,0.391,1.781,1.15,2.363,913.63,60.147,190.465,1627,3456,38
1628,1077127009,678.794,0.305,54.316,0.254,0.295,1.345,0.869,1.785,913.063,60.109,190.346,1628,1361,492
1629,1152356072,793.41,0.348,52.455,-1.608,0.252,1.151,0.743,1.527,912.874,60.097,190.307,1629,2916,1268
1630,1036597591,1213.211,0.435,54.433,0.37,0.165,0.751,0.485,0.997,911.559,60.01,190.033,1630,1159,3268
1631,1152302753,816.706,0.355,53.207,-0.855,0.245,1.115,0.72,1.48,910.742,59.957,189.863,1631,2586,1466
1632,1076781169,782.876,0.345,54.297,0.235,0.255,1.163,0.751,1.543,910.579,59.946,189.829,1632,1396,1185
1633,1077042033,1015.986,0.403,54.34,0.278,0.197,0.896,0.579,1.189,910.489,59.94,189.81,1633,1318,2754
1634,482558995,484.663,0.188,51.017,-3.045,0.412,1.877,1.212,2.491,909.697,59.888,189.645,1634,3432,10
1635,473763180,524.644,0.22,50.797,-3.265,0.38,1.733,1.119,2.3,909.438,59.871,189.591,1635,3482,47
1636,1076860406,914.245,0.382,52.72,-1.342,0.218,0.993,0.642,1.318,908.277,59.794,189.349,1636,2807,2199
1637,1036262228,950.96,0.39,54.395,0.333,0.21,0.955,0.617,1.267,908.16,59.787,189.324,1637,1225,2445
1638,1154662434,496.877,0.199,52.859,-1.203,0.401,1.828,1.18,2.425,908.084,59.782,189.308,1638,2742,22
1639,1077375491,1272.241,0.443,54.433,0.371,0.157,0.714,0.461,0.947,907.978,59.775,189.286,1639,1158,3345
1640,1154207940,743.981,0.332,52.597,-1.465,0.268,1.22,0.788,1.619,907.671,59.754,189.222,1640,2853,907
1641,1036597546,1088.083,0.417,53.225,-0.838,0.183,0.834,0.539,1.107,907.653,59.753,189.219,1641,2574,3022
1642,1151904988,1217.812,0.436,52.734,-1.328,0.164,0.745,0.481,0.989,907.64,59.752,189.216,1642,2805,3282
1643,1077278801,706.965,0.318,53.078,-0.984,0.282,1.284,0.829,1.704,907.615,59.751,189.211,1643,2655,661
1644,1076847183,757.015,0.337,54.868,0.805,0.263,1.198,0.774,1.59,906.853,59.701,189.052,1644,602,1001
1645,1036597449,759.943,0.338,53.18,-0.882,0.262,1.192,0.77,1.582,905.907,59.638,188.855,1645,2607,1037
1646,1076781140,937.375,0.388,53.939,-0.124,0.212,0.966,0.624,1.282,905.599,59.618,188.79,1646,1981,2371
1647,1152321782,969.923,0.395,52.386,-1.677,0.205,0.933,0.603,1.238,905.042,59.581,188.674,1647,2954,2578
1648,1036262227,950.723,0.391,54.113,0.051,0.209,0.952,0.615,1.263,904.994,59.578,188.664,1648,1721,2462
1649,473747051,934.108,0.388,54.645,0.583,0.212,0.968,0.625,1.285,904.531,59.548,188.568,1649,845,2361
1650,1077038994,791.436,0.349,54.423,0.36,0.251,1.143,0.738,1.516,904.272,59.531,188.514,1650,1181,1314
1651,1156849058,496.055,0.2,51.632,-2.431,0.4,1.822,1.176,2.417,903.594,59.486,188.373,1651,3255,25
1652,1077375445,968.31,0.395,54.961,0.898,0.205,0.933,0.603,1.238,903.556,59.484,188.365,1652,513,2577
1653,1077375523,699.525,0.317,54.6,0.538,0.283,1.291,0.834,1.714,903.43,59.475,188.338,1653,898,630
1654,1036597556,967.54,0.395,53.67,-0.392,0.205,0.933,0.603,1.239,903.152,59.457,188.28,1654,2272,2574
1655,1076781022,939.217,0.389,54.059,-0.003,0.211,0.961,0.621,1.276,902.765,59.431,188.2,1655,1811,2398
1656,1076703096,807.738,0.355,54.707,0.644,0.245,1.117,0.721,1.482,902.346,59.404,188.112,1656,787,1454
1657,1076669078,693.234,0.315,55.863,1.801,0.285,1.301,0.84,1.726,901.746,59.364,187.987,1657,126,602
1658,1153945234,809.675,0.356,52.878,-1.185,0.244,1.114,0.719,1.478,901.636,59.357,187.964,1658,2737,1478
1659,1076781083,865.259,0.371,54.207,0.144,0.229,1.042,0.673,1.383,901.591,59.354,187.955,1659,1572,1910
1660,1152855195,818.364,0.358,54.074,0.012,0.242,1.101,0.711,1.461,901.208,59.329,187.875,1660,1775,1534
1661,1076781211,925.255,0.386,53.624,-0.439,0.214,0.973,0.628,1.291,900.269,59.267,187.679,1661,2309,2332
1662,467788647,742.662,0.334,49.836,-4.227,0.266,1.211,0.782,1.607,899.353,59.207,187.488,1662,3585,940
1663,1076669220,971.663,0.397,54.417,0.355,0.203,0.925,0.598,1.228,899.223,59.198,187.461,1663,1187,2614
1664,1026140659,718.551,0.326,54.204,0.142,0.274,1.251,0.808,1.659,898.577,59.156,187.327,1664,1576,781
1665,1026140653,1954.193,0.499,54.957,0.894,0.101,0.46,0.297,0.61,898.548,59.154,187.32,1665,521,3584
1666,1077375542,775.051,0.346,55.021,0.959,0.254,1.159,0.749,1.538,898.43,59.146,187.296,1666,470,1216
1667,1152321566,1087.389,0.419,50.961,-3.101,0.181,0.826,0.533,1.096,898.064,59.122,187.22,1667,3450,3046
1668,473763163,679.242,0.31,55.096,1.033,0.29,1.321,0.853,1.753,897.43,59.08,187.087,1668,407,541
1669,1154174287,698.26,0.318,53.566,-0.496,0.282,1.284,0.829,1.704,896.401,59.012,186.873,1669,2352,662
1670,1076669160,801.644,0.355,54.459,0.397,0.245,1.117,0.722,1.483,895.653,58.963,186.717,1670,1102,1451
1671,482404638,759.408,0.341,55.278,1.216,0.259,1.179,0.761,1.565,895.414,58.948,186.667,1671,296,1107
1672,669298101,460.413,0.173,50.863,-3.199,0.427,1.944,1.255,2.58,894.998,58.92,186.58,1672,3468,2
1673,1153095797,763.106,0.343,52.619,-1.443,0.257,1.172,0.757,1.556,894.702,58.901,186.519,1673,2848,1141
1674,1076669201,662.62,0.304,54.879,0.816,0.296,1.35,0.872,1.791,894.41,58.881,186.458,1674,593,476
1675,1076669146,707.358,0.323,54.302,0.24,0.277,1.264,0.816,1.677,894.055,58.858,186.384,1675,1389,721
1676,1036223169,780.031,0.349,55.329,1.267,0.251,1.145,0.74,1.52,893.497,58.821,186.267,1676,275,1294
1677,497795175,489.618,0.2,51.289,-2.773,0.4,1.825,1.179,2.422,893.494,58.821,186.267,1677,3367,23
1678,117601183,935.123,0.391,54.165,0.102,0.209,0.954,0.616,1.266,892.198,58.736,185.997,1678,1640,2452
1679,1076860328,1466.911,0.467,54.397,0.334,0.133,0.608,0.393,0.807,891.669,58.701,185.886,1679,1221,3502
1680,1076669372,736.207,0.334,53.615,-0.447,0.266,1.211,0.782,1.607,891.571,58.695,185.866,1680,2313,939
1681,1076860334,1342.408,0.454,54.339,0.276,0.146,0.664,0.429,0.881,891.5,58.69,185.851,1681,1323,3427
1682,431430456,645.625,0.297,53.788,-0.275,0.303,1.381,0.892,1.832,891.32,58.678,185.814,1682,2163,395
1683,473763178,503.425,0.212,51.03,-3.032,0.388,1.77,1.143,2.349,891.26,58.674,185.801,1683,3427,40
1684,497795171,475.981,0.189,51.891,-2.171,0.411,1.872,1.209,2.485,891.215,58.671,185.792,1684,3157,12
1685,497795164,553.407,0.247,50.662,-3.401,0.353,1.61,1.04,2.136,890.881,58.649,185.722,1685,3498,87
1686,482558992,496.682,0.206,51.009,-3.053,0.394,1.794,1.158,2.38,890.799,58.644,185.705,1686,3434,33
1687,1077039003,792.716,0.354,54.314,0.251,0.246,1.123,0.725,1.49,890.349,58.614,185.611,1687,1365,1421
1688,1076669128,642.532,0.296,54.346,0.284,0.304,1.386,0.895,1.839,890.34,58.613,185.609,1688,1308,380
1689,1152826415,743.963,0.337,54.038,-0.025,0.263,1.196,0.773,1.588,890.01,58.592,185.54,1689,1843,1014
1690,1077278295,1347.51,0.455,54.13,0.067,0.145,0.66,0.426,0.875,888.886,58.518,185.306,1690,1697,3433
1691,1077376141,1311.728,0.451,55.38,1.317,0.149,0.678,0.438,0.899,888.711,58.506,185.27,1691,259,3403
1692,482384793,593.263,0.271,55.614,1.551,0.329,1.498,0.967,1.987,888.53,58.494,185.232,1692,165,193
1693,1036231429,759.189,0.343,52.745,-1.317,0.257,1.17,0.756,1.553,888.493,58.492,185.224,1693,2796,1154
1694,1154654152,582.937,0.266,54.146,0.084,0.334,1.522,0.983,2.02,887.505,58.427,185.018,1694,1672,159
1695,1036231383,1080.351,0.42,55.566,1.503,0.18,0.821,0.53,1.09,887.219,58.408,184.959,1695,181,3060
1696,1077443361,743.792,0.338,54.936,0.874,0.262,1.193,0.77,1.583,887.009,58.394,184.915,1696,543,1034
1697,1076669223,892.398,0.382,54.581,0.519,0.218,0.994,0.642,1.319,886.907,58.387,184.894,1697,925,2198
1698,1153928500,741.83,0.338,52.4,-1.662,0.262,1.195,0.772,1.586,886.847,58.384,184.881,1698,2947,1020
1699,1076781067,881.662,0.379,54.463,0.401,0.221,1.006,0.649,1.334,886.596,58.367,184.829,1699,1095,2139
1700,1077042049,953.051,0.396,53.541,-0.522,0.204,0.93,0.601,1.234,886.405,58.354,184.789,1700,2371,2592
1701,1036223148,724.48,0.332,54.395,0.333,0.268,1.223,0.79,1.623,886.021,58.329,184.709,1701,1226,888
1702,482028145,496.544,0.209,51.539,-2.524,0.391,1.784,1.152,2.367,885.85,58.318,184.673,1702,3293,35
1703,424468855,542.556,0.242,50.643,-3.419,0.358,1.632,1.054,2.166,885.503,58.295,184.601,1703,3502,78
1704,1076860437,645.033,0.299,53.845,-0.217,0.301,1.373,0.887,1.822,885.451,58.292,184.59,1704,2088,415
1705,1036231370,1080.246,0.42,57.797,3.734,0.18,0.82,0.529,1.088,885.305,58.282,184.56,1705,1,3064
1706,497795174,475.492,0.192,51.679,-2.384,0.408,1.861,1.202,2.47,885.086,58.268,184.514,1706,3240,16
1707,1154205108,723.224,0.332,52.19,-1.873,0.268,1.223,0.79,1.623,884.598,58.235,184.412,1707,3027,887
1708,1076780823,786.619,0.353,55.081,1.018,0.247,1.124,0.726,1.492,884.161,58.207,184.321,1708,423,1415
1709,1076860331,1181.66,0.436,54.51,0.447,0.164,0.748,0.483,0.992,883.735,58.179,184.232,1709,1023,3278
1710,1036262224,825.842,0.365,54.679,0.617,0.235,1.069,0.691,1.419,883.093,58.136,184.099,1710,811,1735
1711,497795173,449.487,0.169,51.932,-2.131,0.431,1.964,1.268,2.606,882.687,58.11,184.014,1711,3146,1
1712,842543026,1510.26,0.472,53.437,-0.625,0.128,0.584,0.377,0.776,882.643,58.107,184.005,1712,2441,3523
1713,1077278826,918.151,0.389,53.991,-0.071,0.211,0.961,0.621,1.275,882.4,58.091,183.954,1713,1910,2399
1714,1076669182,826.382,0.366,54.646,0.584,0.234,1.067,0.689,1.416,881.771,58.049,183.823,1714,844,1744
1715,1036597667,715.06,0.329,54.101,0.039,0.271,1.233,0.796,1.636,881.701,58.045,183.808,1715,1740,846
1716,1076669411,634.893,0.296,53.495,-0.567,0.304,1.387,0.896,1.841,880.634,57.975,183.586,1716,2404,376
1717,1036231374,1080.337,0.421,56.337,2.275,0.179,0.815,0.526,1.081,879.959,57.93,183.445,1717,51,3084
1718,1036597629,1346.751,0.457,54.653,0.591,0.143,0.653,0.422,0.867,879.776,57.918,183.407,1718,837,3439
1719,1077443359,839.869,0.37,54.987,0.924,0.23,1.047,0.676,1.39,879.626,57.908,183.376,1719,493,1878
1720,1076781096,628.732,0.293,54.271,0.208,0.307,1.399,0.903,1.856,879.314,57.888,183.311,1720,1448,343
1721,1036526106,811.425,0.362,54.466,0.404,0.238,1.084,0.7,1.438,879.191,57.88,183.285,1721,1089,1639
1722,1076781104,716.355,0.331,53.682,-0.38,0.269,1.225,0.791,1.626,877.592,57.774,182.952,1722,2260,877
1723,1077038996,893.856,0.385,54.286,0.224,0.215,0.981,0.634,1.302,877.193,57.748,182.869,1723,1421,2268
1724,1036597511,955.486,0.399,53.958,-0.104,0.201,0.918,0.593,1.218,877.168,57.746,182.863,1724,1952,2656
1725,353995514,716.355,0.332,54.393,0.33,0.268,1.223,0.79,1.624,876.449,57.699,182.714,1725,1231,883
1726,1077278285,740.838,0.341,53.168,-0.894,0.259,1.182,0.764,1.569,875.923,57.664,182.604,1726,2613,1087
1727,442215258,621.005,0.291,54.466,0.403,0.309,1.41,0.911,1.871,875.639,57.646,182.545,1727,1090,325
1728,1076781290,1036.684,0.415,53.697,-0.365,0.185,0.844,0.545,1.121,875.427,57.632,182.5,1728,2245,2990
1729,1151908483,816.895,0.365,51.606,-2.456,0.235,1.072,0.692,1.422,875.421,57.631,182.499,1729,3266,1721
1730,1076781102,841.541,0.372,53.026,-1.037,0.228,1.04,0.671,1.38,874.905,57.597,182.392,1730,2671,1929
1731,1154662432,564.284,0.26,53.79,-0.272,0.34,1.55,1.001,2.057,874.542,57.573,182.316,1731,2158,136
1732,1076847332,1252.847,0.447,54.481,0.418,0.153,0.698,0.451,0.926,874.375,57.562,182.281,1732,1064,3371
1733,1076669215,637.441,0.299,54.658,0.596,0.301,1.372,0.886,1.82,874.331,57.56,182.272,1733,835,419
1734,1076860429,775.207,0.353,54.749,0.687,0.247,1.127,0.728,1.496,873.883,57.53,182.178,1734,741,1397
1735,1036231387,1080.345,0.423,54.875,0.813,0.177,0.809,0.522,1.073,873.813,57.525,182.164,1735,599,3105
1736,1029631499,794.489,0.359,54.559,0.496,0.241,1.099,0.71,1.459,873.431,57.5,182.084,1736,960,1547
1737,497795170,475.61,0.197,52.225,-1.838,0.403,1.836,1.185,2.436,873.065,57.476,182.008,1737,3009,20
1738,482576988,485.279,0.205,51.131,-2.931,0.395,1.799,1.162,2.387,873.044,57.475,182.004,1738,3408,32
1739,1076669404,642.401,0.302,52.838,-1.224,0.298,1.359,0.878,1.803,872.975,57.47,181.989,1739,2754,443
1740,1076669378,1288.423,0.451,53.999,-0.064,0.149,0.677,0.437,0.898,872.333,57.428,181.855,1740,1895,3406
1741,473763158,679.252,0.318,54.745,0.682,0.282,1.284,0.829,1.704,872.328,57.428,181.854,1741,749,660
1742,1076669303,934.913,0.395,54.031,-0.031,0.205,0.932,0.602,1.237,871.448,57.37,181.671,1742,1849,2582
1743,1152833991,929.909,0.394,53.884,-0.179,0.206,0.937,0.605,1.243,871.303,57.36,181.641,1743,2048,2549
1744,473763177,475.417,0.198,51.524,-2.538,0.402,1.832,1.183,2.431,870.859,57.331,181.548,1744,3300,21
1745,1076703024,898.063,0.387,54.469,0.406,0.213,0.97,0.626,1.287,870.731,57.323,181.521,1745,1083,2356
1746,473747071,621.168,0.293,55.201,1.139,0.307,1.401,0.905,1.859,870.4,57.301,181.452,1746,338,341
1747,424468824,546.035,0.25,49.905,-4.158,0.35,1.594,1.029,2.115,870.257,57.291,181.423,1747,3579,98
1748,1076669097,858.75,0.378,54.968,0.906,0.222,1.013,0.654,1.344,869.597,57.248,181.285,1748,509,2109
1749,633556043,597.446,0.281,54.507,0.444,0.319,1.456,0.94,1.931,869.597,57.248,181.285,1749,1030,252
1750,1077278298,892.838,0.386,54.068,0.005,0.214,0.973,0.629,1.292,869.137,57.218,181.189,1750,1789,2328
1751,1154410294,734.842,0.341,53.816,-0.246,0.259,1.182,0.763,1.568,868.355,57.166,181.026,1751,2129,1091
1752,1026140644,645.349,0.305,53.979,-0.084,0.295,1.344,0.868,1.784,867.623,57.118,180.874,1752,1926,494
1753,1076860405,804.358,0.363,52.429,-1.633,0.237,1.078,0.696,1.431,867.378,57.102,180.823,1753,2925,1680
1754,1156491103,567.2,0.265,49.742,-4.321,0.335,1.528,0.987,2.028,866.743,57.06,180.69,1754,3591,154
1755,1076847138,910.973,0.391,54.291,0.229,0.209,0.951,0.614,1.262,866.647,57.054,180.67,1755,1410,2469
1756,1154664406,564.029,0.263,50.36,-3.702,0.337,1.535,0.991,2.037,865.842,57.001,180.502,1756,3537,145
1757,1076781076,870.016,0.382,53.9,-0.162,0.218,0.995,0.643,1.321,865.808,56.998,180.495,1757,2034,2191
1758,1029559979,965.523,0.403,53.406,-0.657,0.197,0.896,0.579,1.19,865.527,56.98,180.436,1758,2469,2751
1759,1077038982,918.436,0.393,54.392,0.33,0.207,0.942,0.609,1.251,865.516,56.979,180.434,1759,1233,2523
1760,482252860,861.978,0.38,54.813,0.75,0.22,1.004,0.648,1.332,865.267,56.963,180.382,1760,664,2147
1761,1076781258,1251.253,0.448,54.215,0.152,0.152,0.691,0.446,0.917,864.897,56.938,180.305,1761,1557,3380
1762,1153089993,940.843,0.398,53.526,-0.536,0.202,0.918,0.593,1.219,864.161,56.89,180.152,1762,2377,2655
1763,1077375451,823.764,0.37,54.612,0.549,0.23,1.048,0.677,1.391,863.189,56.826,179.949,1763,883,1875
1764,1077375596,840.586,0.375,54.43,0.367,0.225,1.026,0.663,1.362,862.733,56.796,179.854,1764,1162,2015
1765,473763176,462.515,0.191,51.837,-2.225,0.409,1.864,1.204,2.474,862.33,56.77,179.77,1765,3183,15
1766,1036597493,962.397,0.403,53.802,-0.261,0.197,0.896,0.579,1.189,862.255,56.765,179.754,1766,2149,2756
1767,1076847181,762.618,0.352,54.926,0.863,0.248,1.13,0.73,1.5,862.087,56.754,179.72,1767,553,1376
1768,1036231386,1080.344,0.425,55.008,0.946,0.175,0.798,0.515,1.058,861.661,56.725,179.631,1768,478,3140
1769,1077278339,661.197,0.314,55.343,1.28,0.286,1.303,0.842,1.729,861.593,56.721,179.616,1769,272,594
1770,1076669042,723.386,0.339,55.248,1.186,0.261,1.191,0.769,1.58,861.346,56.705,179.565,1770,309,1046
1771,1036526077,1087.977,0.426,54.988,0.926,0.174,0.791,0.511,1.05,861.095,56.688,179.513,1771,491,3166
1772,1036231373,1080.337,0.425,56.933,2.871,0.175,0.797,0.515,1.057,860.781,56.668,179.447,1772,18,3144
1773,1153949974,723.701,0.339,53.049,-1.013,0.261,1.189,0.768,1.578,860.731,56.664,179.437,1773,2663,1055
1774,1077038949,754.297,0.35,55.151,1.088,0.25,1.14,0.736,1.513,859.93,56.612,179.27,1774,369,1326
1775,1076669838,783.566,0.359,55.123,1.06,0.241,1.097,0.709,1.456,859.729,56.598,179.228,1775,386,1562
1776,1153928502,714.023,0.336,53.395,-0.667,0.264,1.204,0.778,1.598,859.72,56.598,179.226,1776,2477,977
1777,1153939752,782.141,0.359,52.353,-1.71,0.241,1.099,0.71,1.458,859.496,56.583,179.179,1777,2968,1549
1778,1076669181,922.517,0.396,54.793,0.731,0.204,0.931,0.601,1.236,859.162,56.561,179.11,1778,687,2587
1779,1036597548,1102.481,0.429,53.197,-0.865,0.171,0.779,0.503,1.034,858.921,56.545,179.059,1779,2594,3198
1780,1036597571,726.453,0.341,55.429,1.367,0.259,1.181,0.763,1.568,858.207,56.498,178.911,1780,240,1096
1781,1152803658,1004.178,0.412,53.212,-0.85,0.188,0.854,0.552,1.134,858.038,56.487,178.875,1781,2581,2937
1782,1076860436,1029.945,0.417,54.175,0.112,0.183,0.833,0.538,1.105,857.727,56.466,178.811,1782,1623,3028
1783,1077376122,892.902,0.389,54.644,0.582,0.211,0.96,0.62,1.274,857.284,56.437,178.718,1783,847,2404
1784,1154416556,618.451,0.296,52.281,-1.782,0.304,1.384,0.894,1.837,855.955,56.35,178.441,1784,2986,386
1785,1076669225,843.297,0.377,54.415,0.353,0.223,1.015,0.655,1.347,855.819,56.341,178.413,1785,1189,2092
1786,1076703116,1196.741,0.443,54.453,0.391,0.157,0.715,0.462,0.949,855.63,56.328,178.373,1786,1117,3341
1787,442215250,620.993,0.298,54.281,0.218,0.302,1.378,0.89,1.828,855.537,56.322,178.354,1787,1433,405
1788,1076847184,893.344,0.39,54.888,0.826,0.21,0.958,0.618,1.271,855.525,56.321,178.351,1788,584,2424
1789,1154655793,642.892,0.308,53.484,-0.578,0.292,1.33,0.859,1.765,854.855,56.277,178.212,1789,2414,527
1790,1077039042,795.335,0.364,53.977,-0.086,0.236,1.074,0.694,1.425,854.129,56.23,178.06,1790,1931,1709
1791,497795189,499.759,0.225,50.147,-3.915,0.375,1.709,1.104,2.268,853.963,56.219,178.026,1791,3561,55
1792,1029631511,858.1,0.382,54.43,0.368,0.218,0.994,0.642,1.32,853.281,56.174,177.884,1792,1161,2194
1793,1156489164,556.213,0.263,52.017,-2.045,0.337,1.534,0.99,2.035,853.059,56.159,177.837,1793,3114,149
1794,1390448649,922.214,0.397,54.887,0.824,0.203,0.925,0.597,1.227,853.039,56.158,177.833,1794,585,2619
1795,497795192,485.504,0.215,51.038,-3.024,0.385,1.756,1.134,2.33,852.616,56.13,177.745,1795,3425,43
1796,1029631497,751.091,0.351,55.295,1.232,0.249,1.135,0.733,1.506,852.242,56.105,177.667,1796,288,1358
1797,1076669341,833.868,0.376,54.205,0.143,0.224,1.022,0.66,1.356,851.814,56.077,177.578,1797,1574,2054
1798,1154662431,547.6,0.259,53.232,-0.831,0.341,1.555,1.004,2.064,851.609,56.064,177.535,1798,2568,130
1799,1077039039,708.533,0.336,53.856,-0.207,0.264,1.202,0.776,1.595,851.535,56.059,177.52,1799,2079,988
1800,1036526126,743.467,0.349,54.228,0.165,0.251,1.145,0.74,1.52,851.353,56.047,177.482,1800,1523,1297
1801,1076847338,1666.939,0.488,54.069,0.007,0.112,0.51,0.33,0.677,850.882,56.016,177.384,1801,1782,3566
1802,848654798,729.295,0.344,52.276,-1.786,0.256,1.167,0.753,1.548,850.797,56.01,177.366,1802,2990,1167
1803,1036597605,1620.309,0.485,53.831,-0.232,0.115,0.525,0.339,0.697,850.633,55.999,177.332,1803,2105,3563
1804,633556045,890.936,0.391,54.353,0.29,0.209,0.954,0.616,1.267,850.387,55.983,177.28,1804,1295,2449
1805,1036231382,1080.35,0.427,55.476,1.413,0.173,0.787,0.508,1.044,850.293,55.977,177.261,1805,216,3177
1806,1076860426,925.44,0.399,54.232,0.169,0.201,0.918,0.593,1.218,849.431,55.92,177.081,1806,1514,2658
1807,1077039081,990.296,0.412,53.694,-0.369,0.188,0.858,0.554,1.138,849.203,55.905,177.034,1807,2249,2921
1808,1076781205,646.06,0.312,53.555,-0.508,0.288,1.312,0.848,1.742,847.904,55.82,176.763,1808,2362,566
1809,1076847314,666.844,0.321,55.078,1.015,0.279,1.271,0.821,1.687,847.678,55.805,176.716,1809,427,693
1810,117601149,884.963,0.39,54.703,0.64,0.21,0.956,0.618,1.269,846.315,55.715,176.431,1810,789,2431
1811,1150315080,443.608,0.181,51.132,-2.931,0.419,1.907,1.232,2.531,846.123,55.703,176.391,1811,3407,3
1812,1076669120,749.299,0.352,54.537,0.475,0.248,1.129,0.729,1.498,845.926,55.69,176.35,1812,982,1388
1813,1076780864,753.877,0.354,54.99,0.927,0.246,1.122,0.725,1.489,845.919,55.689,176.349,1813,490,1431
1814,1076781030,900.788,0.394,54.038,-0.024,0.206,0.938,0.606,1.245,844.885,55.621,176.133,1814,1842,2546
1815,428971223,448.511,0.187,50.881,-3.182,0.413,1.883,1.216,2.499,844.563,55.6,176.066,1815,3465,6
1816,1076669229,743.095,0.351,54.539,0.477,0.249,1.136,0.734,1.508,844.324,55.584,176.016,1816,979,1349
1817,483067665,762.716,0.357,54.476,0.414,0.243,1.106,0.715,1.468,843.914,55.557,175.931,1817,1070,1512
1818,1076847323,930.047,0.401,54.587,0.525,0.199,0.907,0.585,1.203,843.157,55.507,175.773,1818,920,2707
1819,1077376126,1169.996,0.442,55.514,1.452,0.158,0.72,0.465,0.956,842.849,55.487,175.709,1819,200,3330
1820,1029559947,680.588,0.329,53.362,-0.7,0.271,1.237,0.799,1.642,842.012,55.432,175.534,1820,2498,826
1821,1077278289,839.736,0.38,54.174,0.112,0.22,1.002,0.647,1.33,841.58,55.403,175.444,1821,1624,2157
1822,1156491104,566.428,0.274,50.246,-3.817,0.326,1.485,0.959,1.97,841.082,55.371,175.341,1822,3546,206
1823,1077278280,782.653,0.364,54.043,-0.019,0.236,1.074,0.693,1.425,840.319,55.32,175.181,1823,1832,1713
1824,1076669203,580.44,0.282,55.07,1.007,0.318,1.448,0.935,1.921,840.238,55.315,175.165,1824,434,263
1825,1077375541,951.505,0.406,54.665,0.603,0.194,0.882,0.57,1.171,839.421,55.261,174.994,1825,828,2820
1826,1026131911,779.999,0.364,55.03,0.968,0.236,1.076,0.695,1.428,839.103,55.24,174.928,1826,467,1699
1827,1036597557,814.055,0.374,54.942,0.88,0.226,1.03,0.665,1.367,838.526,55.202,174.808,1827,533,1989
1828,1077278294,1034.705,0.422,54.239,0.177,0.178,0.81,0.523,1.075,838.42,55.195,174.786,1828,1508,3097
1829,1077127013,648.152,0.316,55.673,1.611,0.284,1.293,0.835,1.716,837.923,55.163,174.682,1829,154,624
1830,1029559944,851.815,0.384,54.791,0.729,0.216,0.984,0.635,1.305,837.791,55.154,174.654,1830,693,2258
1831,1076781091,822.763,0.377,53.921,-0.141,0.223,1.018,0.657,1.351,837.483,55.134,174.59,1831,2006,2073
1832,1076781160,775.992,0.364,54.133,0.071,0.236,1.078,0.696,1.43,836.26,55.053,174.335,1832,1694,1687
1833,1077376121,849.124,0.384,54.629,0.566,0.216,0.985,0.636,1.307,836.113,55.044,174.305,1833,863,2249
1834,1076781142,964.633,0.41,54.157,0.094,0.19,0.866,0.559,1.149,835.439,54.999,174.164,1834,1655,2884
1835,1156510109,443.886,0.187,51.034,-3.029,0.413,1.882,1.215,2.497,835.324,54.992,174.14,1835,3426,8
1836,1076669444,947.959,0.407,55.06,0.998,0.193,0.881,0.569,1.169,835.059,54.974,174.085,1836,444,2825
1837,473763184,516.324,0.245,54.377,0.314,0.355,1.617,1.044,2.146,835.026,54.972,174.078,1837,1257,85
1838,1151904227,1037.651,0.424,52.938,-1.125,0.176,0.804,0.519,1.067,834.371,54.929,173.942,1838,2701,3117
1839,1076649583,847.799,0.384,54.679,0.617,0.216,0.984,0.635,1.305,833.999,54.904,173.864,1839,811,2255
1840,482761982,771.065,0.363,54.799,0.736,0.237,1.081,0.698,1.435,833.861,54.895,173.835,1840,681,1657
1841,842543049,608.356,0.299,54.984,0.922,0.301,1.371,0.885,1.819,833.789,54.891,173.82,1841,497,422
1842,1026140663,596.494,0.293,55.513,1.45,0.307,1.398,0.903,1.855,833.739,54.887,173.81,1842,202,344
1843,1076703198,532.201,0.256,54.682,0.619,0.344,1.566,1.012,2.079,833.69,54.884,173.8,1843,809,119
1844,1077278260,803.131,0.372,52.535,-1.528,0.228,1.038,0.67,1.377,833.649,54.881,173.791,1844,2882,1938
1845,1036597479,778.618,0.365,53.942,-0.121,0.235,1.07,0.691,1.42,833.437,54.867,173.747,1845,1976,1724
1846,1026166980,801.82,0.372,55.069,1.006,0.228,1.039,0.671,1.379,833.351,54.862,173.729,1846,435,1932
1847,1159591102,546.771,0.266,52.055,-2.007,0.334,1.523,0.984,2.021,832.771,54.824,173.608,1847,3093,158
1848,497795190,511.671,0.243,50.572,-3.49,0.357,1.626,1.05,2.158,832.219,54.787,173.493,1848,3512,81
1849,117601152,925.112,0.403,54.118,0.056,0.197,0.9,0.581,1.194,832.161,54.783,173.481,1849,1715,2737
1850,1076781175,751.566,0.357,54.788,0.726,0.243,1.107,0.715,1.469,832.052,54.776,173.458,1850,698,1506
1851,1076703167,1036.513,0.424,54.045,-0.018,0.176,0.803,0.518,1.065,832.031,54.775,173.454,1851,1828,3123
1852,1076669205,621.82,0.306,55.066,1.003,0.294,1.338,0.864,1.775,831.816,54.761,173.409,1852,437,508
1853,1076847172,662.76,0.325,53.904,-0.158,0.275,1.255,0.81,1.665,831.762,54.757,173.398,1853,2025,761
1854,1076669325,829.473,0.38,54.393,0.331,0.22,1.002,0.647,1.329,830.748,54.69,173.186,1854,1229,2159
1855,1077039018,594.548,0.294,54.941,0.878,0.306,1.397,0.902,1.853,830.345,54.664,173.102,1855,536,348
1856,1036231338,589.416,0.291,54.972,0.91,0.309,1.409,0.91,1.869,830.315,54.662,173.096,1856,507,328
1857,482761986,756.055,0.359,54.734,0.672,0.241,1.098,0.709,1.457,830.265,54.659,173.086,1857,761,1557
1858,1077039056,832.96,0.381,53.994,-0.069,0.219,0.997,0.644,1.322,830.098,54.648,173.051,1858,1906,2180
1859,1077038962,1062.577,0.429,55.472,1.41,0.171,0.781,0.505,1.037,830.082,54.647,173.047,1859,218,3188
1860,1076781092,820.406,0.378,53.881,-0.181,0.222,1.012,0.653,1.342,829.925,54.636,173.015,1860,2051,2118
1861,1076781299,718.392,0.347,54.169,0.106,0.253,1.155,0.746,1.533,829.818,54.629,172.992,1861,1633,1243
1862,1077278831,892.207,0.396,53.931,-0.131,0.204,0.93,0.601,1.234,829.772,54.626,172.983,1862,1992,2593
1863,482558021,555.723,0.272,53.41,-0.653,0.328,1.493,0.964,1.981,829.47,54.606,172.92,1863,2462,197
1864,1154208184,684.966,0.334,52.781,-1.282,0.266,1.211,0.782,1.607,829.298,54.595,172.884,1864,2783,944
1865,1076703182,622.42,0.308,53.458,-0.605,0.292,1.332,0.86,1.767,828.86,54.566,172.793,1865,2428,520
1866,1077376101,606.726,0.3,54.941,0.878,0.3,1.366,0.882,1.813,828.744,54.558,172.768,1866,536,428
1867,1076860360,508.201,0.242,52.496,-1.567,0.358,1.63,1.053,2.163,828.376,54.534,172.692,1867,2900,79
1868,1076669057,637.261,0.315,55.137,1.075,0.285,1.3,0.839,1.725,828.264,54.527,172.668,1868,376,604
1869,1036231378,1080.349,0.432,56.16,2.097,0.168,0.767,0.495,1.017,828.144,54.519,172.643,1869,74,3235
1870,1077039062,994.094,0.417,53.701,-0.361,0.183,0.833,0.538,1.105,827.803,54.497,172.572,1870,2238,3029
1871,521491671,673.341,0.33,53.925,-0.138,0.27,1.229,0.794,1.631,827.762,54.494,172.564,1871,2000,859
1872,473747075,620.903,0.308,55.586,1.523,0.292,1.332,0.86,1.768,827.278,54.462,172.463,1872,178,516
1873,1077038986,723.42,0.349,54.351,0.289,0.251,1.143,0.738,1.517,827.211,54.458,172.449,1873,1298,1308
1874,1152321576,781.37,0.368,52.985,-1.077,0.232,1.057,0.683,1.403,826.092,54.384,172.216,1874,2687,1813
1875,482404640,651.134,0.322,55.308,1.245,0.278,1.268,0.819,1.683,825.872,54.369,172.17,1875,282,701
1876,495888037,455.077,0.202,50.938,-3.124,0.398,1.814,1.172,2.407,825.541,54.348,172.101,1876,3455,29
1877,1077278316,796.82,0.373,54.905,0.843,0.227,1.036,0.669,1.375,825.535,54.347,172.099,1877,569,1955
1878,482404660,583.283,0.289,54.944,0.881,0.311,1.415,0.914,1.878,825.461,54.342,172.084,1878,532,314
1879,1077042065,1065.181,0.43,55.349,1.287,0.17,0.775,0.5,1.028,825.178,54.324,172.025,1879,268,3218
1880,1026140648,593.45,0.295,53.071,-0.991,0.305,1.39,0.898,1.845,825.034,54.314,171.995,1880,2657,370
1881,1076669412,1041.133,0.426,53.158,-0.905,0.174,0.792,0.512,1.051,824.905,54.306,171.968,1881,2616,3160
1882,1076781146,959.07,0.411,54.226,0.164,0.189,0.86,0.555,1.141,824.724,54.294,171.93,1882,1526,2913
1883,1036597620,596.857,0.297,53.518,-0.544,0.303,1.382,0.892,1.834,824.71,54.293,171.927,1883,2387,391
1884,1036597492,1041.905,0.426,53.126,-0.936,0.174,0.791,0.511,1.049,824.012,54.247,171.782,1884,2633,3170
1885,1036597530,811.94,0.377,54.605,0.543,0.223,1.014,0.655,1.346,823.622,54.221,171.701,1885,893,2097
1886,482577172,493.879,0.234,51.186,-2.877,0.366,1.668,1.077,2.213,823.591,54.219,171.694,1886,3394,67
1887,1076781135,913.646,0.402,53.872,-0.19,0.198,0.901,0.582,1.196,823.572,54.218,171.69,1887,2063,2732
1888,482404666,858.714,0.39,54.403,0.341,0.21,0.959,0.619,1.272,823.31,54.201,171.636,1888,1212,2416
1889,1076669153,574.289,0.285,54.517,0.454,0.315,1.434,0.926,1.902,823.293,54.2,171.632,1889,1016,282
1890,1076669151,559.99,0.277,54.436,0.374,0.323,1.47,0.949,1.951,823.278,54.199,171.629,1890,1150,222
1891,1076780818,786.254,0.37,54.358,0.295,0.23,1.046,0.676,1.389,822.79,54.167,171.527,1891,1286,1884
1892,1076669177,828.054,0.382,55.027,0.964,0.218,0.993,0.641,1.317,821.855,54.105,171.332,1892,469,2208
1893,1154207935,747.341,0.359,53.561,-0.502,0.241,1.099,0.71,1.458,821.118,54.056,171.179,1893,2357,1551
1894,1076780894,597.24,0.298,53.937,-0.125,0.302,1.374,0.888,1.824,820.853,54.039,171.123,1894,1985,411
1895,1076669139,505.944,0.245,54.749,0.687,0.355,1.62,1.046,2.149,819.396,53.943,170.82,1895,742,83
1896,1076669130,902.689,0.401,54.301,0.238,0.199,0.907,0.586,1.204,819.145,53.926,170.767,1896,1391,2705
1897,1077375493,987.025,0.418,54.418,0.356,0.182,0.83,0.536,1.101,818.83,53.906,170.702,1897,1186,3035
1898,1153941552,1025.206,0.425,51.785,-2.278,0.175,0.799,0.516,1.06,818.829,53.906,170.701,1898,3193,3133
1899,1076781190,639.905,0.319,53.814,-0.248,0.281,1.279,0.826,1.698,818.694,53.897,170.673,1899,2135,679
1900,1076860449,756.436,0.363,53.721,-0.341,0.237,1.081,0.698,1.435,817.945,53.848,170.517,1900,2217,1658
1901,1151910873,578.198,0.29,52.264,-1.798,0.31,1.414,0.913,1.877,817.844,53.841,170.496,1901,2997,317
1902,482577171,533.662,0.264,50.996,-3.067,0.336,1.532,0.989,2.033,817.518,53.819,170.428,1902,3441,152
1903,1077042052,676.226,0.335,54.063,0.001,0.265,1.209,0.781,1.604,817.459,53.816,170.416,1903,1800,953
1904,424468873,533.078,0.264,49.79,-4.273,0.336,1.532,0.99,2.034,816.904,53.779,170.3,1904,3587,151
1905,1076860357,504.445,0.245,55.555,1.492,0.355,1.618,1.045,2.147,816.307,53.74,170.176,1905,188,84
1906,1036597570,914.421,0.404,53.929,-0.133,0.196,0.893,0.576,1.184,816.142,53.729,170.141,1906,1994,2768
1907,1036223210,834.176,0.385,54.875,0.812,0.215,0.978,0.631,1.297,815.458,53.684,169.999,1907,600,2302
1908,1154664408,536.019,0.266,50.33,-3.733,0.334,1.521,0.982,2.019,815.443,53.683,169.996,1908,3540,160
1909,1077278848,646.004,0.323,54.204,0.142,0.277,1.262,0.815,1.675,815.327,53.675,169.971,1909,1577,733
1910,482576987,471.856,0.221,51.19,-2.873,0.379,1.728,1.116,2.293,815.2,53.667,169.945,1910,3393,51
1911,1076847351,618.816,0.311,53.728,-0.335,0.289,1.317,0.851,1.748,815.154,53.664,169.935,1911,2214,551
1912,1076847197,709.721,0.348,54.446,0.383,0.252,1.148,0.741,1.523,814.8,53.64,169.862,1912,1133,1283
1913,1076860378,820.458,0.382,55.781,1.719,0.218,0.993,0.641,1.317,814.407,53.615,169.78,1913,135,2206
1914,1076860417,702.577,0.346,54.21,0.147,0.254,1.159,0.748,1.538,814.294,53.607,169.756,1914,1565,1217
1915,1077278254,666.139,0.332,54.715,0.653,0.268,1.222,0.789,1.622,814.152,53.598,169.726,1915,778,892
1916,1036262197,831.723,0.385,54.361,0.298,0.215,0.979,0.632,1.299,813.876,53.58,169.669,1916,1282,2292
1917,473763159,679.25,0.337,54.824,0.762,0.263,1.198,0.774,1.59,813.862,53.579,169.666,1917,654,998
1918,1036597638,1114.456,0.44,53.389,-0.674,0.16,0.73,0.471,0.969,813.564,53.559,169.604,1918,2484,3311
1919,1076780886,669.261,0.333,53.211,-0.852,0.267,1.215,0.785,1.613,813.298,53.542,169.548,1919,2584,924
1920,1036597517,643.576,0.323,54.947,0.885,0.277,1.263,0.816,1.677,813.126,53.53,169.513,1920,526,723
1921,1036597655,672.448,0.335,54.764,0.701,0.265,1.209,0.781,1.604,812.8,53.509,169.445,1921,725,954
1922,1076847346,812.044,0.38,54.097,0.034,0.22,1.0,0.646,1.328,812.378,53.481,169.357,1922,1745,2162
1923,1036223151,685.551,0.34,55.032,0.969,0.26,1.185,0.765,1.572,812.364,53.48,169.354,1923,466,1080
1924,1076780945,741.393,0.36,53.916,-0.146,0.24,1.096,0.708,1.454,812.353,53.479,169.351,1924,2017,1569
1925,1076847145,869.764,0.395,53.993,-0.069,0.205,0.934,0.603,1.239,812.021,53.458,169.282,1925,1907,2572
1926,1154174284,716.676,0.351,52.951,-1.111,0.249,1.133,0.731,1.503,811.741,53.439,169.224,1926,2698,1368
1927,1076669840,679.079,0.338,54.958,0.895,0.262,1.195,0.772,1.586,811.65,53.433,169.205,1927,516,1021
1928,1154210641,719.089,0.352,51.23,-2.833,0.248,1.128,0.728,1.497,811.033,53.393,169.076,1928,3387,1395
1929,1036231379,1080.349,0.435,55.966,1.903,0.165,0.751,0.485,0.996,810.848,53.38,169.038,1929,103,3270
1930,1153936345,881.888,0.398,52.622,-1.441,0.202,0.919,0.593,1.219,810.364,53.348,168.937,1930,2847,2650
1931,1154645900,518.741,0.257,49.554,-4.508,0.343,1.562,1.008,2.072,810.051,53.328,168.871,1931,3599,125
1932,1076781107,692.547,0.343,54.116,0.053,0.257,1.17,0.755,1.552,810.029,53.326,168.867,1932,1718,1158
1933,1153928505,821.09,0.384,54.321,0.259,0.216,0.986,0.637,1.309,809.681,53.303,168.794,1933,1349,2245
1934,1077038947,742.399,0.361,55.236,1.174,0.239,1.09,0.704,1.447,809.54,53.294,168.765,1934,316,1598
1935,482273618,676.556,0.338,55.926,1.864,0.262,1.195,0.772,1.586,808.581,53.231,168.565,1935,111,1022
1936,1076669381,831.683,0.387,53.943,-0.119,0.213,0.972,0.628,1.29,808.519,53.227,168.552,1936,1972,2334
1937,117601160,953.085,0.414,54.105,0.042,0.186,0.848,0.548,1.125,808.23,53.208,168.492,1937,1733,2966
1938,1076669271,827.901,0.386,54.38,0.318,0.214,0.975,0.63,1.294,807.514,53.161,168.343,1938,1253,2316
1939,1036262192,640.292,0.323,54.574,0.511,0.277,1.261,0.814,1.673,807.407,53.154,168.32,1939,937,739
1940,1077039050,1082.488,0.436,54.549,0.486,0.164,0.746,0.482,0.99,807.327,53.148,168.304,1940,968,3280
1941,428971215,535.931,0.269,50.614,-3.449,0.331,1.506,0.973,1.999,807.237,53.143,168.285,1941,3508,178
1942,1077039046,672.51,0.337,53.433,-0.629,0.263,1.2,0.775,1.592,807.011,53.128,168.238,1942,2445,992
1943,1076860422,997.121,0.422,53.963,-0.1,0.178,0.809,0.523,1.074,806.956,53.124,168.226,1943,1944,3101
1944,473763157,679.254,0.339,54.957,0.895,0.261,1.188,0.767,1.576,806.927,53.122,168.22,1944,520,1065
1945,1076860408,884.4,0.4,52.922,-1.14,0.2,0.912,0.589,1.21,806.408,53.088,168.112,1945,2709,2686
1946,1077375473,984.962,0.42,53.465,-0.597,0.18,0.818,0.528,1.086,805.958,53.058,168.018,1946,2423,3069
1947,1076703149,1204.503,0.453,56.643,2.58,0.147,0.669,0.432,0.888,805.901,53.055,168.006,1947,33,3422
1948,1076703061,1143.964,0.445,54.968,0.906,0.155,0.704,0.455,0.934,805.493,53.028,167.921,1948,509,3359
1949,1077042008,694.59,0.346,54.442,0.379,0.254,1.159,0.748,1.538,804.921,52.99,167.802,1949,1139,1219
1950,1154207956,1690.278,0.496,53.947,-0.116,0.104,0.476,0.308,0.632,804.846,52.985,167.786,1950,1969,3577
1951,1076847322,743.232,0.362,55.237,1.174,0.238,1.083,0.699,1.437,804.675,52.974,167.751,1951,315,1650
1952,1076669099,743.134,0.362,54.738,0.676,0.238,1.082,0.699,1.436,804.295,52.949,167.671,1952,756,1652
1953,1036262221,842.951,0.391,54.305,0.242,0.209,0.954,0.616,1.266,804.277,52.948,167.668,1953,1387,2451
1954,1077375472,759.508,0.368,53.809,-0.253,0.232,1.059,0.684,1.405,804.138,52.939,167.639,1954,2142,1806
1955,1076669295,711.365,0.352,54.178,0.115,0.248,1.13,0.73,1.5,804.127,52.938,167.636,1955,1619,1377
1956,1077038960,1279.423,0.462,55.529,1.466,0.138,0.628,0.406,0.834,804.026,52.931,167.615,1956,194,3477
1957,1077278353,910.966,0.406,54.064,0.002,0.194,0.882,0.57,1.17,803.465,52.894,167.498,1957,1799,2821
1958,173039158,623.902,0.317,52.048,-2.015,0.283,1.287,0.831,1.708,803.221,52.878,167.448,1958,3100,649
1959,1076860404,1149.185,0.447,52.987,-1.076,0.153,0.699,0.451,0.927,802.886,52.856,167.378,1959,2685,3368
1960,1036262209,963.324,0.417,53.438,-0.624,0.183,0.833,0.538,1.105,802.317,52.819,167.259,1960,2439,3027
1961,1076860467,654.757,0.331,53.92,-0.143,0.269,1.225,0.791,1.626,802.136,52.807,167.221,1961,2009,876
1962,1390448653,807.305,0.382,54.427,0.364,0.218,0.993,0.641,1.318,801.664,52.776,167.123,1962,1169,2202
1963,1076669396,596.357,0.305,54.763,0.701,0.295,1.344,0.868,1.783,801.43,52.76,167.074,1963,726,496
1964,1076781315,817.518,0.385,54.816,0.753,0.215,0.98,0.633,1.301,801.333,52.754,167.054,1964,662,2277
1965,1076860358,534.457,0.271,51.144,-2.919,0.329,1.498,0.968,1.988,800.692,52.712,166.92,1965,3405,192
1966,473747067,621.039,0.317,54.589,0.527,0.283,1.289,0.833,1.711,800.687,52.711,166.919,1966,913,639
1967,1154210640,745.746,0.365,51.096,-2.966,0.235,1.072,0.692,1.423,799.486,52.632,166.669,1967,3414,1720
1968,1077375453,737.838,0.362,54.267,0.205,0.238,1.083,0.7,1.438,799.296,52.62,166.629,1968,1453,1642
1969,1077038939,689.005,0.345,54.62,0.557,0.255,1.16,0.749,1.539,799.208,52.614,166.611,1969,873,1210
1970,482558632,543.043,0.277,51.847,-2.216,0.323,1.471,0.95,1.953,799.057,52.604,166.58,1970,3177,220
1971,1036597603,1247.883,0.46,53.074,-0.988,0.14,0.639,0.413,0.849,797.998,52.534,166.359,1971,2656,3461
1972,497795172,493.866,0.246,51.569,-2.493,0.354,1.615,1.043,2.143,797.39,52.494,166.232,1972,3280,86
1973,1036223147,570.518,0.293,54.35,0.288,0.307,1.397,0.902,1.854,797.246,52.485,166.202,1973,1300,345
1974,1076781009,545.758,0.279,53.874,-0.189,0.321,1.461,0.943,1.938,797.124,52.477,166.177,1974,2062,242
1975,1076669026,659.662,0.335,54.391,0.328,0.265,1.208,0.78,1.603,796.961,52.466,166.143,1975,1234,960
1976,1076781033,763.932,0.371,54.069,0.006,0.229,1.043,0.674,1.384,796.752,52.452,166.099,1976,1785,1901
1977,1076781300,765.794,0.372,54.131,0.069,0.228,1.04,0.672,1.38,796.571,52.44,166.061,1977,1696,1923
1978,1153941704,844.273,0.393,52.831,-1.232,0.207,0.943,0.609,1.252,796.377,52.428,166.021,1978,2758,2516
1979,1076847134,785.492,0.378,55.164,1.102,0.222,1.014,0.655,1.345,796.296,52.422,166.004,1979,354,2101
1980,1156489170,571.339,0.294,50.67,-3.392,0.306,1.394,0.9,1.849,796.275,52.421,166.0,1980,3496,358
1981,1077042009,704.037,0.352,54.028,-0.034,0.248,1.131,0.73,1.501,796.214,52.417,165.987,1981,1855,1374
1982,1077038966,747.159,0.366,55.239,1.177,0.234,1.065,0.688,1.414,796.024,52.404,165.947,1982,312,1756
1983,1154207951,1075.0,0.438,53.874,-0.188,0.162,0.74,0.478,0.983,795.946,52.399,165.931,1983,2060,3295
1984,1076781105,819.261,0.387,53.776,-0.286,0.213,0.972,0.627,1.289,795.942,52.399,165.93,1984,2175,2338
1985,1036526093,923.139,0.411,55.081,1.019,0.189,0.862,0.557,1.144,795.791,52.389,165.899,1985,421,2898
1986,1154664407,555.725,0.286,51.162,-2.901,0.314,1.431,0.924,1.899,795.468,52.368,165.831,1986,3399,289
1987,1076847162,682.814,0.344,53.864,-0.198,0.256,1.165,0.752,1.546,795.275,52.355,165.791,1987,2069,1176
1988,497795186,473.304,0.232,51.701,-2.361,0.368,1.677,1.083,2.225,793.717,52.253,165.466,1988,3233,64
1989,1152833987,750.66,0.368,52.214,-1.848,0.232,1.057,0.683,1.402,793.335,52.227,165.387,1989,3014,1815
1990,1036597455,693.875,0.349,54.667,0.604,0.251,1.143,0.738,1.517,793.177,52.217,165.354,1990,821,1309
1991,1036597601,963.585,0.42,53.282,-0.78,0.18,0.823,0.531,1.091,792.563,52.177,165.226,1991,2546,3056
1992,1026166965,815.138,0.387,54.533,0.471,0.213,0.972,0.628,1.29,792.314,52.16,165.174,1992,989,2336
1993,1036024085,614.302,0.317,55.06,0.997,0.283,1.289,0.832,1.711,791.835,52.129,165.074,1993,445,642
1994,1076669389,852.9,0.396,54.224,0.161,0.204,0.928,0.599,1.232,791.692,52.119,165.044,1994,1534,2602
1995,1026140660,727.946,0.361,54.964,0.901,0.239,1.087,0.702,1.443,791.439,52.103,164.991,1995,511,1616
1996,483062488,694.217,0.35,54.867,0.804,0.25,1.139,0.736,1.512,791.046,52.077,164.909,1996,604,1329
1997,1077278261,627.859,0.324,53.156,-0.906,0.276,1.259,0.813,1.671,790.771,52.059,164.852,1997,2620,747
1998,482577195,520.255,0.267,52.168,-1.895,0.333,1.52,0.981,2.017,790.575,52.046,164.811,1998,3042,163
1999,1154170399,1079.287,0.439,52.598,-1.465,0.161,0.732,0.473,0.972,790.515,52.042,164.799,1999,2852,3307
2000,1076780857,826.848,0.39,53.399,-0.663,0.21,0.956,0.617,1.268,790.182,52.02,164.729,2000,2472,2437
2001,1076669059,661.374,0.338,55.655,1.592,0.262,1.195,0.771,1.585,790.092,52.014,164.711,2001,157,1023
2002,1036597639,1339.722,0.471,53.519,-0.543,0.129,0.589,0.381,0.782,789.537,51.977,164.595,2002,2384,3520
2003,1076781184,921.668,0.412,54.494,0.432,0.188,0.856,0.553,1.136,789.055,51.946,164.494,2003,1045,2928
2004,1076669129,684.401,0.347,54.443,0.38,0.253,1.152,0.744,1.529,788.715,51.923,164.424,2004,1138,1257
2005,1076669134,626.533,0.324,54.42,0.357,0.276,1.259,0.813,1.67,788.501,51.909,164.379,2005,1183,749
2006,1076781201,551.43,0.286,53.923,-0.14,0.314,1.43,0.923,1.897,788.474,51.907,164.373,2006,2001,293
2007,1076669024,667.552,0.341,54.166,0.103,0.259,1.18,0.762,1.566,788.022,51.878,164.279,2007,1638,1101
2008,482027474,521.133,0.268,51.045,-3.018,0.332,1.511,0.976,2.006,787.651,51.853,164.202,2008,3423,173
2009,1153937951,815.153,0.388,52.95,-1.113,0.212,0.966,0.624,1.282,787.611,51.851,164.193,2009,2699,2370
2010,483063557,763.315,0.374,54.792,0.729,0.226,1.031,0.666,1.368,787.143,51.82,164.096,2010,691,1979
2011,1153113238,630.25,0.326,52.53,-1.532,0.274,1.249,0.807,1.657,787.107,51.817,164.088,2011,2886,786
2012,1036262195,654.661,0.336,54.726,0.663,0.264,1.201,0.776,1.594,786.466,51.775,163.955,2012,770,989
2013,1077375463,637.581,0.329,54.793,0.731,0.271,1.233,0.797,1.637,786.446,51.774,163.951,2013,688,843
2014,1036223209,639.475,0.33,54.848,0.785,0.27,1.23,0.794,1.632,786.441,51.774,163.95,2014,625,858
2015,424467001,441.425,0.209,52.053,-2.009,0.391,1.781,1.15,2.363,786.026,51.746,163.863,2015,3096,37
2016,1026166957,832.345,0.393,53.831,-0.232,0.207,0.944,0.61,1.253,785.89,51.737,163.835,2016,2104,2510
2017,1077039016,644.28,0.332,55.1,1.037,0.268,1.22,0.788,1.618,785.79,51.731,163.814,2017,402,909
2018,842543044,751.158,0.37,52.826,-1.236,0.23,1.046,0.676,1.388,785.77,51.729,163.81,2018,2759,1886
2019,1077038979,926.735,0.414,54.85,0.788,0.186,0.847,0.547,1.124,785.129,51.687,163.676,2019,621,2970
2020,1076669265,668.554,0.342,54.136,0.073,0.258,1.174,0.758,1.558,785.096,51.685,163.669,2020,1689,1133
2021,1077376120,641.489,0.332,54.878,0.815,0.268,1.223,0.79,1.623,784.732,51.661,163.593,2021,594,885
2022,1076781273,879.544,0.404,53.483,-0.58,0.196,0.892,0.576,1.184,784.716,51.66,163.59,2022,2415,2771
2023,1077039024,582.659,0.305,54.196,0.134,0.295,1.345,0.869,1.785,783.867,51.604,163.413,2023,1588,491
2024,1036597504,760.614,0.374,53.587,-0.475,0.226,1.03,0.665,1.367,783.672,51.591,163.372,2024,2336,1987
2025,1076847163,687.47,0.35,53.904,-0.158,0.25,1.139,0.736,1.512,783.335,51.569,163.302,2025,2024,1330
2026,1077278892,765.814,0.376,53.963,-0.1,0.224,1.023,0.661,1.357,783.287,51.566,163.292,2026,1943,2045
2027,482093021,452.52,0.22,51.857,-2.206,0.38,1.73,1.117,2.295,782.716,51.528,163.173,2027,3170,50
2028,1154645899,536.089,0.28,50.396,-3.666,0.32,1.459,0.942,1.936,782.172,51.492,163.06,2028,3531,245
2029,1076780948,679.209,0.347,53.963,-0.1,0.253,1.151,0.744,1.528,782.058,51.485,163.036,2029,1945,1264
2030,1076781291,1015.518,0.431,53.696,-0.367,0.169,0.77,0.497,1.022,782.004,51.481,163.024,2030,2247,3229
2031,1076847336,632.733,0.329,54.165,0.102,0.271,1.235,0.798,1.639,781.625,51.456,162.946,2031,1639,836
2032,1076847335,1306.341,0.469,54.132,0.07,0.131,0.598,0.386,0.793,781.117,51.423,162.84,2032,1695,3511
2033,1076860361,499.232,0.257,52.47,-1.593,0.343,1.564,1.01,2.075,780.764,51.4,162.766,2033,2911,122
2034,1077038946,694.979,0.354,55.236,1.173,0.246,1.122,0.725,1.489,779.866,51.341,162.579,2034,317,1430
2035,1026166982,676.322,0.347,53.698,-0.364,0.253,1.153,0.745,1.53,779.842,51.339,162.574,2035,2242,1253
2036,483098599,661.089,0.341,54.207,0.145,0.259,1.179,0.762,1.565,779.653,51.327,162.534,2036,1571,1105
2037,1077042015,571.997,0.301,54.037,-0.025,0.299,1.363,0.88,1.809,779.579,51.322,162.519,2037,1845,432
2038,1390448638,558.83,0.294,53.626,-0.437,0.306,1.394,0.9,1.85,779.114,51.291,162.422,2038,2307,356
2039,1036223146,888.415,0.408,54.168,0.106,0.192,0.876,0.566,1.163,778.441,51.247,162.282,2039,1635,2851
2040,1076860386,655.026,0.339,54.58,0.517,0.261,1.188,0.767,1.577,778.345,51.241,162.262,2040,931,1063
2041,482021040,553.455,0.292,53.671,-0.391,0.308,1.405,0.908,1.865,777.84,51.207,162.156,2041,2270,331
2042,1154412018,1245.257,0.463,53.581,-0.481,0.137,0.625,0.403,0.829,777.772,51.203,162.142,2042,2343,3480
2043,1077376124,632.95,0.33,55.6,1.537,0.27,1.229,0.794,1.631,777.73,51.2,162.133,2043,170,864
2044,1077038988,749.274,0.372,54.507,0.445,0.228,1.037,0.67,1.376,777.114,51.16,162.005,2044,1027,1946
2045,482556985,497.62,0.257,52.714,-1.349,0.343,1.562,1.008,2.072,777.072,51.157,161.996,2045,2811,124
2046,1036231381,1080.35,0.442,55.462,1.399,0.158,0.719,0.464,0.954,776.676,51.131,161.914,2046,223,3333
2047,669563628,457.53,0.228,51.534,-2.529,0.372,1.697,1.096,2.252,776.511,51.12,161.879,2047,3296,57
2048,1076781035,925.116,0.416,54.161,0.098,0.184,0.839,0.542,1.114,776.33,51.108,161.842,2048,1646,3007
2049,1076847282,1153.935,0.452,55.932,1.87,0.148,0.673,0.434,0.893,776.236,51.102,161.822,2049,110,3413
2050,1076780868,917.915,0.414,55.135,1.072,0.186,0.846,0.546,1.122,776.171,51.097,161.808,2050,378,2981
2051,1077278288,764.526,0.377,54.339,0.277,0.223,1.015,0.656,1.347,776.029,51.088,161.779,2051,1320,2087
2052,482580079,458.121,0.228,51.433,-2.629,0.372,1.694,1.094,2.248,776.028,51.088,161.779,2052,3330,59
2053,1076781136,979.736,0.426,53.634,-0.428,0.174,0.792,0.511,1.051,775.862,51.077,161.744,2053,2298,3164
2054,1077278872,896.841,0.41,53.934,-0.129,0.19,0.865,0.559,1.148,775.711,51.067,161.713,2054,1990,2888
2055,1076860346,1000.657,0.43,55.122,1.06,0.17,0.775,0.501,1.029,775.607,51.06,161.691,2055,389,3216
2056,1151902314,667.749,0.345,52.794,-1.268,0.255,1.161,0.75,1.541,775.268,51.038,161.62,2056,2776,1203
2057,473747069,621.303,0.326,54.837,0.775,0.274,1.247,0.805,1.654,774.482,50.986,161.456,2057,636,791
2058,1076781178,805.228,0.389,54.441,0.378,0.211,0.962,0.621,1.276,774.362,50.978,161.431,2058,1141,2394
2059,1076703122,1160.336,0.454,55.164,1.102,0.146,0.666,0.43,0.884,773.323,50.91,161.215,2059,352,3424
2060,1076668993,618.676,0.326,54.837,0.775,0.274,1.248,0.806,1.656,772.152,50.833,160.971,2060,636,789
2061,497795149,488.439,0.254,51.065,-2.997,0.346,1.579,1.02,2.095,771.119,50.765,160.755,2061,3421,106
2062,442215249,621.017,0.328,53.951,-0.112,0.272,1.24,0.801,1.646,770.248,50.708,160.574,2062,1962,815
2063,1152297111,708.79,0.362,51.737,-2.326,0.238,1.086,0.702,1.442,770.046,50.694,160.532,2063,3209,1622
2064,424468847,525.242,0.278,50.814,-3.248,0.322,1.466,0.946,1.945,769.775,50.676,160.475,2064,3479,233
2065,482770383,559.998,0.298,54.091,0.029,0.302,1.374,0.888,1.824,769.614,50.666,160.442,2065,1755,412
2066,1156491102,549.759,0.293,52.067,-1.996,0.307,1.4,0.904,1.857,769.493,50.658,160.416,2066,3087,342
2067,1077375440,604.238,0.321,54.631,0.569,0.279,1.273,0.822,1.689,769.205,50.639,160.356,2067,860,688
2068,1036526122,689.21,0.355,54.459,0.396,0.245,1.116,0.72,1.48,768.925,50.62,160.298,2068,1103,1461
2069,1153117171,694.771,0.357,53.32,-0.742,0.243,1.107,0.715,1.469,768.912,50.62,160.295,2069,2522,1510
2070,1153936308,671.115,0.349,52.398,-1.664,0.251,1.146,0.74,1.52,768.863,50.616,160.285,2070,2949,1291
2071,1150342144,793.913,0.388,53.716,-0.347,0.212,0.968,0.625,1.285,768.664,50.603,160.244,2071,2223,2363
2072,482761984,566.548,0.302,54.637,0.575,0.298,1.357,0.876,1.8,768.561,50.596,160.222,2072,854,452
2073,1077038987,719.795,0.366,54.425,0.362,0.234,1.067,0.689,1.416,768.301,50.579,160.168,2073,1175,1742
2074,1076669380,1066.926,0.442,53.801,-0.261,0.158,0.72,0.465,0.955,768.152,50.57,160.137,2074,2150,3331
2075,473763183,461.566,0.235,55.027,0.965,0.365,1.664,1.075,2.208,768.111,50.567,160.128,2075,468,68
2076,428971206,407.749,0.187,51.089,-2.973,0.413,1.883,1.216,2.499,767.736,50.542,160.05,2076,3417,7
2077,1076669313,799.646,0.389,53.896,-0.167,0.211,0.96,0.62,1.274,767.581,50.532,160.018,2077,2037,2406
2078,483070654,786.732,0.386,55.012,0.949,0.214,0.975,0.63,1.294,767.422,50.521,159.985,2078,476,2314
2079,541596226,649.309,0.341,54.048,-0.014,0.259,1.182,0.763,1.568,767.215,50.508,159.941,2079,1822,1094
2080,1076669399,628.596,0.332,54.821,0.758,0.268,1.221,0.788,1.62,767.21,50.507,159.94,2080,659,903
2081,1029631506,908.004,0.415,53.849,-0.213,0.185,0.845,0.546,1.121,767.096,50.5,159.917,2081,2086,2985
2082,1076703163,986.572,0.43,51.508,-2.554,0.17,0.776,0.501,1.03,766.031,50.43,159.695,2082,3305,3212
2083,1077278864,760.131,0.379,53.951,-0.111,0.221,1.007,0.65,1.336,765.477,50.393,159.579,2083,1960,2132
2084,424468826,549.359,0.294,49.862,-4.2,0.306,1.393,0.9,1.849,765.435,50.391,159.57,2084,3584,359
2085,1036597584,665.056,0.348,54.412,0.349,0.252,1.15,0.743,1.526,764.833,50.351,159.445,2085,1194,1273
2086,1077038965,787.416,0.387,55.122,1.06,0.213,0.971,0.627,1.288,764.487,50.328,159.373,2086,390,2343
2087,1154664409,533.899,0.286,50.55,-3.512,0.314,1.431,0.924,1.899,764.175,50.308,159.308,2087,3518,291
2088,1152826985,922.116,0.418,53.125,-0.938,0.182,0.828,0.535,1.099,763.49,50.263,159.165,2088,2634,3039
2089,473763153,679.403,0.354,55.313,1.25,0.246,1.123,0.725,1.49,763.039,50.233,159.071,2089,281,1423
2090,424468828,530.808,0.285,51.428,-2.634,0.315,1.437,0.928,1.907,762.734,50.213,159.007,2090,3331,277
2091,1077278608,504.381,0.268,55.152,1.09,0.332,1.512,0.976,2.006,762.638,50.207,158.987,2091,367,170
2092,1077375590,981.623,0.43,53.837,-0.225,0.17,0.777,0.502,1.031,762.474,50.196,158.953,2092,2096,3210
2093,1077375568,937.465,0.422,54.141,0.078,0.178,0.813,0.525,1.078,761.827,50.153,158.818,2093,1686,3091
2094,483072947,742.267,0.375,54.434,0.372,0.225,1.026,0.663,1.362,761.655,50.142,158.782,2094,1156,2019
2095,1076781079,668.282,0.35,54.099,0.037,0.25,1.139,0.736,1.512,761.283,50.117,158.705,2095,1742,1332
2096,1077042076,934.396,0.421,55.249,1.186,0.179,0.814,0.526,1.08,760.733,50.081,158.59,2096,308,3085
2097,424468854,474.671,0.248,51.564,-2.499,0.352,1.603,1.035,2.127,760.676,50.077,158.578,2097,3282,90
2098,1076703191,883.64,0.411,54.528,0.466,0.189,0.861,0.556,1.142,760.624,50.074,158.568,2098,997,2901
2099,1036024096,724.379,0.37,54.424,0.362,0.23,1.05,0.678,1.393,760.303,50.053,158.501,2099,1176,1865
2100,1076669237,859.314,0.406,55.163,1.1,0.194,0.885,0.571,1.174,760.182,50.045,158.475,2100,356,2802
2101,473763173,447.625,0.228,52.248,-1.814,0.372,1.697,1.096,2.252,759.692,50.013,158.373,2101,3001,58
2102,1026131914,593.471,0.319,55.595,1.533,0.281,1.28,0.826,1.698,759.46,49.997,158.325,2102,174,678
2103,473763185,514.126,0.276,53.447,-0.616,0.324,1.477,0.954,1.96,759.383,49.992,158.309,2103,2435,213
2104,1036597613,858.399,0.406,53.979,-0.083,0.194,0.884,0.571,1.173,758.879,49.959,158.204,2104,1925,2807
2105,1077375592,625.286,0.334,54.281,0.218,0.266,1.213,0.783,1.61,758.465,49.932,158.117,2105,1432,931
2106,1077278881,971.772,0.429,54.463,0.401,0.171,0.78,0.504,1.035,757.944,49.897,158.009,2106,1095,3194
2107,1152304573,782.073,0.387,52.793,-1.269,0.213,0.969,0.626,1.285,757.507,49.869,157.918,2107,2777,2359
2108,1077278851,559.065,0.303,54.826,0.764,0.297,1.355,0.875,1.798,757.301,49.855,157.875,2108,651,460
2109,1076781203,643.247,0.342,54.076,0.013,0.258,1.177,0.76,1.562,757.083,49.841,157.829,2109,1771,1122
2110,1151905021,617.028,0.331,52.532,-1.53,0.269,1.227,0.792,1.628,756.963,49.833,157.804,2110,2884,868
2111,1152294965,901.325,0.416,54.121,0.058,0.184,0.839,0.542,1.114,756.439,49.798,157.695,2111,1710,3006
2112,1076781075,642.633,0.342,53.8,-0.263,0.258,1.176,0.759,1.561,755.707,49.75,157.542,2112,2151,1127
2113,1077039078,762.661,0.383,54.436,0.373,0.217,0.991,0.64,1.315,755.552,49.74,157.51,2113,1151,2217
2114,1036597567,950.699,0.426,54.792,0.73,0.174,0.794,0.513,1.054,755.141,49.713,157.424,2114,689,3156
2115,482557435,508.089,0.274,51.979,-2.083,0.326,1.486,0.96,1.972,754.913,49.698,157.377,2115,3126,203
2116,1077038957,652.349,0.346,55.215,1.153,0.254,1.157,0.747,1.536,754.849,49.694,157.363,2116,330,1228
2117,1036262194,639.672,0.341,54.827,0.765,0.259,1.18,0.762,1.566,754.822,49.692,157.358,2117,650,1102
2118,1076703091,956.979,0.427,51.846,-2.216,0.173,0.789,0.509,1.047,754.804,49.691,157.354,2118,3178,3175
2119,424468875,509.167,0.275,51.11,-2.953,0.325,1.482,0.957,1.967,754.719,49.685,157.336,2119,3412,208
2120,1036597488,738.182,0.376,54.387,0.325,0.224,1.019,0.658,1.353,752.56,49.543,156.886,2120,1238,2063
2121,1151688600,596.218,0.323,52.231,-1.831,0.277,1.261,0.814,1.673,751.563,49.477,156.679,2121,3006,742
2122,424468861,517.914,0.282,50.291,-3.772,0.318,1.45,0.937,1.925,751.22,49.455,156.607,2122,3542,260
2123,1076669135,788.53,0.391,54.519,0.456,0.209,0.953,0.615,1.264,751.113,49.448,156.585,2123,1014,2459
2124,1077042050,596.326,0.324,53.355,-0.708,0.276,1.258,0.812,1.669,750.126,49.383,156.379,2124,2507,751
2125,1076860387,1111.852,0.452,54.625,0.562,0.148,0.674,0.436,0.895,749.808,49.362,156.313,2125,867,3411
2126,1077039077,667.275,0.354,54.152,0.09,0.246,1.123,0.725,1.49,749.429,49.337,156.234,2126,1658,1422
2127,1077375474,851.427,0.407,53.74,-0.322,0.193,0.88,0.568,1.168,749.385,49.334,156.224,2127,2200,2831
2128,424468871,473.963,0.253,49.863,-4.199,0.347,1.581,1.021,2.098,749.367,49.333,156.221,2128,3583,105
2129,1154202228,810.48,0.397,52.849,-1.214,0.203,0.924,0.597,1.226,748.911,49.303,156.126,2129,2745,2624
2130,1076847305,802.831,0.395,53.815,-0.247,0.205,0.933,0.602,1.238,748.729,49.291,156.088,2130,2132,2580
2131,754043746,455.45,0.239,50.821,-3.241,0.361,1.643,1.061,2.181,748.487,49.275,156.037,2131,3478,73
2132,1156510111,433.164,0.221,50.904,-3.158,0.379,1.727,1.116,2.292,748.256,49.26,155.989,2132,3462,52
2133,1036597596,1060.699,0.445,53.584,-0.478,0.155,0.705,0.455,0.935,747.702,49.223,155.874,2133,2338,3358
2134,1153928508,777.899,0.389,53.825,-0.237,0.211,0.96,0.62,1.274,747.088,49.183,155.746,2134,2112,2402
2135,424467003,446.07,0.232,51.705,-2.357,0.368,1.675,1.082,2.222,747.083,49.183,155.745,2135,3229,65
2136,497795144,424.961,0.215,50.643,-3.419,0.385,1.757,1.134,2.331,746.464,49.142,155.615,2136,3501,42
2137,1077038992,784.507,0.391,54.533,0.47,0.209,0.951,0.614,1.262,746.136,49.12,155.547,2137,993,2471
2138,1152304255,830.85,0.403,52.715,-1.347,0.197,0.898,0.58,1.192,746.129,49.12,155.546,2138,2809,2745
2139,1076847303,678.52,0.359,53.313,-0.75,0.241,1.1,0.71,1.459,746.062,49.115,155.532,2139,2525,1546
2140,1036526095,817.782,0.4,55.348,1.286,0.2,0.912,0.589,1.21,745.888,49.104,155.495,2140,269,2681
2141,431430461,519.492,0.285,55.196,1.133,0.315,1.435,0.927,1.904,745.351,49.068,155.383,2141,341,280
2142,424468885,472.916,0.254,54.51,0.447,0.346,1.576,1.018,2.091,745.343,49.068,155.382,2142,1022,110
2143,497795124,448.851,0.236,52.188,-1.874,0.364,1.657,1.07,2.198,743.611,48.954,155.021,2143,3028,69
2144,424468874,485.102,0.264,49.902,-4.16,0.336,1.532,0.99,2.034,743.403,48.94,154.977,2144,3580,150
2145,1036597522,694.491,0.365,54.333,0.27,0.235,1.07,0.691,1.42,743.312,48.934,154.958,2145,1334,1725
2146,1150367492,594.518,0.326,53.692,-0.371,0.274,1.25,0.807,1.659,743.106,48.921,154.915,2146,2252,783
2147,1077278857,688.516,0.363,54.116,0.054,0.237,1.078,0.696,1.431,742.479,48.879,154.785,2147,1717,1679
2148,1077278852,490.041,0.268,54.369,0.306,0.332,1.514,0.978,2.009,741.912,48.842,154.667,2148,1269,167
2149,1076781070,696.851,0.366,53.83,-0.232,0.234,1.064,0.687,1.412,741.633,48.824,154.608,2149,2107,1767
2150,1076781311,979.471,0.434,54.127,0.065,0.166,0.757,0.489,1.005,741.586,48.821,154.599,2150,1699,3255
2151,482497280,540.493,0.299,54.357,0.294,0.301,1.372,0.886,1.821,741.569,48.819,154.595,2151,1288,416
2152,410932384,841.783,0.407,54.269,0.206,0.193,0.881,0.569,1.169,741.246,48.798,154.528,2152,1450,2828
2153,442215261,620.969,0.338,54.353,0.29,0.262,1.193,0.77,1.583,740.787,48.768,154.432,2153,1295,1032
2154,483067664,591.205,0.325,54.375,0.313,0.275,1.253,0.809,1.662,740.512,48.75,154.375,2154,1260,772
2155,1076781312,747.029,0.383,54.792,0.729,0.217,0.991,0.64,1.315,740.361,48.74,154.343,2155,691,2215
2156,1036597521,792.462,0.395,54.321,0.259,0.205,0.934,0.603,1.24,740.224,48.731,154.315,2156,1349,2566
2157,424468863,522.57,0.289,51.5,-2.563,0.311,1.416,0.914,1.879,739.893,48.709,154.246,2157,3306,312
2158,1076780935,544.036,0.302,53.64,-0.422,0.298,1.358,0.877,1.803,739.065,48.655,154.073,2158,2294,445
2159,1153112587,758.066,0.386,53.393,-0.669,0.214,0.975,0.63,1.294,738.931,48.646,154.045,2159,2480,2321
2160,497795169,468.03,0.254,52.396,-1.666,0.346,1.578,1.019,2.095,738.75,48.634,154.007,2160,2950,107
2161,1077278329,772.617,0.39,53.199,-0.864,0.21,0.956,0.617,1.269,738.625,48.626,153.981,2161,2593,2435
2162,1154916236,868.917,0.414,53.673,-0.389,0.186,0.85,0.549,1.127,738.263,48.602,153.906,2162,2268,2960
2163,1036526083,551.06,0.306,54.944,0.882,0.294,1.339,0.865,1.777,738.049,48.588,153.861,2163,530,505
2164,1036597415,605.949,0.333,54.262,0.2,0.267,1.217,0.786,1.615,737.578,48.557,153.763,2164,1462,915
2165,424468878,511.613,0.284,51.388,-2.675,0.316,1.442,0.931,1.913,737.573,48.556,153.762,2165,3341,267
2166,473763172,499.385,0.276,52.709,-1.354,0.324,1.477,0.954,1.96,737.525,48.553,153.752,2166,2812,214
2167,483062487,705.884,0.371,54.805,0.743,0.229,1.044,0.674,1.386,737.037,48.521,153.65,2167,671,1895
2168,1076669367,581.896,0.322,53.211,-0.851,0.278,1.266,0.818,1.68,736.681,48.498,153.576,2168,2583,709
2169,482166823,734.19,0.38,54.877,0.815,0.22,1.003,0.648,1.331,736.58,48.491,153.555,2169,596,2152
2170,1076847312,939.583,0.428,56.264,2.202,0.172,0.784,0.506,1.04,736.518,48.487,153.542,2170,59,3184
2171,1076669371,823.475,0.404,53.304,-0.758,0.196,0.894,0.578,1.187,736.501,48.486,153.538,2171,2532,2761
2172,1077376132,562.219,0.313,55.749,1.687,0.287,1.31,0.846,1.738,736.398,48.479,153.517,2172,145,574
2173,1152854494,759.096,0.387,52.89,-1.173,0.213,0.97,0.626,1.287,736.319,48.474,153.501,2173,2729,2351
2174,1076781006,510.161,0.284,54.218,0.156,0.316,1.442,0.931,1.913,735.511,48.421,153.332,2174,1548,266
2175,1076847140,901.168,0.421,53.904,-0.159,0.179,0.816,0.527,1.083,735.408,48.414,153.311,2175,2027,3078
2176,1036597474,834.99,0.407,54.457,0.395,0.193,0.88,0.569,1.168,735.173,48.398,153.262,2176,1109,2829
2177,1077126988,605.936,0.334,55.558,1.495,0.266,1.212,0.783,1.609,734.644,48.364,153.151,2177,185,933
2178,1076860411,616.978,0.339,54.19,0.127,0.261,1.191,0.769,1.58,734.641,48.363,153.151,2178,1600,1047
2179,1077039036,608.621,0.335,54.332,0.27,0.265,1.207,0.779,1.602,734.558,48.358,153.133,2179,1336,967
2180,1077038925,644.059,0.35,54.69,0.627,0.25,1.14,0.736,1.513,734.347,48.344,153.089,2180,804,1325
2181,1150315079,447.141,0.24,51.972,-2.09,0.36,1.642,1.061,2.179,734.331,48.343,153.086,2181,3128,74
2182,1151672708,493.481,0.274,52.063,-2.0,0.326,1.487,0.96,1.973,733.627,48.297,152.939,2182,3090,201
2183,1077278885,658.451,0.356,54.121,0.058,0.244,1.114,0.719,1.478,733.452,48.285,152.903,2183,1710,1475
2184,1076703190,842.196,0.409,54.608,0.545,0.191,0.871,0.562,1.155,733.325,48.277,152.876,2184,889,2868
2185,442215259,620.865,0.341,54.37,0.308,0.259,1.181,0.763,1.567,733.205,48.269,152.851,2185,1267,1097
2186,442215252,620.874,0.341,54.446,0.384,0.259,1.181,0.763,1.567,733.115,48.263,152.833,2186,1130,1099
2187,482118784,446.952,0.24,51.168,-2.895,0.36,1.64,1.059,2.177,733.086,48.261,152.827,2187,3398,75
2188,428971222,403.266,0.201,50.827,-3.236,0.399,1.817,1.173,2.411,732.686,48.235,152.743,2188,3477,26
2189,1076649587,652.735,0.354,54.944,0.882,0.246,1.122,0.725,1.489,732.593,48.229,152.724,2189,531,1426
2190,1077127006,568.074,0.317,54.945,0.883,0.283,1.289,0.832,1.71,732.204,48.203,152.643,2190,529,643
2191,1076669064,547.264,0.306,55.438,1.375,0.294,1.338,0.864,1.775,732.154,48.2,152.632,2191,235,507
2192,1159591105,433.967,0.23,51.536,-2.527,0.37,1.686,1.089,2.237,731.485,48.156,152.493,2192,3295,62
2193,428971171,407.867,0.207,51.438,-2.625,0.393,1.793,1.158,2.379,731.131,48.132,152.419,2193,3327,34
2194,482273619,645.995,0.352,55.896,1.834,0.248,1.13,0.73,1.499,729.964,48.056,152.176,2194,120,1382
2195,1076781001,897.604,0.422,53.739,-0.324,0.178,0.813,0.525,1.079,729.897,48.051,152.162,2195,2202,3088
2196,1077278893,709.277,0.374,53.985,-0.077,0.226,1.028,0.664,1.364,729.046,47.995,151.984,2196,1913,2003
2197,1077278330,766.0,0.391,53.493,-0.569,0.209,0.952,0.615,1.263,728.995,47.992,151.974,2197,2406,2464
2198,442215253,620.873,0.343,54.459,0.396,0.257,1.172,0.757,1.556,727.841,47.916,151.733,2198,1104,1143
2199,1153126016,668.089,0.361,53.379,-0.683,0.239,1.089,0.704,1.446,727.797,47.913,151.724,2199,2489,1605
2200,1077375597,707.904,0.375,54.768,0.705,0.225,1.027,0.663,1.363,727.297,47.88,151.62,2200,719,2010
2201,1076860339,697.901,0.371,55.571,1.509,0.229,1.042,0.673,1.382,726.98,47.859,151.554,2201,179,1914
2202,1076860438,575.639,0.323,53.823,-0.24,0.277,1.26,0.814,1.673,725.541,47.764,151.254,2202,2119,743
2203,1076669180,606.141,0.337,54.734,0.672,0.263,1.197,0.773,1.588,725.506,47.762,151.246,2203,762,1009
2204,473763156,679.414,0.366,55.016,0.954,0.234,1.068,0.689,1.417,725.302,47.749,151.204,2204,473,1741
2205,482125885,458.026,0.253,51.013,-3.05,0.347,1.583,1.022,2.101,725.116,47.736,151.165,2205,3433,104
2206,1076668983,565.811,0.319,55.288,1.225,0.281,1.281,0.828,1.7,725.003,47.729,151.141,2206,290,670
2207,1154180731,583.556,0.327,52.073,-1.99,0.273,1.242,0.802,1.648,724.756,47.713,151.09,2207,3086,808
2208,1026140651,750.176,0.388,53.016,-1.046,0.212,0.966,0.624,1.281,724.438,47.692,151.024,2208,2673,2372
2209,1076669343,598.184,0.334,53.925,-0.137,0.266,1.211,0.782,1.607,724.332,47.685,151.002,2209,1999,942
2210,1076669030,555.34,0.314,54.527,0.465,0.286,1.304,0.842,1.731,724.289,47.682,150.993,2210,998,588
2211,1076669095,614.209,0.341,55.017,0.954,0.259,1.179,0.761,1.564,723.997,47.663,150.932,2211,471,1109
2212,1076781195,671.698,0.364,54.486,0.424,0.236,1.078,0.696,1.43,723.795,47.649,150.89,2212,1056,1690
2213,1153091650,628.705,0.348,53.006,-1.056,0.252,1.15,0.743,1.526,723.009,47.598,150.726,2213,2681,1274
2214,1029631510,625.686,0.347,54.384,0.322,0.253,1.155,0.746,1.532,722.54,47.567,150.628,2214,1246,1245
2215,1076781248,807.757,0.404,53.08,-0.983,0.196,0.894,0.578,1.187,722.506,47.565,150.621,2215,2654,2760
2216,1077039052,818.05,0.406,54.604,0.541,0.194,0.883,0.57,1.172,722.436,47.56,150.606,2216,894,2813
2217,1156846094,622.129,0.345,52.278,-1.785,0.255,1.161,0.749,1.54,721.993,47.531,150.514,2217,2988,1205
2218,1077039035,716.117,0.379,54.247,0.184,0.221,1.008,0.651,1.338,721.961,47.529,150.507,2218,1495,2126
2219,1152326657,845.953,0.413,52.032,-2.031,0.187,0.853,0.551,1.132,721.365,47.489,150.383,2219,3105,2951
2220,1077376138,726.426,0.382,55.133,1.07,0.218,0.993,0.641,1.317,721.162,47.476,150.341,2220,380,2204
2221,424467006,460.086,0.256,51.953,-2.11,0.344,1.567,1.012,2.079,720.944,47.462,150.295,2221,3134,117
2222,1076703031,613.687,0.342,54.425,0.363,0.258,1.174,0.758,1.558,720.624,47.441,150.229,2222,1174,1134
2223,482580521,471.339,0.265,51.447,-2.615,0.335,1.527,0.986,2.026,719.658,47.377,150.027,2223,3323,156
2224,1036231400,565.111,0.321,54.39,0.327,0.279,1.273,0.822,1.69,719.563,47.371,150.008,2224,1236,687
2225,482404639,567.87,0.322,54.695,0.633,0.278,1.267,0.818,1.681,719.4,47.36,149.973,2225,798,705
2226,483092923,452.384,0.251,52.419,-1.644,0.349,1.589,1.026,2.108,718.723,47.315,149.832,2226,2934,99
2227,1076847337,702.02,0.375,53.88,-0.182,0.225,1.023,0.661,1.358,718.265,47.285,149.737,2227,2053,2042
2228,633556115,655.876,0.36,55.122,1.06,0.24,1.095,0.707,1.453,718.203,47.281,149.724,2228,388,1573
2229,1390448640,502.105,0.286,54.628,0.566,0.314,1.43,0.923,1.897,717.884,47.26,149.657,2229,864,294
2230,1036597541,579.284,0.328,55.164,1.102,0.272,1.238,0.8,1.643,717.254,47.219,149.526,2230,353,820
2231,473763164,679.241,0.368,55.082,1.02,0.232,1.056,0.682,1.401,717.195,47.215,149.514,2231,419,1827
2232,1036597643,904.792,0.426,54.056,-0.007,0.174,0.792,0.512,1.051,716.862,47.193,149.444,2232,1814,3161
2233,497795103,489.362,0.279,51.71,-2.353,0.321,1.465,0.946,1.944,716.744,47.185,149.42,2233,3225,235
2234,1076703189,853.918,0.416,54.829,0.766,0.184,0.839,0.542,1.113,716.493,47.169,149.367,2234,649,3008
2235,666273772,660.598,0.362,54.472,0.41,0.238,1.084,0.7,1.439,716.289,47.155,149.325,2235,1076,1634
2236,1036597512,666.497,0.364,53.927,-0.135,0.236,1.075,0.694,1.426,716.244,47.152,149.316,2236,1997,1707
2237,483063558,771.744,0.396,54.806,0.743,0.204,0.928,0.599,1.231,716.061,47.14,149.277,2237,670,2605
2238,1076669293,795.886,0.403,54.011,-0.052,0.197,0.899,0.581,1.194,715.849,47.126,149.233,2238,1877,2738
2239,442215257,620.868,0.347,54.48,0.418,0.253,1.153,0.744,1.53,715.678,47.115,149.198,2239,1065,1255
2240,1152348437,690.702,0.373,53.582,-0.481,0.227,1.036,0.669,1.375,715.607,47.11,149.183,2240,2341,1954
2241,1154443033,910.636,0.428,52.967,-1.095,0.172,0.786,0.507,1.043,715.51,47.104,149.162,2241,2689,3181
2242,1036526125,721.689,0.382,54.263,0.2,0.218,0.991,0.64,1.316,715.438,47.099,149.148,2242,1459,2214
2243,207158355,697.429,0.375,54.732,0.67,0.225,1.026,0.662,1.361,715.406,47.097,149.141,2243,763,2023
2244,428971170,407.909,0.215,51.425,-2.638,0.385,1.754,1.132,2.327,715.314,47.091,149.122,2244,3332,44
2245,424468827,506.334,0.29,50.63,-3.432,0.31,1.411,0.911,1.873,714.588,47.043,148.97,2245,3506,322
2246,1076781003,615.957,0.345,54.031,-0.031,0.255,1.16,0.749,1.539,714.584,47.043,148.969,2246,1850,1207
2247,497795177,500.748,0.287,52.414,-1.648,0.313,1.427,0.921,1.893,714.383,47.03,148.928,2247,2938,301
2248,424468845,518.896,0.298,51.568,-2.495,0.302,1.376,0.889,1.827,714.229,47.02,148.895,2248,3281,407
2249,1076860495,732.809,0.386,53.755,-0.307,0.214,0.975,0.629,1.293,714.166,47.015,148.882,2249,2190,2323
2250,1076669234,605.907,0.341,54.925,0.863,0.259,1.179,0.761,1.564,714.132,47.013,148.875,2250,554,1110
2251,1154410287,749.812,0.391,52.935,-1.127,0.209,0.952,0.615,1.263,713.677,46.983,148.78,2251,2704,2463
2252,1077375549,722.227,0.383,54.659,0.596,0.217,0.987,0.638,1.31,713.094,46.945,148.659,2252,833,2238
2253,424468880,516.077,0.297,50.26,-3.803,0.303,1.379,0.891,1.831,711.925,46.868,148.415,2253,3543,399
2254,1154439857,657.063,0.362,51.65,-2.412,0.238,1.083,0.7,1.438,711.914,46.867,148.413,2254,3248,1640
2255,1077039060,673.852,0.368,54.286,0.223,0.232,1.056,0.682,1.402,711.892,46.866,148.408,2255,1424,1819
2256,1026167977,673.844,0.368,53.917,-0.146,0.232,1.056,0.682,1.402,711.853,46.863,148.4,2256,2015,1820
2257,428971213,457.78,0.259,51.646,-2.416,0.341,1.554,1.004,2.062,711.471,46.838,148.321,2257,3249,133
2258,1036223155,655.291,0.362,53.868,-0.195,0.238,1.085,0.701,1.44,711.12,46.815,148.247,2258,2065,1629
2259,1076669423,683.726,0.372,52.916,-1.147,0.228,1.04,0.672,1.38,711.005,46.807,148.223,2259,2714,1926
2260,1036597621,1174.763,0.467,53.507,-0.555,0.133,0.605,0.391,0.803,710.867,46.798,148.195,2260,2395,3506
2261,1076860332,1397.321,0.488,54.567,0.505,0.112,0.509,0.328,0.675,710.706,46.788,148.161,2261,948,3568
2262,1036021024,577.659,0.33,54.256,0.194,0.27,1.23,0.794,1.632,710.572,46.779,148.133,2262,1475,857
2263,1076847279,695.925,0.376,55.985,1.923,0.224,1.021,0.659,1.355,710.51,46.775,148.12,2263,100,2056
2264,497795106,455.962,0.258,51.45,-2.613,0.342,1.558,1.006,2.067,710.284,46.76,148.073,2264,3321,127
2265,483063559,733.574,0.388,54.746,0.683,0.212,0.968,0.625,1.285,710.154,46.751,148.046,2265,748,2365
2266,483128805,532.319,0.307,54.677,0.615,0.293,1.334,0.861,1.77,710.084,46.747,148.031,2266,813,514
2267,1076781040,537.716,0.31,54.154,0.092,0.29,1.32,0.852,1.751,709.539,46.711,147.918,2267,1657,545
2268,1076669154,500.654,0.289,54.575,0.512,0.311,1.417,0.915,1.88,709.303,46.695,147.869,2268,936,310
2269,1154399418,848.736,0.417,53.581,-0.481,0.183,0.836,0.54,1.109,709.186,46.688,147.844,2269,2342,3017
2270,497795178,492.291,0.284,52.365,-1.697,0.316,1.44,0.93,1.911,709.115,46.683,147.829,2270,2963,270
2271,1036526073,604.41,0.343,55.424,1.362,0.257,1.173,0.757,1.556,708.935,46.671,147.792,2271,244,1139
2272,428971209,407.749,0.218,51.002,-3.061,0.382,1.739,1.123,2.307,708.899,46.669,147.784,2272,3436,46
2273,1077375605,561.009,0.323,53.949,-0.113,0.277,1.263,0.816,1.676,708.466,46.64,147.694,2273,1964,727
2274,1152833467,514.927,0.298,53.196,-0.867,0.302,1.374,0.888,1.824,707.641,46.586,147.522,2274,2596,413
2275,1156483031,1075.715,0.456,53.713,-0.35,0.144,0.658,0.425,0.873,707.547,46.58,147.502,2275,2228,3434
2276,1152811377,687.09,0.374,52.18,-1.882,0.226,1.029,0.665,1.366,707.154,46.554,147.42,2276,3033,1997
2277,1077278865,595.105,0.339,53.78,-0.282,0.261,1.188,0.767,1.576,706.922,46.539,147.372,2277,2170,1066
2278,497795162,475.716,0.274,50.73,-3.333,0.326,1.485,0.959,1.971,706.586,46.516,147.302,2278,3489,204
2279,442215251,620.875,0.35,54.465,0.402,0.25,1.137,0.735,1.509,706.234,46.493,147.229,2279,1092,1342
2280,1076669224,562.873,0.325,54.461,0.399,0.275,1.253,0.81,1.663,705.555,46.449,147.087,2280,1098,766
2281,1154202256,588.072,0.337,53.189,-0.874,0.263,1.199,0.774,1.591,705.253,46.429,147.024,2281,2600,993
2282,1076669110,643.669,0.36,54.41,0.348,0.24,1.096,0.708,1.454,705.175,46.424,147.008,2282,1199,1570
2283,666273771,801.045,0.407,54.475,0.412,0.193,0.88,0.568,1.168,704.791,46.398,146.928,2283,1072,2833
2284,428971156,406.641,0.22,52.451,-1.612,0.38,1.733,1.119,2.3,704.729,46.394,146.915,2284,2921,49
2285,1036526072,556.176,0.322,53.188,-0.874,0.278,1.267,0.818,1.681,704.442,46.375,146.855,2285,2601,706
2286,1076669233,605.711,0.345,54.836,0.773,0.255,1.163,0.751,1.543,704.391,46.372,146.845,2286,640,1188
2287,1077376130,626.879,0.353,55.707,1.645,0.247,1.123,0.725,1.491,704.189,46.359,146.802,2287,149,1420
2288,1076669173,778.686,0.402,55.005,0.942,0.198,0.904,0.584,1.199,703.846,46.336,146.731,2288,479,2718
2289,1076669144,468.703,0.27,54.423,0.36,0.33,1.502,0.97,1.993,703.807,46.333,146.723,2289,1180,186
2290,482252852,710.962,0.383,53.956,-0.106,0.217,0.989,0.639,1.313,703.285,46.299,146.614,2290,1954,2224
2291,424466995,439.539,0.249,52.104,-1.958,0.351,1.6,1.033,2.123,703.067,46.285,146.569,2291,3071,91
2292,1156489169,504.161,0.294,51.133,-2.93,0.306,1.394,0.9,1.85,702.783,46.266,146.509,2292,3406,357
2293,1036262217,650.45,0.363,54.575,0.513,0.237,1.08,0.698,1.434,702.738,46.263,146.5,2293,934,1667
2294,1076781139,745.161,0.393,53.744,-0.319,0.207,0.943,0.609,1.251,702.585,46.253,146.468,2294,2197,2519
2295,1150331109,462.582,0.267,51.461,-2.601,0.333,1.519,0.981,2.015,702.487,46.247,146.448,2295,3318,165
2296,1076781189,516.985,0.302,53.664,-0.399,0.298,1.359,0.877,1.803,702.436,46.243,146.437,2296,2277,444
2297,1076860324,822.533,0.413,54.914,0.852,0.187,0.854,0.551,1.133,702.4,46.241,146.429,2297,562,2944
2298,1076781214,696.255,0.379,54.457,0.394,0.221,1.007,0.65,1.336,700.801,46.136,146.096,2298,1111,2134
2299,1076781166,581.579,0.336,54.623,0.56,0.264,1.205,0.778,1.599,700.742,46.132,146.084,2299,870,974
2300,428971159,404.268,0.22,52.803,-1.259,0.38,1.733,1.119,2.3,700.646,46.125,146.064,2300,2772,48
2301,1076703136,1528.994,0.499,55.557,1.494,0.101,0.458,0.296,0.608,700.3,46.103,145.992,2301,186,3585
2302,1036262206,664.812,0.369,54.296,0.233,0.231,1.053,0.68,1.398,700.258,46.1,145.983,2302,1397,1841
2303,200021236,613.557,0.35,54.16,0.098,0.25,1.141,0.737,1.514,700.208,46.097,145.972,2303,1647,1321
2304,1076703095,626.215,0.355,52.746,-1.316,0.245,1.118,0.722,1.484,700.115,46.09,145.953,2304,2795,1449
2305,117601289,585.986,0.338,54.286,0.223,0.262,1.195,0.771,1.585,699.979,46.081,145.925,2305,1425,1024
2306,497795160,463.007,0.268,50.661,-3.402,0.332,1.512,0.976,2.006,699.851,46.073,145.898,2306,3499,172
2307,1154157010,500.908,0.294,53.833,-0.229,0.306,1.395,0.901,1.851,698.67,45.995,145.652,2307,2102,353
2308,482121583,464.252,0.27,51.088,-2.974,0.33,1.505,0.972,1.997,698.544,45.987,145.626,2308,3418,183
2309,497795185,491.084,0.288,51.888,-2.175,0.312,1.422,0.919,1.887,698.497,45.984,145.616,2309,3160,304
2310,842543031,535.747,0.314,54.04,-0.023,0.286,1.303,0.842,1.729,698.189,45.964,145.552,2310,1838,592
2311,1036231380,1080.264,0.458,55.412,1.349,0.142,0.646,0.417,0.858,698.182,45.963,145.55,2311,249,3450
2312,842543058,713.749,0.385,53.465,-0.598,0.215,0.978,0.631,1.298,697.928,45.946,145.497,2312,2425,2297
2313,1026140646,644.98,0.363,54.575,0.513,0.237,1.081,0.698,1.435,697.375,45.91,145.382,2313,935,1659
2314,1077278874,735.028,0.392,54.307,0.245,0.208,0.949,0.613,1.259,697.338,45.908,145.374,2314,1382,2481
2315,424963023,456.283,0.265,50.979,-3.084,0.335,1.528,0.987,2.028,697.228,45.9,145.351,2315,3447,155
2316,424468844,517.176,0.304,52.011,-2.052,0.296,1.348,0.87,1.789,697.096,45.892,145.324,2316,3118,483
2317,497795182,511.689,0.301,51.724,-2.339,0.299,1.362,0.88,1.807,696.886,45.878,145.28,2317,3216,436
2318,754043895,423.949,0.239,51.364,-2.698,0.361,1.644,1.061,2.181,696.795,45.872,145.261,2318,3348,72
2319,1077039002,728.913,0.39,54.248,0.186,0.21,0.956,0.617,1.268,696.48,45.851,145.195,2319,1493,2438
2320,442215256,620.859,0.354,54.481,0.418,0.246,1.122,0.724,1.488,696.334,45.842,145.165,2320,1063,1433
2321,482117376,440.98,0.254,51.025,-3.038,0.346,1.578,1.019,2.094,695.838,45.809,145.061,2321,3431,108
2322,497795176,482.944,0.284,52.053,-2.009,0.316,1.44,0.93,1.911,695.388,45.779,144.968,2322,3097,271
2323,1077457861,593.431,0.343,54.028,-0.034,0.257,1.171,0.756,1.554,695.051,45.757,144.897,2323,1855,1149
2324,1077375436,575.661,0.335,55.16,1.098,0.265,1.207,0.78,1.602,695.029,45.756,144.893,2324,359,963
2325,497795131,443.605,0.256,51.276,-2.786,0.344,1.566,1.012,2.079,694.885,45.746,144.863,2325,3371,120
2326,1154202255,558.574,0.327,53.129,-0.934,0.273,1.244,0.803,1.65,694.615,45.728,144.806,2326,2631,802
2327,1152326656,625.123,0.356,52.086,-1.977,0.244,1.111,0.717,1.474,694.494,45.72,144.781,2327,3079,1488
2328,1076669294,842.42,0.419,53.974,-0.089,0.181,0.824,0.532,1.093,693.92,45.683,144.662,2328,1933,3052
2329,1077457859,477.337,0.281,52.567,-1.495,0.319,1.453,0.938,1.928,693.423,45.65,144.558,2329,2866,255
2330,1076847388,651.911,0.367,54.261,0.198,0.233,1.063,0.687,1.411,693.091,45.628,144.489,2330,1468,1775
2331,1076860395,580.893,0.338,54.118,0.056,0.262,1.193,0.77,1.583,692.877,45.614,144.444,2331,1714,1033
2332,1154645896,723.339,0.39,52.961,-1.101,0.21,0.956,0.617,1.269,691.525,45.525,144.162,2332,2694,2434
2333,1076703200,782.334,0.406,54.32,0.258,0.194,0.883,0.57,1.172,690.699,45.471,143.99,2333,1353,2817
2334,1150315074,458.661,0.27,51.322,-2.74,0.33,1.505,0.972,1.998,690.414,45.452,143.931,2334,3359,182
2335,1077428190,440.438,0.256,54.924,0.862,0.344,1.567,1.012,2.08,690.217,45.439,143.89,2335,555,116
2336,1153927960,715.562,0.388,52.84,-1.223,0.212,0.964,0.623,1.28,689.979,45.423,143.84,2336,2752,2384
2337,428971173,407.556,0.229,51.522,-2.541,0.371,1.693,1.093,2.246,689.811,45.412,143.805,2337,3301,60
2338,1036262208,664.824,0.372,54.318,0.256,0.228,1.037,0.67,1.376,689.327,45.38,143.704,2338,1355,1949
2339,1029559983,660.566,0.371,53.646,-0.417,0.229,1.043,0.673,1.384,688.827,45.347,143.6,2339,2289,1903
2340,1076669230,732.897,0.394,54.71,0.648,0.206,0.94,0.607,1.247,688.691,45.338,143.572,2340,785,2537
2341,1077042031,523.381,0.312,53.663,-0.4,0.288,1.314,0.848,1.743,687.511,45.261,143.326,2341,2278,559
2342,428971208,407.997,0.23,50.996,-3.066,0.37,1.685,1.088,2.236,687.451,45.257,143.313,2342,3440,63
2343,482024050,647.843,0.367,53.457,-0.605,0.233,1.061,0.685,1.408,687.222,45.242,143.265,2343,2430,1787
2344,428971237,433.301,0.252,50.253,-3.81,0.348,1.585,1.024,2.104,686.878,45.219,143.194,2344,3544,102
2345,1077375547,750.115,0.399,54.79,0.727,0.201,0.915,0.591,1.215,686.63,45.203,143.142,2345,696,2668
2346,1077457854,643.094,0.366,51.239,-2.824,0.234,1.066,0.689,1.415,685.776,45.146,142.964,2346,3383,1751
2347,1076669091,472.357,0.281,55.43,1.368,0.319,1.452,0.937,1.926,685.638,45.137,142.935,2347,239,257
2348,1077039041,688.353,0.381,54.07,0.007,0.219,0.996,0.643,1.322,685.603,45.135,142.928,2348,1779,2186
2349,1076669121,651.564,0.369,54.589,0.527,0.231,1.052,0.679,1.395,685.169,45.107,142.837,2349,916,1853
2350,1076781130,541.089,0.322,54.411,0.349,0.278,1.266,0.818,1.68,685.131,45.104,142.829,2350,1197,708
2351,1076669109,473.77,0.283,54.435,0.372,0.317,1.446,0.934,1.919,685.014,45.096,142.805,2351,1155,264
2352,428971238,451.72,0.267,50.075,-3.988,0.333,1.516,0.979,2.012,684.985,45.094,142.799,2352,3565,166
2353,1152352584,606.885,0.352,51.902,-2.161,0.248,1.128,0.729,1.497,684.772,45.08,142.755,2353,3153,1392
2354,424962985,467.749,0.279,52.637,-1.425,0.321,1.461,0.944,1.939,683.403,44.99,142.469,2354,2842,241
2355,424468879,464.723,0.277,50.359,-3.703,0.323,1.47,0.949,1.951,683.184,44.976,142.423,2355,3538,223
2356,1151672726,603.683,0.352,51.814,-2.248,0.248,1.132,0.731,1.502,683.12,44.972,142.41,2356,3188,1370
2357,1076860433,729.603,0.395,54.593,0.531,0.205,0.936,0.605,1.242,682.967,44.962,142.378,2357,907,2554
2358,1152838460,833.397,0.42,52.535,-1.528,0.18,0.819,0.529,1.087,682.832,44.953,142.35,2358,2881,3065
2359,1026166962,539.465,0.322,54.359,0.296,0.278,1.265,0.817,1.679,682.651,44.941,142.312,2359,1285,714
2360,1076781111,509.966,0.306,53.934,-0.128,0.294,1.339,0.864,1.776,682.64,44.94,142.31,2360,1988,506
2361,1076669277,578.493,0.342,54.006,-0.057,0.258,1.178,0.761,1.563,681.433,44.861,142.058,2361,1882,1115
2362,497795104,447.831,0.266,51.592,-2.47,0.334,1.521,0.982,2.019,681.231,44.847,142.016,2362,3274,161
2363,454798773,571.559,0.338,53.159,-0.904,0.262,1.192,0.77,1.582,681.191,44.845,142.008,2363,2615,1042
2364,1026140652,664.667,0.375,54.533,0.471,0.225,1.024,0.662,1.359,680.909,44.826,141.949,2364,991,2032
2365,1077278812,872.595,0.429,54.389,0.327,0.171,0.78,0.504,1.035,680.687,44.811,141.903,2365,1237,3193
2366,1154194300,502.062,0.303,52.415,-1.647,0.297,1.355,0.875,1.799,680.486,44.798,141.861,2366,2935,457
2367,482579078,447.359,0.266,52.892,-1.17,0.334,1.521,0.982,2.018,680.245,44.782,141.811,2367,2728,162
2368,1076847159,546.143,0.327,54.114,0.051,0.273,1.246,0.804,1.653,680.223,44.781,141.806,2368,1719,792
2369,1152816407,710.49,0.39,51.812,-2.251,0.21,0.957,0.618,1.27,679.939,44.762,141.747,2369,3189,2428
2370,1077457857,667.42,0.377,51.267,-2.795,0.223,1.018,0.658,1.351,679.655,44.744,141.688,2370,3374,2068
2371,1153126010,685.589,0.383,52.832,-1.231,0.217,0.991,0.64,1.315,679.413,44.728,141.637,2371,2756,2216
2372,1076780827,741.494,0.399,54.447,0.385,0.201,0.916,0.592,1.216,679.362,44.724,141.627,2372,1128,2665
2373,497795179,486.23,0.293,52.264,-1.799,0.307,1.397,0.902,1.854,679.257,44.717,141.605,2373,2998,346
2374,1150837154,932.879,0.44,53.407,-0.655,0.16,0.727,0.47,0.965,678.535,44.67,141.454,2374,2465,3318
2375,424467000,448.656,0.269,51.611,-2.451,0.331,1.511,0.976,2.005,677.733,44.617,141.287,2375,3262,175
2376,1076847313,513.928,0.311,55.213,1.15,0.289,1.318,0.851,1.749,677.5,44.602,141.239,2376,333,550
2377,428971169,449.726,0.269,52.343,-1.72,0.331,1.506,0.973,1.999,677.5,44.602,141.239,2377,2972,177
2378,482125884,489.891,0.297,51.455,-2.607,0.303,1.382,0.892,1.834,677.01,44.569,141.136,2378,3319,390
2379,1077278838,562.784,0.336,54.166,0.103,0.264,1.203,0.777,1.596,676.751,44.552,141.082,2379,1637,986
2380,1036262205,664.812,0.377,54.1,0.038,0.223,1.018,0.657,1.35,676.521,44.537,141.034,2380,1741,2076
2381,1152855194,653.222,0.373,54.182,0.119,0.227,1.035,0.668,1.373,675.854,44.493,140.895,2381,1610,1958
2382,1077375507,854.033,0.426,54.093,0.03,0.174,0.791,0.511,1.05,675.798,44.49,140.884,2382,1750,3168
2383,1076847160,557.291,0.334,54.075,0.013,0.266,1.212,0.783,1.608,675.426,44.465,140.806,2383,1772,936
2384,424467002,410.768,0.239,51.764,-2.299,0.361,1.644,1.062,2.181,675.268,44.455,140.773,2384,3202,71
2385,1036262231,548.308,0.33,54.079,0.016,0.27,1.231,0.795,1.633,674.895,44.43,140.696,2385,1765,851
2386,1077278279,687.835,0.385,54.063,0.001,0.215,0.981,0.633,1.301,674.536,44.407,140.621,2386,1801,2273
2387,1150837171,761.023,0.406,53.752,-0.31,0.194,0.886,0.572,1.175,673.963,44.369,140.501,2387,2194,2799
2388,424468864,483.823,0.294,50.125,-3.938,0.306,1.393,0.9,1.848,673.925,44.366,140.493,2388,3564,361
2389,1152356071,784.468,0.412,52.524,-1.539,0.188,0.859,0.555,1.139,673.61,44.346,140.428,2389,2889,2916
2390,1077278799,572.359,0.342,53.427,-0.636,0.258,1.176,0.76,1.561,673.374,44.33,140.378,2390,2454,1124
2391,1076669023,616.291,0.36,54.959,0.897,0.24,1.092,0.705,1.449,673.007,44.306,140.302,2391,514,1591
2392,1036597623,1183.755,0.475,53.379,-0.684,0.125,0.568,0.367,0.754,672.915,44.3,140.283,2392,2490,3530
2393,1151669642,530.607,0.322,52.091,-1.971,0.278,1.267,0.818,1.681,672.043,44.242,140.101,2393,3076,707
2394,1076703056,447.86,0.271,54.393,0.331,0.329,1.5,0.969,1.991,671.974,44.238,140.087,2394,1230,189
2395,1076669336,790.35,0.413,54.221,0.158,0.187,0.85,0.549,1.128,671.879,44.232,140.067,2395,1542,2957
2396,428971207,407.75,0.238,51.325,-2.738,0.362,1.648,1.064,2.187,671.846,44.229,140.06,2396,3357,70
2397,1390448663,535.157,0.325,54.72,0.658,0.275,1.255,0.811,1.666,671.684,44.219,140.026,2397,776,759
2398,1153126015,702.813,0.39,53.175,-0.888,0.21,0.955,0.617,1.268,671.435,44.202,139.974,2398,2611,2440
2399,424962988,455.02,0.276,53.122,-0.94,0.324,1.475,0.953,1.958,671.231,44.189,139.932,2399,2635,217
2400,1076669236,515.323,0.314,55.228,1.165,0.286,1.302,0.841,1.728,671.169,44.185,139.919,2400,320,597
2401,1076781094,811.085,0.418,53.859,-0.203,0.182,0.827,0.534,1.098,671.008,44.174,139.885,2401,2076,3043
2402,1390448656,529.213,0.322,55.199,1.136,0.278,1.268,0.819,1.683,671.0,44.174,139.883,2402,340,703
2403,1077443341,474.357,0.29,55.59,1.528,0.31,1.414,0.913,1.877,670.917,44.168,139.866,2403,177,318
2404,1077428172,483.617,0.296,55.121,1.058,0.304,1.387,0.895,1.84,670.585,44.146,139.797,2404,392,379
2405,1077375575,585.595,0.349,54.214,0.151,0.251,1.145,0.739,1.519,670.452,44.138,139.769,2405,1559,1298
2406,1076669257,616.748,0.362,53.947,-0.115,0.238,1.087,0.702,1.442,670.128,44.116,139.702,2406,1966,1620
2407,1076781226,639.024,0.37,53.788,-0.274,0.23,1.047,0.676,1.389,668.875,44.034,139.441,2407,2161,1882
2408,483147819,547.561,0.332,52.192,-1.87,0.268,1.222,0.789,1.621,668.863,44.033,139.438,2408,3025,896
2409,1036597515,1359.947,0.492,54.65,0.587,0.108,0.492,0.318,0.653,668.821,44.03,139.429,2409,842,3573
2410,442215254,621.011,0.364,54.397,0.334,0.236,1.076,0.695,1.428,668.178,43.988,139.295,2410,1222,1697
2411,442215260,620.864,0.364,54.319,0.257,0.236,1.076,0.695,1.428,668.143,43.986,139.288,2411,1354,1695
2412,482118783,451.494,0.275,52.049,-2.014,0.325,1.48,0.956,1.964,668.094,43.982,139.278,2412,3099,210
2413,1076860325,1163.137,0.474,54.998,0.935,0.126,0.574,0.371,0.762,667.871,43.968,139.231,2413,484,3527
2414,1076781237,782.036,0.413,53.109,-0.953,0.187,0.854,0.551,1.133,667.779,43.962,139.212,2414,2644,2945
2415,428971157,418.929,0.25,52.373,-1.689,0.35,1.594,1.029,2.115,667.771,43.961,139.21,2415,2958,97
2416,1076669373,730.951,0.4,53.482,-0.58,0.2,0.913,0.59,1.212,667.716,43.958,139.199,2416,2416,2673
2417,424963019,436.487,0.264,50.964,-3.098,0.336,1.529,0.987,2.029,667.346,43.933,139.122,2417,3449,153
2418,1152820378,649.912,0.375,52.135,-1.928,0.225,1.026,0.663,1.362,666.977,43.909,139.045,2418,3059,2017
2419,1077126987,552.958,0.335,55.53,1.467,0.265,1.206,0.779,1.6,666.606,43.884,138.967,2419,193,972
2420,1151912227,699.403,0.391,52.965,-1.098,0.209,0.953,0.615,1.265,666.563,43.882,138.958,2420,2691,2457
2421,424468846,476.997,0.294,51.154,-2.909,0.306,1.396,0.902,1.853,666.007,43.845,138.843,2421,3403,350
2422,1076781218,660.87,0.379,54.402,0.34,0.221,1.007,0.65,1.337,665.638,43.821,138.766,2422,1213,2130
2423,1076860410,500.754,0.308,55.431,1.369,0.292,1.329,0.858,1.763,665.252,43.795,138.685,2423,238,530
2424,1036597579,676.7,0.384,54.785,0.722,0.216,0.983,0.635,1.304,665.156,43.789,138.665,2424,703,2260
2425,424963009,430.836,0.261,52.147,-1.915,0.339,1.543,0.997,2.048,664.976,43.777,138.628,2425,3048,138
2426,482127515,491.051,0.303,51.89,-2.172,0.297,1.354,0.875,1.797,664.953,43.776,138.623,2426,3158,464
2427,424468856,514.851,0.317,52.414,-1.649,0.283,1.291,0.834,1.713,664.685,43.758,138.567,2427,2939,633
2428,428971216,406.733,0.241,50.637,-3.425,0.359,1.634,1.055,2.169,664.659,43.756,138.562,2428,3505,77
2429,424468860,451.879,0.277,49.988,-4.074,0.323,1.47,0.95,1.951,664.48,43.744,138.524,2429,3573,221
2430,482087370,437.061,0.267,51.556,-2.506,0.333,1.519,0.981,2.016,663.865,43.704,138.396,2430,3287,164
2431,1036597424,743.528,0.404,53.026,-1.036,0.196,0.893,0.577,1.185,663.812,43.701,138.385,2431,2670,2767
2432,428971172,407.787,0.243,51.659,-2.404,0.357,1.628,1.051,2.16,663.774,43.698,138.377,2432,3246,80
2433,497795125,417.781,0.251,51.941,-2.121,0.349,1.588,1.026,2.108,663.527,43.682,138.326,2433,3141,100
2434,1153102081,646.841,0.375,53.113,-0.95,0.225,1.025,0.662,1.361,663.216,43.661,138.261,2434,2641,2027
2435,1153928520,513.005,0.316,53.237,-0.826,0.284,1.293,0.835,1.715,663.145,43.657,138.246,2435,2565,625
2436,1077278800,559.355,0.34,53.243,-0.819,0.26,1.185,0.766,1.573,663.079,43.652,138.232,2436,2563,1077
2437,1026166968,734.316,0.402,54.073,0.011,0.198,0.903,0.583,1.198,663.002,43.647,138.216,2437,1777,2725
2438,1077375559,919.975,0.442,54.322,0.26,0.158,0.721,0.465,0.956,662.895,43.64,138.194,2438,1346,3329
2439,1151905006,730.144,0.401,52.738,-1.325,0.199,0.908,0.586,1.205,662.798,43.634,138.174,2439,2800,2701
2440,1154664412,497.594,0.308,51.196,-2.866,0.292,1.331,0.86,1.767,662.511,43.615,138.114,2440,3392,522
2441,1076780875,546.481,0.334,54.877,0.814,0.266,1.211,0.782,1.608,662.028,43.583,138.013,2441,598,938
2442,1036597535,640.073,0.373,54.588,0.526,0.227,1.034,0.668,1.372,661.913,43.576,137.989,2442,919,1960
2443,1076669427,2716.367,0.547,54.16,0.097,0.053,0.244,0.157,0.323,661.582,43.554,137.92,2443,1648,3600
2444,424962965,473.617,0.294,51.672,-2.39,0.306,1.396,0.902,1.853,661.377,43.54,137.877,2444,3244,349
2445,1156510110,440.655,0.271,50.388,-3.674,0.329,1.5,0.969,1.991,661.04,43.518,137.807,2445,3533,190
2446,1076669022,684.713,0.388,55.062,1.0,0.212,0.965,0.623,1.281,660.971,43.513,137.793,2446,441,2375
2447,1026166979,697.452,0.392,54.735,0.673,0.208,0.948,0.612,1.257,660.89,43.508,137.776,2447,760,2491
2448,1036597562,638.728,0.373,54.308,0.246,0.227,1.034,0.668,1.372,660.323,43.471,137.658,2448,1378,1965
2449,424468851,451.77,0.279,50.555,-3.507,0.321,1.462,0.944,1.939,660.288,43.469,137.65,2449,3517,239
2450,424468840,513.377,0.318,50.614,-3.449,0.282,1.286,0.83,1.706,660.117,43.457,137.615,2450,3509,657
2451,497795181,479.671,0.298,51.766,-2.297,0.302,1.376,0.888,1.826,659.863,43.441,137.562,2451,3201,408
2452,1076669269,646.217,0.376,54.292,0.229,0.224,1.02,0.659,1.354,659.398,43.41,137.465,2452,1409,2058
2453,497795156,441.075,0.272,49.957,-4.106,0.328,1.494,0.965,1.982,658.844,43.373,137.349,2453,3574,195
2454,1150322017,445.548,0.276,51.848,-2.215,0.324,1.478,0.955,1.962,658.737,43.366,137.327,2454,3176,211
2455,1076847389,915.92,0.442,54.164,0.102,0.158,0.719,0.464,0.954,658.516,43.352,137.281,2455,1642,3332
2456,1077278842,518.076,0.321,54.069,0.006,0.279,1.269,0.82,1.685,657.685,43.297,137.108,2456,1785,695
2457,424468839,464.725,0.289,50.863,-3.199,0.311,1.415,0.914,1.878,657.667,43.296,137.104,2457,3467,315
2458,1029631466,826.748,0.425,54.36,0.297,0.175,0.795,0.514,1.056,657.602,43.292,137.09,2458,1283,3149
2459,1152831329,734.919,0.404,53.252,-0.811,0.196,0.895,0.578,1.187,657.542,43.288,137.078,2459,2560,2759
2460,1077375514,544.125,0.335,54.444,0.382,0.265,1.207,0.78,1.602,656.912,43.246,136.947,2460,1135,964
2461,428971214,409.753,0.248,51.331,-2.732,0.352,1.603,1.035,2.127,656.873,43.244,136.938,2461,3356,89
2462,633556046,411.131,0.25,54.748,0.686,0.35,1.597,1.031,2.119,656.621,43.227,136.886,2462,744,96
2463,1036262190,639.836,0.375,54.293,0.231,0.225,1.026,0.663,1.362,656.61,43.226,136.884,2463,1404,2018
2464,1076781025,774.664,0.414,54.255,0.192,0.186,0.847,0.547,1.124,656.425,43.214,136.845,2464,1482,2969
2465,424467005,410.447,0.249,51.709,-2.354,0.351,1.599,1.032,2.122,656.198,43.199,136.798,2465,3227,93
2466,482122647,416.359,0.254,49.725,-4.338,0.346,1.575,1.017,2.091,655.929,43.182,136.742,2466,3592,111
2467,1151672727,597.002,0.359,52.087,-1.975,0.241,1.098,0.709,1.458,655.799,43.173,136.715,2467,3078,1553
2468,1076703199,550.61,0.339,54.412,0.349,0.261,1.191,0.769,1.58,655.707,43.167,136.695,2468,1196,1044
2469,1076860450,810.174,0.422,53.741,-0.322,0.178,0.809,0.523,1.074,655.498,43.153,136.652,2469,2199,3102
2470,1076781063,595.743,0.359,54.075,0.013,0.241,1.1,0.711,1.46,655.435,43.149,136.639,2470,1774,1541
2471,1076781122,603.602,0.362,54.414,0.351,0.238,1.086,0.701,1.441,655.357,43.144,136.622,2471,1192,1624
2472,117601168,607.34,0.363,54.242,0.179,0.237,1.079,0.697,1.432,655.284,43.139,136.607,2472,1502,1675
2473,1153095794,656.342,0.381,52.527,-1.535,0.219,0.998,0.645,1.324,655.085,43.126,136.566,2473,2887,2173
2474,482298991,403.266,0.244,51.227,-2.835,0.356,1.623,1.048,2.154,654.514,43.088,136.447,2474,3388,82
2475,1153936351,579.134,0.352,52.783,-1.28,0.248,1.13,0.73,1.5,654.421,43.082,136.427,2475,2781,1381
2476,497795180,468.901,0.294,51.866,-2.196,0.306,1.395,0.901,1.851,654.115,43.062,136.364,2476,3167,352
2477,1076781066,533.884,0.331,54.407,0.344,0.269,1.225,0.791,1.626,654.063,43.059,136.353,2477,1205,875
2478,1036597536,616.364,0.367,54.594,0.531,0.233,1.06,0.685,1.407,653.471,43.02,136.229,2478,904,1790
2479,424468866,483.422,0.303,50.69,-3.372,0.297,1.351,0.873,1.793,653.239,43.005,136.181,2479,3494,471
2480,1153974554,551.418,0.34,51.963,-2.099,0.26,1.184,0.765,1.571,652.931,42.984,136.117,2480,3130,1085
2481,483066851,774.416,0.415,54.216,0.153,0.185,0.843,0.544,1.119,652.857,42.979,136.101,2481,1554,2993
2482,424468884,542.235,0.336,51.557,-2.505,0.264,1.204,0.777,1.597,652.641,42.965,136.056,2482,3286,982
2483,754043747,451.681,0.283,51.844,-2.218,0.317,1.445,0.933,1.917,652.566,42.96,136.04,2483,3179,265
2484,1076703114,686.472,0.391,54.449,0.387,0.209,0.95,0.614,1.261,652.433,42.951,136.013,2484,1124,2473
2485,1029631512,438.656,0.274,54.113,0.051,0.326,1.487,0.96,1.973,652.195,42.936,135.963,2485,1722,199
2486,424466979,407.756,0.249,51.945,-2.117,0.351,1.599,1.033,2.122,651.981,42.922,135.919,2486,3140,92
2487,1390448642,475.03,0.299,55.1,1.037,0.301,1.371,0.886,1.82,651.409,42.884,135.799,2487,401,420
2488,1076847169,615.99,0.368,54.24,0.177,0.232,1.056,0.682,1.401,650.495,42.824,135.609,2488,1507,1825
2489,1153121521,825.069,0.427,53.342,-0.72,0.173,0.788,0.509,1.046,650.402,42.818,135.589,2489,2513,3176
2490,497795127,493.782,0.311,50.857,-3.205,0.289,1.317,0.851,1.748,650.358,42.815,135.58,2490,3470,554
2491,497795141,418.84,0.26,49.76,-4.302,0.34,1.551,1.002,2.058,649.711,42.772,135.445,2491,3588,134
2492,750112449,796.433,0.421,52.324,-1.738,0.179,0.816,0.527,1.082,649.577,42.763,135.417,2492,2977,3081
2493,1153928521,736.381,0.407,53.394,-0.668,0.193,0.881,0.569,1.17,649.043,42.728,135.306,2493,2479,2823
2494,1036597464,582.495,0.356,54.362,0.299,0.244,1.114,0.72,1.478,648.987,42.725,135.294,2494,1281,1472
2495,424468865,530.821,0.332,49.749,-4.314,0.268,1.222,0.789,1.622,648.827,42.714,135.261,2495,3590,891
2496,1077039031,693.425,0.395,54.541,0.478,0.205,0.935,0.604,1.241,648.64,42.702,135.222,2496,978,2559
2497,1077375569,668.868,0.387,54.223,0.16,0.213,0.97,0.626,1.287,648.596,42.699,135.213,2497,1536,2353
2498,1036526103,737.859,0.407,54.519,0.456,0.193,0.879,0.568,1.166,648.45,42.689,135.183,2498,1013,2841
2499,1077042010,627.556,0.373,54.492,0.429,0.227,1.033,0.667,1.37,648.023,42.661,135.093,2499,1049,1972
2500,1036526081,573.552,0.352,54.478,0.416,0.248,1.129,0.729,1.499,647.687,42.639,135.024,2500,1067,1386
2501,482497279,471.618,0.299,54.613,0.55,0.301,1.373,0.887,1.822,647.682,42.639,135.022,2501,880,414
2502,1159591104,441.609,0.278,51.855,-2.207,0.322,1.466,0.947,1.946,647.514,42.628,134.987,2502,3171,231
2503,482580522,436.042,0.274,51.401,-2.661,0.326,1.484,0.958,1.969,647.098,42.6,134.901,2503,3336,207
2504,424468831,486.249,0.308,49.866,-4.197,0.292,1.331,0.859,1.766,646.958,42.591,134.872,2504,3582,525
2505,1076781112,592.011,0.36,53.981,-0.081,0.24,1.092,0.705,1.449,646.431,42.556,134.762,2505,1921,1592
2506,117601175,612.491,0.368,54.692,0.629,0.232,1.055,0.681,1.4,646.333,42.55,134.741,2506,803,1831
2507,1077042022,561.914,0.348,54.931,0.868,0.252,1.149,0.742,1.524,645.371,42.487,134.541,2507,545,1280
2508,1076669280,947.596,0.451,54.104,0.041,0.149,0.681,0.439,0.903,644.879,42.454,134.438,2508,1735,3395
2509,1036597457,553.351,0.344,54.348,0.285,0.256,1.165,0.753,1.546,644.8,42.449,134.422,2509,1304,1174
2510,424468837,475.98,0.303,51.542,-2.52,0.297,1.354,0.875,1.797,644.686,42.441,134.398,2510,3292,461
2511,1152830888,606.264,0.367,53.008,-1.054,0.233,1.063,0.687,1.411,644.673,42.441,134.395,2511,2679,1774
2512,410932401,470.141,0.299,54.711,0.648,0.301,1.371,0.885,1.819,644.523,42.431,134.364,2512,783,421
2513,1026166939,617.573,0.371,52.701,-1.362,0.229,1.043,0.674,1.385,644.369,42.421,134.332,2513,2817,1899
2514,424468833,539.423,0.338,50.199,-3.863,0.262,1.194,0.771,1.585,644.196,42.409,134.296,2514,3552,1027
2515,754043893,442.728,0.281,50.657,-3.405,0.319,1.454,0.939,1.929,643.729,42.378,134.198,2515,3500,254
2516,1154411640,634.312,0.377,52.867,-1.195,0.223,1.015,0.655,1.346,643.593,42.369,134.17,2516,2739,2094
2517,482087371,439.242,0.278,52.198,-1.865,0.322,1.465,0.946,1.944,643.568,42.368,134.165,2517,3022,234
2518,497795115,409.55,0.255,51.071,-2.991,0.345,1.571,1.015,2.085,643.372,42.355,134.124,2518,3420,113
2519,1151908443,584.838,0.359,53.491,-0.571,0.241,1.1,0.71,1.459,643.221,42.345,134.092,2519,2409,1544
2520,1076669197,502.368,0.319,55.251,1.189,0.281,1.28,0.827,1.699,643.123,42.339,134.072,2520,307,676
2521,1076669077,500.388,0.318,55.626,1.564,0.282,1.285,0.83,1.705,642.993,42.33,134.045,2521,162,659
2522,424963021,432.422,0.274,50.827,-3.235,0.326,1.487,0.96,1.973,642.924,42.325,134.03,2522,3476,200
2523,424466975,407.563,0.254,51.546,-2.516,0.346,1.576,1.018,2.092,642.39,42.29,133.919,2523,3291,109
2524,482317612,610.516,0.369,54.831,0.769,0.231,1.052,0.679,1.396,642.298,42.284,133.9,2524,646,1850
2525,1076847187,507.436,0.322,54.553,0.49,0.278,1.266,0.817,1.68,642.289,42.284,133.898,2525,964,712
2526,483066852,680.233,0.393,54.218,0.155,0.207,0.944,0.61,1.253,642.153,42.275,133.87,2526,1550,2511
2527,1153949971,705.487,0.4,52.839,-1.223,0.2,0.91,0.588,1.207,641.94,42.261,133.825,2527,2753,2696
2528,1076669376,705.14,0.4,54.374,0.311,0.2,0.91,0.588,1.208,641.734,42.247,133.782,2528,1263,2695
2529,1036597429,639.451,0.38,53.814,-0.248,0.22,1.003,0.648,1.332,641.664,42.242,133.768,2529,2134,2151
2530,1077375584,661.232,0.387,53.963,-0.1,0.213,0.97,0.627,1.288,641.64,42.241,133.763,2530,1945,2347
2531,1077278643,752.308,0.413,53.298,-0.765,0.187,0.853,0.551,1.132,641.541,42.234,133.742,2531,2536,2950
2532,1076781015,707.005,0.401,53.67,-0.393,0.199,0.907,0.586,1.203,641.057,42.202,133.641,2532,2273,2706
2533,1076669187,616.957,0.372,54.194,0.131,0.228,1.038,0.671,1.378,640.631,42.174,133.553,2533,1595,1935
2534,424962864,403.39,0.252,52.238,-1.825,0.348,1.587,1.025,2.105,640.012,42.134,133.424,2534,3003,101
2535,321952055,448.408,0.287,51.767,-2.296,0.313,1.426,0.921,1.892,639.418,42.095,133.3,2535,3199,302
2536,424467012,407.866,0.256,50.6,-3.463,0.344,1.567,1.012,2.079,638.957,42.064,133.203,2536,3511,118
2537,1154416558,633.809,0.379,52.196,-1.866,0.221,1.008,0.651,1.338,638.952,42.064,133.202,2537,3023,2127
2538,1076669012,621.083,0.374,54.533,0.47,0.226,1.029,0.664,1.365,638.937,42.063,133.199,2538,992,1999
2539,497795134,480.018,0.308,50.798,-3.265,0.292,1.331,0.859,1.766,638.817,42.055,133.174,2539,3481,523
2540,541596233,692.531,0.398,53.237,-0.825,0.202,0.922,0.596,1.224,638.732,42.049,133.157,2540,2564,2630
2541,1077127018,680.283,0.394,54.257,0.194,0.206,0.938,0.606,1.245,638.365,42.025,133.08,2541,1473,2541
2542,1029631514,480.402,0.309,54.23,0.168,0.291,1.327,0.857,1.761,637.64,41.978,132.929,2542,1516,531
2543,1076781004,497.791,0.319,54.231,0.168,0.281,1.281,0.827,1.699,637.441,41.964,132.887,2543,1515,674
2544,1076669100,480.551,0.309,54.834,0.772,0.291,1.326,0.856,1.76,637.311,41.956,132.86,2544,643,533
2545,1154916237,538.815,0.341,53.824,-0.239,0.259,1.182,0.763,1.568,636.814,41.923,132.757,2545,2114,1089
2546,497795109,408.691,0.258,51.155,-2.908,0.342,1.558,1.006,2.067,636.7,41.916,132.733,2546,3402,126
2547,1156504634,709.886,0.403,52.539,-1.524,0.197,0.897,0.579,1.19,636.569,41.907,132.706,2547,2878,2750
2548,424468868,509.904,0.326,50.002,-4.061,0.274,1.248,0.806,1.656,636.183,41.882,132.625,2548,3571,790
2549,1151910870,548.302,0.346,52.237,-1.825,0.254,1.159,0.749,1.538,635.647,41.846,132.514,2549,3004,1213
2550,1076860388,659.024,0.388,54.831,0.769,0.212,0.964,0.623,1.28,635.615,41.844,132.507,2550,645,2382
2551,497795119,414.184,0.263,51.355,-2.708,0.337,1.534,0.991,2.036,635.364,41.828,132.454,2551,3351,148
2552,1152304577,557.931,0.35,52.534,-1.528,0.25,1.138,0.735,1.51,635.021,41.805,132.383,2552,2883,1335
2553,1076781182,555.1,0.349,54.616,0.554,0.251,1.144,0.739,1.518,634.915,41.798,132.361,2553,876,1305
2554,1076668999,621.145,0.376,54.727,0.664,0.224,1.021,0.66,1.355,634.419,41.766,132.257,2554,768,2055
2555,428971253,403.382,0.255,51.573,-2.489,0.345,1.572,1.015,2.087,634.253,41.755,132.223,2555,3277,112
2556,1153095812,797.376,0.425,52.641,-1.421,0.175,0.795,0.514,1.055,634.179,41.75,132.207,2556,2840,3150
2557,497795140,421.03,0.27,50.131,-3.932,0.33,1.506,0.972,1.998,633.947,41.734,132.159,2557,3563,179
2558,1036597473,433.433,0.279,54.394,0.332,0.321,1.462,0.944,1.94,633.543,41.708,132.075,2558,1228,238
2559,1152329074,574.68,0.358,54.032,-0.03,0.242,1.102,0.712,1.463,633.425,41.7,132.05,2559,1848,1528
2560,1036597555,740.966,0.413,53.445,-0.618,0.187,0.854,0.552,1.134,632.961,41.67,131.954,2560,2436,2940
2561,1036526111,591.397,0.365,54.541,0.478,0.235,1.07,0.691,1.42,632.864,41.663,131.933,2561,976,1728
2562,666273774,581.116,0.361,53.982,-0.08,0.239,1.089,0.703,1.445,632.733,41.655,131.906,2562,1918,1608
2563,424466987,408.005,0.26,51.598,-2.465,0.34,1.551,1.001,2.058,632.624,41.647,131.883,2563,3273,135
2564,1076860345,489.576,0.317,55.064,1.002,0.283,1.291,0.834,1.713,632.003,41.606,131.754,2564,439,635
2565,1077042067,555.308,0.35,54.922,0.86,0.25,1.138,0.735,1.51,631.974,41.605,131.748,2565,558,1336
2566,1076847304,685.023,0.398,54.092,0.03,0.202,0.922,0.596,1.224,631.891,41.599,131.73,2566,1752,2629
2567,1036597542,644.701,0.385,55.194,1.132,0.215,0.98,0.633,1.3,631.764,41.591,131.704,2567,343,2282
2568,1077375506,865.01,0.44,54.364,0.301,0.16,0.73,0.472,0.969,631.583,41.579,131.666,2568,1278,3310
2569,1076669349,667.788,0.393,53.659,-0.404,0.207,0.945,0.61,1.254,631.129,41.549,131.572,2569,2280,2505
2570,1077278269,633.504,0.381,54.074,0.012,0.219,0.996,0.643,1.322,631.11,41.548,131.568,2570,1776,2182
2571,1152326673,528.69,0.338,51.269,-2.794,0.262,1.194,0.771,1.584,631.075,41.545,131.56,2571,3372,1030
2572,497795126,511.936,0.33,52.175,-1.887,0.27,1.232,0.796,1.635,630.885,41.533,131.521,2572,3035,847
2573,1077039015,523.405,0.336,55.106,1.044,0.264,1.205,0.778,1.599,630.815,41.528,131.506,2573,397,973
2574,1152838470,627.8,0.38,52.454,-1.608,0.22,1.004,0.648,1.332,630.155,41.485,131.369,2574,2917,2149
2575,387162668,632.779,0.382,52.109,-1.954,0.218,0.996,0.643,1.321,629.978,41.473,131.332,2575,3069,2189
2576,1153943463,615.191,0.375,53.12,-0.942,0.225,1.024,0.661,1.358,629.745,41.458,131.283,2576,2636,2037
2577,1077278854,567.297,0.356,53.676,-0.387,0.244,1.11,0.717,1.473,629.731,41.457,131.28,2577,2265,1494
2578,428971239,423.45,0.274,49.947,-4.116,0.326,1.487,0.96,1.973,629.609,41.449,131.255,2578,3575,198
2579,1390448647,626.426,0.379,54.439,0.377,0.221,1.005,0.649,1.334,629.507,41.442,131.233,2579,1143,2145
2580,1077376116,683.871,0.398,54.281,0.218,0.202,0.92,0.594,1.221,629.412,41.436,131.214,2580,1434,2639
2581,482578771,473.259,0.308,52.821,-1.242,0.292,1.33,0.859,1.764,629.223,41.423,131.174,2581,2763,528
2582,1076703124,636.751,0.383,56.676,2.614,0.217,0.988,0.638,1.311,629.22,41.423,131.174,2582,31,2230
2583,482117375,426.883,0.277,51.12,-2.942,0.323,1.474,0.952,1.956,629.114,41.416,131.151,2583,3411,218
2584,1152854492,689.408,0.4,52.927,-1.135,0.2,0.912,0.589,1.211,629.071,41.413,131.143,2584,2708,2678
2585,1029631470,636.987,0.383,53.88,-0.182,0.217,0.987,0.638,1.31,629.021,41.41,131.132,2585,2052,2236
2586,1154194296,886.765,0.444,53.807,-0.256,0.156,0.709,0.458,0.941,629.005,41.409,131.129,2586,2146,3355
2587,482581747,463.135,0.302,50.163,-3.9,0.298,1.358,0.877,1.802,628.88,41.401,131.103,2587,3558,447
2588,424962962,403.389,0.258,51.957,-2.105,0.342,1.557,1.006,2.067,628.205,41.356,130.962,2588,3133,128
2589,1077443358,520.433,0.335,54.202,0.14,0.265,1.207,0.779,1.601,627.915,41.337,130.902,2589,1580,969
2590,1077278829,811.587,0.43,53.815,-0.248,0.17,0.774,0.5,1.027,627.812,41.331,130.88,2590,2133,3220
2591,1036526079,573.551,0.36,54.026,-0.036,0.24,1.093,0.706,1.45,626.752,41.261,130.659,2591,1858,1588
2592,424962967,435.448,0.284,51.054,-3.008,0.316,1.439,0.929,1.91,626.707,41.258,130.65,2592,3422,272
2593,1076703050,511.962,0.331,54.865,0.803,0.269,1.224,0.79,1.624,626.437,41.24,130.593,2593,606,882
2594,1036231360,573.044,0.36,57.295,3.233,0.24,1.093,0.706,1.45,626.321,41.232,130.569,2594,9,1586
2595,1154202229,644.698,0.387,52.686,-1.377,0.213,0.971,0.627,1.289,626.216,41.226,130.547,2595,2822,2340
2596,424467004,427.869,0.279,51.687,-2.376,0.321,1.464,0.945,1.942,626.193,41.224,130.543,2596,3238,237
2597,1076669127,520.056,0.336,54.51,0.448,0.264,1.204,0.777,1.597,626.039,41.214,130.511,2597,1021,980
2598,424466978,407.885,0.263,52.029,-2.033,0.337,1.535,0.991,2.037,626.032,41.213,130.509,2598,3108,146
2599,1077278315,500.561,0.326,54.852,0.79,0.274,1.251,0.808,1.66,626.005,41.212,130.503,2599,619,780
2600,482497277,463.415,0.304,54.371,0.309,0.296,1.351,0.872,1.793,625.979,41.21,130.498,2600,1265,473
2601,1152348411,2806.059,0.551,53.191,-0.872,0.049,0.223,0.144,0.296,625.957,41.208,130.493,2601,2599,3601
2602,1390448637,482.667,0.315,52.701,-1.361,0.285,1.297,0.837,1.721,625.84,41.201,130.469,2602,2816,611
2603,1036597537,426.849,0.278,54.799,0.737,0.322,1.466,0.947,1.945,625.706,41.192,130.441,2603,680,232
2604,1152826419,632.811,0.383,54.126,0.063,0.217,0.988,0.638,1.311,625.326,41.167,130.362,2604,1703,2231
2605,1036526096,597.439,0.37,55.055,0.992,0.23,1.046,0.676,1.388,624.948,41.142,130.283,2605,449,1887
2606,1156504750,583.284,0.365,53.867,-0.195,0.235,1.071,0.692,1.422,624.845,41.135,130.262,2606,2066,1722
2607,483098594,518.711,0.336,54.478,0.415,0.264,1.204,0.778,1.598,624.545,41.115,130.199,2607,1068,978
2608,1029631495,483.896,0.317,56.009,1.946,0.283,1.29,0.833,1.712,624.384,41.105,130.165,2608,97,636
2609,1152296206,532.838,0.343,51.36,-2.703,0.257,1.171,0.757,1.555,624.214,41.094,130.13,2609,3350,1146
2610,428971228,405.417,0.262,52.172,-1.891,0.338,1.539,0.994,2.042,623.771,41.065,130.038,2610,3037,141
2611,428971256,403.38,0.261,51.293,-2.77,0.339,1.546,0.999,2.052,623.752,41.063,130.034,2611,3365,137
2612,1154181081,783.389,0.425,52.744,-1.319,0.175,0.796,0.514,1.056,623.417,41.041,129.964,2612,2798,3146
2613,1076860446,480.677,0.316,53.323,-0.74,0.284,1.296,0.837,1.72,623.014,41.015,129.88,2613,2521,615
2614,482291318,481.992,0.316,51.216,-2.846,0.284,1.292,0.835,1.715,622.865,41.005,129.849,2614,3390,627
2615,1076860448,536.288,0.345,53.292,-0.771,0.255,1.161,0.75,1.541,622.707,40.994,129.816,2615,2541,1201
2616,482125883,426.352,0.28,51.353,-2.709,0.32,1.46,0.943,1.938,622.647,40.991,129.803,2616,3352,243
2617,1077038993,590.841,0.369,54.831,0.769,0.231,1.054,0.68,1.398,622.469,40.979,129.766,2617,646,1840
2618,1036223213,648.523,0.389,54.781,0.719,0.211,0.959,0.62,1.273,622.234,40.963,129.717,2618,706,2410
2619,1076847141,514.889,0.335,53.823,-0.24,0.265,1.208,0.78,1.604,622.233,40.963,129.717,2619,2118,956
2620,1076669438,665.885,0.395,55.036,0.974,0.205,0.934,0.603,1.239,621.623,40.923,129.59,2620,462,2573
2621,1076781113,577.016,0.364,54.068,0.006,0.236,1.077,0.696,1.43,621.603,40.922,129.586,2621,1788,1691
2622,1076780885,588.529,0.368,54.169,0.106,0.232,1.055,0.682,1.401,621.144,40.892,129.49,2622,1632,1830
2623,1076847311,984.132,0.462,55.991,1.928,0.138,0.631,0.407,0.837,620.498,40.849,129.355,2623,99,3473
2624,1036597589,1008.268,0.465,53.821,-0.241,0.135,0.615,0.397,0.817,620.446,40.846,129.345,2624,2121,3494
2625,1026140650,813.109,0.433,53.643,-0.42,0.167,0.763,0.492,1.012,620.026,40.818,129.257,2625,2292,3243
2626,482578768,441.256,0.292,53.525,-0.538,0.308,1.405,0.907,1.864,619.942,40.812,129.239,2626,2379,332
2627,442215255,621.0,0.381,54.424,0.361,0.219,0.998,0.645,1.324,619.783,40.802,129.206,2627,1179,2174
2628,428971255,403.38,0.263,51.395,-2.667,0.337,1.536,0.992,2.038,619.473,40.782,129.142,2628,3338,144
2629,1077376107,712.986,0.409,54.842,0.78,0.191,0.869,0.561,1.153,619.311,40.771,129.108,2629,635,2874
2630,1153949968,574.016,0.363,52.349,-1.714,0.237,1.079,0.697,1.432,619.281,40.769,129.102,2630,2970,1677
2631,428971254,403.381,0.263,51.527,-2.535,0.337,1.535,0.991,2.037,619.093,40.757,129.063,2631,3298,147
2632,1154180725,452.858,0.3,52.4,-1.663,0.3,1.366,0.882,1.813,618.812,40.738,129.004,2632,2948,426
2633,1026140649,679.241,0.4,53.102,-0.961,0.2,0.911,0.588,1.209,618.774,40.736,128.996,2633,2646,2690
2634,1036597490,500.963,0.329,53.835,-0.228,0.271,1.235,0.798,1.639,618.741,40.733,128.989,2634,2100,838
2635,1076780826,478.44,0.317,54.267,0.204,0.283,1.291,0.834,1.713,617.663,40.662,128.764,2635,1454,634
2636,1154447397,458.06,0.304,51.68,-2.383,0.296,1.348,0.871,1.789,617.44,40.648,128.718,2636,3239,481
2637,424466991,408.186,0.268,51.704,-2.358,0.332,1.512,0.977,2.007,617.377,40.644,128.705,2637,3232,169
2638,1036597430,593.212,0.372,53.831,-0.232,0.228,1.041,0.672,1.381,617.376,40.644,128.705,2638,2105,1920
2639,1076781183,617.2,0.381,54.196,0.133,0.219,1.0,0.646,1.327,617.213,40.633,128.671,2639,1589,2164
2640,1029631471,580.676,0.367,53.96,-0.103,0.233,1.063,0.686,1.41,617.196,40.632,128.667,2640,1950,1777
2641,1077375447,693.972,0.405,54.997,0.934,0.195,0.889,0.574,1.18,617.182,40.631,128.664,2641,485,2784
2642,1076847319,587.805,0.37,54.932,0.87,0.23,1.05,0.678,1.393,616.929,40.614,128.611,2642,544,1866
2643,424962971,446.119,0.297,51.603,-2.459,0.303,1.382,0.892,1.834,616.529,40.588,128.528,2643,3267,389
2644,497795150,431.039,0.287,50.945,-3.118,0.313,1.428,0.922,1.895,615.538,40.523,128.321,2644,3454,299
2645,482127514,435.659,0.29,51.757,-2.306,0.31,1.413,0.912,1.875,615.407,40.514,128.294,2645,3204,320
2646,1154205179,597.878,0.374,51.936,-2.127,0.226,1.029,0.665,1.366,615.37,40.511,128.286,2646,3143,1995
2647,424466992,430.707,0.287,51.692,-2.37,0.313,1.428,0.922,1.895,615.153,40.497,128.241,2647,3237,298
2648,1036262207,664.812,0.397,54.326,0.264,0.203,0.925,0.597,1.228,615.038,40.49,128.217,2648,1341,2617
2649,1076781108,548.261,0.354,54.144,0.081,0.246,1.122,0.724,1.488,614.98,40.486,128.205,2649,1681,1432
2650,1036262193,497.37,0.329,54.627,0.565,0.271,1.236,0.798,1.641,614.902,40.481,128.189,2650,865,832
2651,1153126012,683.653,0.403,53.158,-0.905,0.197,0.899,0.581,1.193,614.852,40.477,128.178,2651,2617,2739
2652,424468850,451.771,0.301,50.774,-3.288,0.299,1.361,0.879,1.806,614.792,40.473,128.166,2652,3484,440
2653,1151910850,616.059,0.381,52.113,-1.95,0.219,0.997,0.644,1.323,614.173,40.433,128.037,2653,3067,2176
2654,1077443362,468.563,0.313,54.901,0.838,0.287,1.31,0.846,1.738,613.713,40.402,127.941,2654,571,575
2655,424466999,407.958,0.27,51.676,-2.386,0.33,1.503,0.971,1.995,613.358,40.379,127.867,2655,3243,184
2656,428971219,415.036,0.276,50.831,-3.231,0.324,1.477,0.954,1.959,612.854,40.346,127.762,2656,3475,216
2657,424468882,462.789,0.31,50.073,-3.99,0.29,1.323,0.855,1.756,612.476,40.321,127.683,2657,3566,536
2658,1154198424,768.556,0.425,53.101,-0.962,0.175,0.797,0.515,1.057,612.407,40.316,127.669,2658,2648,3143
2659,424466976,407.903,0.271,51.819,-2.244,0.329,1.5,0.968,1.99,611.684,40.269,127.518,2659,3186,191
2660,1077376109,588.268,0.372,54.842,0.78,0.228,1.039,0.671,1.379,611.406,40.25,127.46,2660,634,1931
2661,1077375579,886.704,0.449,54.227,0.164,0.151,0.689,0.445,0.915,611.346,40.247,127.447,2661,1524,3383
2662,1036597494,945.635,0.458,53.501,-0.561,0.142,0.646,0.417,0.858,611.127,40.232,127.402,2662,2400,3451
2663,1076860453,705.438,0.41,54.146,0.084,0.19,0.866,0.559,1.149,610.655,40.201,127.303,2663,1672,2886
2664,497795166,476.2,0.319,51.901,-2.162,0.281,1.282,0.828,1.702,610.651,40.201,127.303,2664,3154,666
2665,1154664410,497.778,0.331,50.058,-4.005,0.269,1.226,0.792,1.627,610.322,40.179,127.234,2665,3567,869
2666,1026140657,595.977,0.375,53.36,-0.702,0.225,1.024,0.661,1.359,610.161,40.169,127.2,2666,2500,2034
2667,1154205107,697.171,0.408,52.173,-1.889,0.192,0.875,0.565,1.161,610.11,40.165,127.19,2667,3036,2853
2668,1076669186,470.321,0.315,54.251,0.188,0.285,1.297,0.837,1.721,609.786,40.144,127.122,2668,1488,612
2669,424468849,451.888,0.304,52.205,-1.857,0.296,1.349,0.871,1.79,609.585,40.131,127.08,2669,3018,478
2670,424963002,438.325,0.295,52.919,-1.143,0.305,1.39,0.898,1.845,609.359,40.116,127.033,2670,2711,371
2671,1036262196,573.956,0.367,54.349,0.287,0.233,1.062,0.686,1.409,609.299,40.112,127.021,2671,1302,1781
2672,428971218,410.001,0.274,50.984,-3.079,0.326,1.486,0.96,1.972,609.228,40.107,127.006,2672,3445,202
2673,1036262218,625.877,0.386,53.892,-0.171,0.214,0.973,0.629,1.292,609.137,40.101,126.987,2673,2041,2329
2674,1076847192,595.245,0.376,54.316,0.253,0.224,1.023,0.661,1.358,608.961,40.09,126.95,2674,1362,2044
2675,424468832,490.448,0.328,49.753,-4.309,0.272,1.241,0.802,1.647,608.806,40.079,126.918,2675,3589,811
2676,1077127007,474.66,0.319,55.134,1.071,0.281,1.282,0.828,1.701,608.46,40.057,126.846,2676,379,669
2677,497795137,402.162,0.268,50.678,-3.384,0.332,1.512,0.976,2.006,607.917,40.021,126.733,2677,3495,171
2678,1036597496,540.837,0.353,53.81,-0.252,0.247,1.123,0.726,1.491,607.619,40.001,126.67,2678,2139,1417
2679,1036231392,572.809,0.367,56.507,2.444,0.233,1.06,0.684,1.406,606.931,39.956,126.527,2679,38,1797
2680,1076847307,734.458,0.419,55.85,1.788,0.181,0.826,0.534,1.096,606.816,39.948,126.503,2680,128,3045
2681,1154644026,634.983,0.39,54.226,0.164,0.21,0.955,0.617,1.268,606.662,39.938,126.471,2681,1527,2439
2682,1151905003,745.136,0.421,52.557,-1.506,0.179,0.814,0.526,1.08,606.471,39.926,126.431,2682,2871,3086
2683,483093037,436.073,0.295,52.088,-1.974,0.305,1.391,0.898,1.845,606.412,39.922,126.419,2683,3077,369
2684,1077375515,571.218,0.367,54.424,0.362,0.233,1.062,0.686,1.409,606.36,39.918,126.408,2684,1176,1783
2685,1076669088,448.081,0.303,55.708,1.646,0.297,1.353,0.874,1.796,606.354,39.918,126.407,2685,148,466
2686,424468877,490.981,0.329,50.495,-3.567,0.271,1.235,0.797,1.639,606.288,39.914,126.393,2686,3522,839
2687,497795110,479.957,0.323,51.246,-2.817,0.277,1.262,0.815,1.675,605.893,39.888,126.311,2687,3380,731
2688,1036597487,715.63,0.414,54.356,0.293,0.186,0.847,0.547,1.123,605.865,39.886,126.305,2688,1292,2976
2689,1036597600,982.869,0.465,53.118,-0.944,0.135,0.616,0.398,0.818,605.738,39.877,126.278,2689,2638,3492
2690,1077278833,681.507,0.405,54.874,0.811,0.195,0.889,0.574,1.179,605.575,39.867,126.244,2690,601,2789
2691,1036597558,639.283,0.392,54.261,0.198,0.208,0.947,0.612,1.257,605.498,39.862,126.228,2691,1465,2494
2692,1390448648,447.86,0.303,54.749,0.686,0.297,1.352,0.873,1.794,605.454,39.859,126.219,2692,743,468
2693,424962848,403.392,0.271,51.452,-2.611,0.329,1.501,0.969,1.992,605.451,39.858,126.218,2693,3320,188
2694,1154415358,461.323,0.312,53.532,-0.531,0.288,1.311,0.847,1.74,604.965,39.826,126.117,2694,2375,569
2695,1390448646,657.057,0.398,54.446,0.384,0.202,0.92,0.594,1.221,604.794,39.815,126.082,2695,1130,2638
2696,1077375439,661.396,0.399,54.458,0.395,0.201,0.914,0.591,1.213,604.785,39.815,126.08,2696,1106,2671
2697,1077038956,657.204,0.398,55.218,1.156,0.202,0.92,0.594,1.221,604.777,39.814,126.078,2697,326,2642
2698,483072948,402.706,0.271,54.351,0.289,0.329,1.502,0.97,1.993,604.67,39.807,126.056,2698,1297,187
2699,1150346582,555.875,0.361,53.41,-0.653,0.239,1.088,0.702,1.443,604.637,39.805,126.049,2699,2464,1614
2700,424962966,433.035,0.294,51.381,-2.681,0.306,1.396,0.902,1.853,604.617,39.804,126.045,2700,3343,351
2701,1154399413,877.596,0.449,53.533,-0.53,0.151,0.689,0.445,0.914,604.365,39.787,125.992,2701,2373,3384
2702,1076669143,434.443,0.295,54.403,0.341,0.305,1.391,0.898,1.846,604.307,39.783,125.98,2702,1211,367
2703,1076669221,545.627,0.357,54.345,0.283,0.243,1.107,0.715,1.469,604.204,39.776,125.958,2703,1311,1505
2704,1159591103,442.943,0.301,51.346,-2.717,0.299,1.363,0.88,1.808,603.55,39.733,125.822,2704,3353,434
2705,424468830,498.53,0.334,50.798,-3.264,0.266,1.21,0.782,1.606,603.313,39.718,125.773,2705,3480,945
2706,497795136,421.034,0.286,50.838,-3.225,0.314,1.433,0.925,1.901,603.142,39.706,125.737,2706,3474,287
2707,1076669163,612.174,0.384,54.915,0.852,0.216,0.985,0.636,1.307,603.087,39.703,125.726,2707,560,2248
2708,497795145,450.018,0.306,50.148,-3.915,0.294,1.339,0.865,1.777,602.753,39.681,125.656,2708,3560,504
2709,428971161,456.2,0.31,52.213,-1.849,0.29,1.321,0.853,1.753,602.74,39.68,125.653,2709,3015,542
2710,424962847,403.393,0.272,51.338,-2.724,0.328,1.494,0.965,1.982,602.482,39.663,125.6,2710,3355,196
2711,1153974553,722.173,0.417,52.391,-1.672,0.183,0.834,0.539,1.107,602.266,39.649,125.555,2711,2952,3024
2712,497795153,409.693,0.278,50.356,-3.706,0.322,1.47,0.949,1.95,602.092,39.637,125.518,2712,3539,225
2713,1077375485,886.069,0.451,54.454,0.392,0.149,0.679,0.439,0.901,601.913,39.626,125.481,2713,1114,3397
2714,424466997,441.621,0.301,52.025,-2.037,0.299,1.363,0.88,1.808,601.811,39.619,125.46,2714,3110,433
2715,1154418595,636.534,0.393,51.586,-2.477,0.207,0.945,0.61,1.254,601.57,39.603,125.409,2715,3276,2506
2716,1036526145,603.635,0.381,56.424,2.362,0.219,0.996,0.643,1.322,601.146,39.575,125.321,2716,45,2187
2717,482123766,432.426,0.295,50.561,-3.501,0.305,1.39,0.898,1.845,601.14,39.575,125.32,2717,3516,372
2718,1154399429,545.421,0.358,53.271,-0.792,0.242,1.102,0.711,1.462,600.784,39.551,125.246,2718,2554,1532
2719,1076703101,715.227,0.416,54.468,0.406,0.184,0.84,0.542,1.114,600.644,39.542,125.216,2719,1086,3005
2720,117601188,612.355,0.385,54.676,0.613,0.215,0.979,0.632,1.3,599.675,39.478,125.014,2720,814,2286
2721,1076668998,466.261,0.318,54.768,0.705,0.282,1.286,0.831,1.707,599.661,39.477,125.011,2721,719,654
2722,424468858,463.363,0.316,50.387,-3.676,0.284,1.294,0.836,1.717,599.542,39.469,124.987,2722,3534,622
2723,1076860452,490.43,0.332,54.505,0.442,0.268,1.222,0.789,1.621,599.094,39.44,124.893,2723,1033,895
2724,428971251,403.379,0.274,51.212,-2.85,0.326,1.485,0.959,1.971,599.048,39.437,124.884,2724,3391,205
2725,754045337,424.458,0.29,50.439,-3.623,0.31,1.411,0.911,1.872,598.777,39.419,124.827,2725,3527,324
2726,1151908446,517.585,0.346,53.42,-0.642,0.254,1.157,0.747,1.535,598.687,39.413,124.808,2726,2459,1230
2727,1076860389,576.295,0.372,54.222,0.16,0.228,1.038,0.67,1.377,598.183,39.38,124.703,2727,1538,1940
2728,1036597418,647.385,0.397,53.949,-0.113,0.203,0.924,0.597,1.226,597.97,39.366,124.659,2728,1963,2626
2729,497795116,418.537,0.287,50.856,-3.206,0.313,1.428,0.922,1.895,597.532,39.337,124.568,2729,3471,300
2730,1151907742,796.08,0.435,52.789,-1.274,0.165,0.75,0.485,0.996,597.34,39.325,124.528,2730,2779,3271
2731,1077278841,564.212,0.368,54.233,0.17,0.232,1.059,0.684,1.405,597.314,39.323,124.522,2731,1512,1808
2732,1076780862,610.265,0.385,54.779,0.716,0.215,0.979,0.632,1.299,597.211,39.316,124.501,2732,708,2290
2733,1151899681,615.224,0.387,52.331,-1.732,0.213,0.97,0.627,1.288,596.951,39.299,124.446,2733,2975,2348
2734,1076669244,522.676,0.35,55.038,0.976,0.25,1.141,0.737,1.515,596.63,39.278,124.38,2734,461,1318
2735,117601202,612.22,0.386,54.257,0.195,0.214,0.974,0.629,1.293,596.496,39.269,124.352,2735,1472,2325
2736,1076669166,620.216,0.389,54.487,0.424,0.211,0.961,0.621,1.276,596.214,39.25,124.293,2736,1054,2396
2737,424962863,403.28,0.276,52.573,-1.489,0.324,1.478,0.955,1.962,596.184,39.248,124.287,2737,2864,212
2738,117601204,607.196,0.385,54.086,0.024,0.215,0.982,0.634,1.303,596.043,39.239,124.257,2738,1757,2264
2739,1076860359,478.859,0.327,50.213,-3.849,0.273,1.244,0.804,1.651,595.816,39.224,124.21,2739,3549,797
2740,1154210658,648.873,0.399,51.16,-2.902,0.201,0.918,0.593,1.218,595.677,39.215,124.181,2740,3401,2657
2741,483098602,615.06,0.388,53.945,-0.117,0.212,0.968,0.625,1.285,595.545,39.206,124.153,2741,1970,2362
2742,1036024090,429.186,0.296,54.375,0.313,0.304,1.387,0.896,1.84,595.198,39.184,124.081,2742,1262,378
2743,1036231339,503.592,0.341,54.861,0.799,0.259,1.182,0.763,1.568,595.083,39.176,124.057,2743,609,1092
2744,424467009,407.8,0.28,51.695,-2.367,0.32,1.459,0.942,1.936,595.003,39.171,124.04,2744,3234,244
2745,1076669289,499.476,0.339,54.061,-0.001,0.261,1.19,0.768,1.579,594.282,39.123,123.89,2745,1805,1051
2746,1077042078,464.044,0.319,55.08,1.017,0.281,1.281,0.827,1.699,594.256,39.121,123.885,2746,425,673
2747,1077375505,631.153,0.393,54.245,0.183,0.207,0.941,0.608,1.249,594.048,39.108,123.841,2747,1497,2527
2748,1152296209,520.638,0.35,52.411,-1.652,0.25,1.14,0.736,1.513,593.676,39.083,123.764,2748,2943,1324
2749,1036526121,485.884,0.332,54.973,0.91,0.268,1.221,0.789,1.621,593.409,39.066,123.708,2749,506,898
2750,483090296,480.887,0.329,54.402,0.339,0.271,1.233,0.797,1.637,593.123,39.047,123.648,2750,1214,844
2751,1152324661,558.252,0.367,51.083,-2.98,0.233,1.062,0.686,1.409,592.872,39.03,123.596,2751,3419,1780
2752,428971252,403.382,0.278,51.652,-2.41,0.322,1.47,0.949,1.95,592.781,39.024,123.577,2752,3247,226
2753,1036526078,573.555,0.373,53.816,-0.247,0.227,1.033,0.667,1.371,592.738,39.022,123.568,2753,2130,1966
2754,1076669345,623.83,0.392,53.431,-0.631,0.208,0.95,0.613,1.26,592.493,39.005,123.517,2754,2448,2475
2755,497795114,430.898,0.298,51.86,-2.203,0.302,1.375,0.888,1.824,592.432,39.001,123.504,2755,3169,410
2756,482578767,436.12,0.302,53.326,-0.737,0.298,1.357,0.876,1.801,591.912,38.967,123.396,2756,2518,449
2757,1026140680,567.905,0.371,53.689,-0.373,0.229,1.042,0.673,1.383,591.906,38.967,123.395,2757,2256,1907
2758,483093038,403.052,0.278,52.352,-1.71,0.322,1.468,0.948,1.949,591.831,38.962,123.379,2758,2969,228
2759,669311943,454.74,0.314,50.157,-3.906,0.286,1.301,0.84,1.727,591.756,38.957,123.363,2759,3559,600
2760,1036231402,463.786,0.321,55.344,1.281,0.279,1.273,0.822,1.689,590.301,38.861,123.06,2760,271,689
2761,1153184131,553.217,0.366,53.191,-0.871,0.234,1.067,0.689,1.416,590.289,38.86,123.058,2761,2598,1745
2762,482119312,410.369,0.285,51.177,-2.886,0.315,1.438,0.928,1.908,589.949,38.838,122.987,2762,3395,275
2763,1026166953,540.512,0.361,54.845,0.782,0.239,1.09,0.704,1.446,588.914,38.77,122.771,2763,627,1603
2764,497795142,401.933,0.279,49.993,-4.069,0.321,1.464,0.946,1.943,588.566,38.747,122.698,2764,3572,236
2765,1077375510,462.787,0.321,53.977,-0.085,0.279,1.272,0.821,1.688,588.518,38.744,122.688,2765,1927,692
2766,1077038932,636.129,0.397,54.589,0.527,0.203,0.925,0.597,1.228,588.443,38.739,122.673,2766,913,2618
2767,1036231358,572.726,0.375,55.68,1.618,0.225,1.027,0.663,1.363,588.163,38.72,122.615,2767,153,2013
2768,1390448644,409.201,0.285,54.632,0.57,0.315,1.437,0.928,1.907,588.114,38.717,122.604,2768,857,276
2769,1077278275,622.033,0.393,54.183,0.121,0.207,0.945,0.61,1.254,587.783,38.695,122.535,2769,1607,2507
2770,1077375497,481.263,0.332,54.342,0.279,0.268,1.221,0.789,1.62,587.685,38.689,122.515,2770,1316,900
2771,473763165,586.392,0.38,55.37,1.307,0.22,1.002,0.647,1.329,587.436,38.673,122.463,2771,264,2158
2772,428971220,402.812,0.28,50.207,-3.855,0.32,1.458,0.942,1.935,587.392,38.67,122.454,2772,3550,247
2773,424962865,414.861,0.289,51.517,-2.545,0.311,1.415,0.914,1.878,587.047,38.647,122.382,2773,3303,316
2774,1077375455,435.09,0.304,55.464,1.402,0.296,1.349,0.871,1.79,587.016,38.645,122.375,2774,222,477
2775,482770372,511.922,0.348,53.917,-0.145,0.252,1.146,0.74,1.521,586.865,38.635,122.344,2775,2013,1287
2776,428971240,445.49,0.311,49.919,-4.144,0.289,1.317,0.851,1.748,586.71,38.625,122.312,2776,3577,555
2777,1077278322,530.593,0.357,54.845,0.783,0.243,1.106,0.714,1.467,586.593,38.617,122.287,2777,626,1514
2778,1076847170,522.396,0.354,54.427,0.365,0.246,1.122,0.725,1.489,586.222,38.593,122.21,2778,1166,1429
2779,1077278853,587.075,0.381,54.209,0.146,0.219,0.998,0.645,1.325,586.148,38.588,122.194,2779,1569,2171
2780,1076781126,506.742,0.346,54.775,0.713,0.254,1.156,0.747,1.535,586.033,38.58,122.17,2780,714,1232
2781,1077039047,572.446,0.375,53.975,-0.087,0.225,1.024,0.661,1.358,585.985,38.577,122.16,2781,1932,2038
2782,1036597618,420.952,0.295,53.769,-0.293,0.305,1.392,0.899,1.847,585.917,38.572,122.146,2782,2181,363
2783,1026140645,644.729,0.401,54.385,0.323,0.199,0.908,0.587,1.205,585.681,38.557,122.097,2783,1242,2699
2784,1164090426,1045.419,0.477,54.983,0.921,0.123,0.56,0.362,0.743,585.635,38.554,122.087,2784,499,3541
2785,424466988,407.909,0.285,51.766,-2.296,0.315,1.435,0.927,1.904,585.367,38.536,122.032,2785,3200,279
2786,1077375450,512.357,0.349,54.693,0.63,0.251,1.142,0.738,1.516,585.328,38.534,122.023,2786,802,1315
2787,424962846,403.513,0.282,51.385,-2.677,0.318,1.45,0.937,1.925,585.215,38.526,122.0,2787,3342,261
2788,1026140655,596.497,0.385,53.631,-0.432,0.215,0.981,0.634,1.302,585.146,38.522,121.985,2788,2302,2271
2789,1077375528,528.119,0.357,54.545,0.482,0.243,1.108,0.715,1.47,584.973,38.51,121.949,2789,972,1504
2790,1152838461,674.375,0.41,52.567,-1.496,0.19,0.867,0.56,1.151,584.925,38.507,121.939,2790,2867,2881
2791,424466977,408.004,0.285,52.066,-1.997,0.315,1.433,0.926,1.902,584.837,38.501,121.921,2791,3088,283
2792,482580080,407.955,0.286,50.531,-3.532,0.314,1.433,0.925,1.901,584.473,38.477,121.845,2792,3520,285
2793,1150373568,727.046,0.424,53.646,-0.416,0.176,0.803,0.519,1.066,583.963,38.444,121.739,2793,2288,3122
2794,1036024094,429.187,0.302,54.375,0.313,0.298,1.36,0.878,1.804,583.59,38.419,121.661,2794,1260,442
2795,1076781127,535.926,0.361,54.703,0.64,0.239,1.089,0.703,1.445,583.59,38.419,121.661,2795,789,1607
2796,1076780883,457.962,0.32,54.456,0.394,0.28,1.274,0.823,1.691,583.523,38.415,121.647,2796,1112,685
2797,1076703033,534.103,0.36,53.861,-0.202,0.24,1.092,0.705,1.449,583.116,38.388,121.562,2797,2075,1593
2798,1077375585,1224.277,0.495,53.677,-0.385,0.105,0.476,0.308,0.632,583.112,38.388,121.561,2798,2264,3576
2799,1076703047,498.493,0.343,54.645,0.582,0.257,1.17,0.755,1.552,583.107,38.388,121.56,2799,846,1157
2800,1077443355,592.763,0.384,54.799,0.736,0.216,0.984,0.635,1.305,583.107,38.388,121.56,2800,682,2257
2801,1154207939,713.957,0.421,53.128,-0.935,0.179,0.817,0.527,1.084,583.054,38.384,121.549,2801,2632,3075
2802,1076847156,624.019,0.395,54.469,0.406,0.205,0.934,0.603,1.24,583.049,38.384,121.548,2802,1083,2564
2803,1154202204,552.654,0.369,52.415,-1.648,0.231,1.054,0.681,1.399,582.516,38.349,121.437,2803,2936,1837
2804,117601143,612.217,0.391,54.013,-0.05,0.209,0.951,0.614,1.263,582.492,38.347,121.432,2804,1873,2466
2805,424466998,429.321,0.302,51.772,-2.291,0.298,1.356,0.876,1.8,582.318,38.336,121.396,2805,3196,453
2806,1152297114,596.707,0.386,51.714,-2.348,0.214,0.975,0.63,1.294,581.986,38.314,121.327,2806,3222,2317
2807,848654796,480.595,0.334,51.0,-3.063,0.266,1.211,0.782,1.607,581.885,38.307,121.306,2807,3438,943
2808,1076703193,503.07,0.346,54.054,-0.008,0.254,1.157,0.747,1.535,581.86,38.305,121.3,2808,1817,1231
2809,1026166940,493.715,0.341,52.466,-1.596,0.259,1.178,0.761,1.564,581.725,38.297,121.272,2809,2914,1113
2810,1077042077,524.393,0.357,54.887,0.824,0.243,1.109,0.716,1.472,581.716,38.296,121.271,2810,586,1496
2811,1151688601,634.55,0.399,52.48,-1.583,0.201,0.916,0.592,1.216,581.423,38.277,121.209,2811,2908,2664
2812,497795123,432.874,0.305,51.476,-2.586,0.295,1.343,0.867,1.782,581.321,38.27,121.188,2812,3314,499
2813,482298992,403.267,0.284,51.324,-2.739,0.316,1.441,0.931,1.912,581.083,38.254,121.138,2813,3358,269
2814,1076847136,536.895,0.363,54.058,-0.004,0.237,1.082,0.699,1.436,581.063,38.253,121.134,2814,1812,1653
2815,1151907712,433.302,0.306,52.545,-1.518,0.294,1.341,0.866,1.78,581.053,38.252,121.132,2815,2876,502
2816,1154908462,489.74,0.34,52.423,-1.64,0.26,1.185,0.766,1.573,580.583,38.221,121.034,2816,2931,1076
2817,1077443369,530.82,0.36,55.054,0.992,0.24,1.094,0.706,1.451,580.543,38.219,121.026,2817,450,1580
2818,541596234,692.914,0.416,53.293,-0.769,0.184,0.837,0.541,1.111,580.27,38.201,120.969,2818,2540,3011
2819,424468841,550.826,0.369,51.573,-2.489,0.231,1.053,0.68,1.397,579.879,38.175,120.888,2819,3278,1846
2820,633556109,447.944,0.316,54.158,0.095,0.284,1.294,0.836,1.718,579.839,38.172,120.879,2820,1652,620
2821,424468870,505.854,0.349,49.668,-4.394,0.251,1.146,0.74,1.52,579.527,38.152,120.814,2821,3596,1292
2822,424962986,402.545,0.284,52.205,-1.858,0.316,1.438,0.929,1.909,578.986,38.116,120.701,2822,3019,274
2823,117601161,612.351,0.393,54.067,0.005,0.207,0.945,0.61,1.254,578.829,38.106,120.669,2823,1791,2504
2824,842543052,516.29,0.354,54.489,0.427,0.246,1.121,0.724,1.487,578.6,38.091,120.621,2824,1052,1439
2825,482021041,497.845,0.345,53.994,-0.068,0.255,1.162,0.75,1.542,578.521,38.086,120.604,2825,1905,1192
2826,1152352573,567.438,0.376,51.417,-2.646,0.224,1.019,0.658,1.353,578.493,38.084,120.598,2826,3335,2062
2827,848654807,546.494,0.368,52.734,-1.328,0.232,1.059,0.684,1.405,578.484,38.083,120.597,2827,2804,1809
2828,1077039068,575.717,0.38,54.382,0.32,0.22,1.005,0.649,1.333,578.357,38.075,120.57,2828,1251,2146
2829,1036024093,429.188,0.304,54.45,0.388,0.296,1.347,0.87,1.788,578.32,38.072,120.562,2829,1123,485
2830,1153943472,641.363,0.402,53.799,-0.263,0.198,0.901,0.582,1.196,578.159,38.062,120.529,2830,2152,2731
2831,483600432,728.84,0.426,51.876,-2.186,0.174,0.793,0.512,1.053,578.117,38.059,120.52,2831,3162,3158
2832,1154207954,1040.932,0.478,53.763,-0.299,0.122,0.555,0.359,0.737,577.921,38.046,120.479,2832,2185,3542
2833,1026166981,534.837,0.363,53.759,-0.304,0.237,1.08,0.698,1.434,577.845,38.041,120.463,2833,2187,1666
2834,1076860407,889.001,0.457,52.974,-1.089,0.143,0.65,0.42,0.862,577.61,38.026,120.415,2834,2688,3446
2835,1077375583,461.433,0.326,53.934,-0.128,0.274,1.25,0.807,1.659,576.762,37.97,120.238,2835,1989,782
2836,1026140658,596.186,0.388,53.46,-0.602,0.212,0.967,0.625,1.283,576.607,37.96,120.205,2836,2426,2368
2837,424962862,403.392,0.286,52.778,-1.285,0.314,1.429,0.923,1.896,576.492,37.952,120.181,2837,2784,296
2838,1077375593,551.958,0.371,54.376,0.313,0.229,1.044,0.674,1.386,576.34,37.942,120.15,2838,1258,1894
2839,1150342139,660.711,0.409,55.231,1.169,0.191,0.872,0.563,1.157,576.294,37.939,120.14,2839,318,2859
2840,1077376128,650.878,0.406,55.512,1.45,0.194,0.885,0.572,1.174,576.039,37.922,120.087,2840,203,2801
2841,1076669148,477.3,0.335,54.048,-0.014,0.265,1.206,0.779,1.601,575.788,37.906,120.035,2841,1823,970
2842,428971164,467.978,0.33,52.302,-1.76,0.27,1.23,0.795,1.633,575.77,37.905,120.031,2842,2981,855
2843,1076781093,458.633,0.325,53.951,-0.112,0.275,1.255,0.811,1.666,575.753,37.903,120.027,2843,1961,758
2844,1150840338,525.267,0.359,53.71,-0.352,0.241,1.096,0.708,1.454,575.713,37.901,120.019,2844,2231,1568
2845,1076860447,540.743,0.366,53.184,-0.879,0.234,1.065,0.688,1.413,575.705,37.9,120.017,2845,2605,1764
2846,1076669409,480.838,0.337,53.506,-0.556,0.263,1.197,0.773,1.589,575.637,37.896,120.003,2846,2396,1007
2847,1152348434,587.089,0.385,53.809,-0.253,0.215,0.98,0.633,1.301,575.385,37.879,119.951,2847,2143,2279
2848,633556108,427.611,0.305,54.46,0.398,0.295,1.345,0.868,1.784,575.003,37.854,119.871,2848,1099,493
2849,1077278876,569.548,0.378,53.816,-0.247,0.222,1.009,0.652,1.34,574.927,37.849,119.855,2849,2131,2124
2850,482317609,499.09,0.347,55.599,1.537,0.253,1.152,0.744,1.528,574.741,37.837,119.816,2850,171,1262
2851,1076703040,457.694,0.324,54.525,0.462,0.276,1.255,0.811,1.666,574.624,37.829,119.792,2851,1004,757
2852,1077278887,425.884,0.304,53.894,-0.169,0.296,1.348,0.87,1.789,574.03,37.79,119.668,2852,2039,484
2853,1076847308,752.948,0.433,55.598,1.535,0.167,0.762,0.492,1.012,573.965,37.786,119.655,2853,173,3244
2854,1152852004,689.366,0.417,52.591,-1.471,0.183,0.832,0.538,1.105,573.869,37.779,119.635,2854,2857,3030
2855,117601182,612.621,0.394,54.196,0.134,0.206,0.937,0.605,1.243,573.789,37.774,119.618,2855,1586,2550
2856,1390448662,504.26,0.351,55.64,1.578,0.249,1.137,0.734,1.509,573.245,37.738,119.504,2856,159,1348
2857,428971245,439.06,0.314,52.317,-1.745,0.286,1.305,0.843,1.731,572.889,37.715,119.43,2857,2979,587
2858,1076669204,483.706,0.34,55.043,0.98,0.26,1.184,0.765,1.572,572.855,37.713,119.423,2858,455,1084
2859,1036024092,429.147,0.307,54.496,0.434,0.293,1.335,0.862,1.771,572.81,37.71,119.414,2859,1044,513
2860,428971221,471.586,0.334,50.166,-3.896,0.266,1.214,0.784,1.611,572.436,37.685,119.336,2860,3556,928
2861,1036249605,407.525,0.292,54.999,0.937,0.308,1.403,0.906,1.862,571.781,37.642,119.199,2861,482,336
2862,1151907714,433.356,0.311,52.558,-1.504,0.289,1.319,0.852,1.75,571.623,37.631,119.166,2862,2870,546
2863,1076847173,554.264,0.374,53.736,-0.327,0.226,1.031,0.666,1.368,571.542,37.626,119.15,2863,2204,1980
2864,669288194,441.301,0.316,52.027,-2.035,0.284,1.295,0.836,1.718,571.338,37.613,119.107,2864,3109,618
2865,1150837164,491.889,0.345,54.007,-0.055,0.255,1.16,0.749,1.54,570.751,37.574,118.985,2865,1879,1206
2866,1077038931,495.393,0.347,54.586,0.523,0.253,1.151,0.743,1.527,570.041,37.527,118.837,2866,921,1267
2867,1154181049,513.279,0.356,52.672,-1.39,0.244,1.11,0.717,1.473,569.798,37.511,118.786,2867,2829,1493
2868,1077278889,874.277,0.457,53.907,-0.155,0.143,0.652,0.421,0.865,569.724,37.506,118.77,2868,2022,3443
2869,428971155,434.469,0.312,52.142,-1.921,0.288,1.311,0.847,1.74,569.539,37.494,118.732,2869,3052,572
2870,1036231336,500.675,0.35,54.805,0.743,0.25,1.137,0.734,1.509,569.433,37.487,118.71,2870,671,1343
2871,482578770,431.467,0.31,51.611,-2.451,0.29,1.32,0.852,1.751,569.341,37.481,118.691,2871,3262,544
2872,483121461,510.229,0.355,54.593,0.53,0.245,1.116,0.72,1.48,569.193,37.472,118.66,2872,908,1462
2873,1026166941,608.773,0.395,52.523,-1.54,0.205,0.934,0.603,1.239,568.573,37.431,118.531,2873,2891,2568
2874,1077278337,735.805,0.43,55.142,1.08,0.17,0.773,0.499,1.025,568.518,37.427,118.519,2874,372,3222
2875,424962997,405.056,0.292,53.064,-0.998,0.308,1.403,0.906,1.862,568.494,37.425,118.514,2875,2659,334
2876,1076781319,419.207,0.303,55.146,1.083,0.297,1.354,0.874,1.797,567.658,37.37,118.34,2876,371,465
2877,1076781173,506.158,0.354,55.05,0.987,0.246,1.12,0.724,1.487,567.144,37.337,118.233,2877,452,1440
2878,1154210652,462.628,0.331,51.03,-3.032,0.269,1.224,0.791,1.625,566.477,37.293,118.094,2878,3427,881
2879,1076703194,475.198,0.338,53.797,-0.266,0.262,1.192,0.77,1.582,566.425,37.289,118.083,2879,2154,1041
2880,424468835,487.161,0.345,51.176,-2.886,0.255,1.162,0.751,1.543,566.323,37.283,118.061,2880,3396,1191
2881,1076781073,522.083,0.362,53.714,-0.349,0.238,1.083,0.7,1.437,565.522,37.23,117.895,2881,2227,1643
2882,482497278,442.742,0.32,54.558,0.495,0.28,1.277,0.825,1.695,565.518,37.23,117.894,2882,962,682
2883,1076781250,496.656,0.35,53.11,-0.952,0.25,1.138,0.735,1.51,564.981,37.194,117.782,2883,2643,1340
2884,1076669256,447.466,0.323,53.834,-0.229,0.277,1.262,0.815,1.674,564.503,37.163,117.682,2884,2101,738
2885,1076669383,413.043,0.3,54.067,0.004,0.3,1.366,0.882,1.813,564.367,37.154,117.654,2885,1792,427
2886,1151902325,474.32,0.339,52.17,-1.892,0.261,1.19,0.768,1.578,564.207,37.143,117.62,2886,3038,1054
2887,1077375563,523.291,0.364,54.41,0.347,0.236,1.078,0.696,1.43,563.919,37.124,117.56,2887,1200,1688
2888,424466993,404.609,0.295,51.771,-2.292,0.305,1.391,0.899,1.846,562.991,37.063,117.367,2888,3197,365
2889,424467011,407.866,0.297,50.621,-3.442,0.303,1.38,0.891,1.832,562.965,37.061,117.361,2889,3507,396
2890,1154181044,545.736,0.374,51.616,-2.447,0.226,1.031,0.666,1.368,562.736,37.046,117.314,2890,3261,1981
2891,1152803652,520.178,0.363,53.218,-0.845,0.237,1.082,0.698,1.435,562.594,37.037,117.284,2891,2579,1656
2892,1077443406,592.891,0.392,54.842,0.78,0.208,0.949,0.613,1.259,562.549,37.034,117.275,2892,632,2477
2893,482125886,431.94,0.314,51.558,-2.504,0.286,1.301,0.84,1.727,562.116,37.006,117.185,2893,3285,599
2894,842543050,451.705,0.327,54.923,0.861,0.273,1.244,0.803,1.651,561.935,36.994,117.147,2894,556,799
2895,497795121,415.843,0.304,51.769,-2.294,0.296,1.351,0.872,1.793,561.781,36.984,117.115,2895,3198,472
2896,1077443356,550.76,0.376,54.806,0.744,0.224,1.02,0.659,1.353,561.628,36.973,117.083,2896,668,2060
2897,666273770,923.884,0.467,54.561,0.499,0.133,0.608,0.392,0.807,561.5,36.965,117.056,2897,957,3504
2898,424963006,413.53,0.302,53.253,-0.81,0.298,1.358,0.877,1.802,561.466,36.963,117.049,2898,2559,448
2899,424962861,403.393,0.295,53.005,-1.057,0.305,1.392,0.899,1.847,561.436,36.961,117.043,2899,2682,364
2900,1153939730,539.182,0.372,51.723,-2.339,0.228,1.041,0.672,1.381,561.135,36.941,116.98,2900,3217,1921
2901,1076781297,474.163,0.34,54.589,0.526,0.26,1.183,0.764,1.57,560.961,36.93,116.944,2901,917,1086
2902,1036597450,651.85,0.411,53.141,-0.921,0.189,0.86,0.556,1.142,560.86,36.923,116.923,2902,2629,2909
2903,1077375570,485.35,0.346,54.258,0.196,0.254,1.155,0.746,1.533,560.82,36.92,116.914,2903,1470,1238
2904,1151907731,538.837,0.372,52.202,-1.861,0.228,1.041,0.672,1.381,560.792,36.918,116.908,2904,3021,1919
2905,1077278789,546.818,0.375,54.407,0.345,0.225,1.025,0.662,1.36,560.473,36.897,116.842,2905,1203,2029
2906,1160082429,472.606,0.34,52.878,-1.185,0.26,1.186,0.766,1.574,560.416,36.894,116.83,2906,2736,1074
2907,1155953089,542.558,0.374,53.185,-0.878,0.226,1.031,0.666,1.369,559.542,36.836,116.648,2907,2604,1977
2908,1076669228,422.198,0.309,54.516,0.453,0.291,1.325,0.856,1.758,559.339,36.823,116.606,2908,1018,534
2909,1036231357,572.727,0.386,55.879,1.816,0.214,0.976,0.631,1.296,559.226,36.815,116.582,2909,122,2312
2910,428971242,415.434,0.305,52.249,-1.813,0.295,1.346,0.869,1.786,559.051,36.804,116.546,2910,3000,490
2911,424962842,403.278,0.296,51.528,-2.535,0.304,1.385,0.894,1.838,558.571,36.772,116.445,2911,3297,382
2912,424962987,403.279,0.296,51.927,-2.135,0.304,1.385,0.894,1.837,558.349,36.758,116.399,2912,3148,384
2913,1152296208,433.481,0.317,51.442,-2.621,0.283,1.288,0.832,1.709,558.241,36.751,116.377,2913,3325,647
2914,117601169,612.354,0.4,54.451,0.388,0.2,0.911,0.589,1.209,558.032,36.737,116.333,2914,1122,2688
2915,1076668992,457.749,0.333,54.941,0.878,0.267,1.219,0.787,1.617,557.906,36.728,116.307,2915,538,911
2916,1152833878,432.346,0.317,52.011,-2.051,0.283,1.289,0.833,1.711,557.428,36.697,116.207,2916,3116,638
2917,424962841,403.281,0.297,51.251,-2.811,0.303,1.382,0.892,1.834,557.214,36.683,116.163,2917,3377,392
2918,1390448666,596.494,0.395,55.131,1.068,0.205,0.934,0.603,1.24,557.174,36.68,116.154,2918,383,2565
2919,428971226,434.095,0.318,51.299,-2.764,0.282,1.283,0.829,1.703,556.948,36.665,116.107,2919,3364,664
2920,541596235,692.915,0.424,53.378,-0.685,0.176,0.803,0.519,1.066,556.712,36.65,116.058,2920,2492,3120
2921,1036526080,573.685,0.387,54.275,0.213,0.213,0.97,0.627,1.287,556.589,36.642,116.032,2921,1444,2350
2922,483147818,547.563,0.377,52.759,-1.304,0.223,1.016,0.656,1.349,556.458,36.633,116.005,2922,2788,2081
2923,424468836,465.088,0.338,50.539,-3.524,0.262,1.196,0.772,1.587,556.29,36.622,115.97,2923,3519,1018
2924,1076669193,405.451,0.299,55.073,1.01,0.301,1.37,0.885,1.818,555.502,36.57,115.806,2924,431,423
2925,1076669309,419.714,0.31,53.883,-0.18,0.29,1.323,0.855,1.756,555.386,36.563,115.781,2925,2049,537
2926,1077042007,490.033,0.351,54.111,0.049,0.249,1.133,0.732,1.504,555.368,36.561,115.778,2926,1726,1366
2927,1153095786,433.161,0.319,52.657,-1.405,0.281,1.282,0.828,1.701,555.346,36.56,115.773,2927,2831,668
2928,431430463,443.211,0.325,54.313,0.25,0.275,1.252,0.809,1.662,555.044,36.54,115.71,2928,1370,774
2929,1152833990,828.0,0.453,52.887,-1.175,0.147,0.67,0.433,0.889,554.643,36.514,115.626,2929,2732,3419
2930,482252850,708.654,0.428,54.055,-0.008,0.172,0.783,0.505,1.039,554.603,36.511,115.618,2930,1816,3186
2931,842543051,494.621,0.354,54.666,0.603,0.246,1.121,0.724,1.488,554.495,36.504,115.596,2931,826,1436
2932,1076669377,586.944,0.393,54.338,0.276,0.207,0.945,0.61,1.253,554.42,36.499,115.58,2932,1324,2508
2933,1153953974,544.275,0.377,52.805,-1.258,0.223,1.018,0.657,1.351,554.064,36.476,115.506,2933,2771,2071
2934,1151905000,563.818,0.384,52.366,-1.696,0.216,0.982,0.634,1.303,553.752,36.455,115.441,2934,2960,2262
2935,1153974559,611.59,0.401,51.831,-2.231,0.199,0.905,0.585,1.201,553.666,36.449,115.423,2935,3184,2713
2936,1077376110,575.68,0.389,54.463,0.4,0.211,0.961,0.621,1.275,553.202,36.419,115.326,2936,1097,2400
2937,1152826417,458.665,0.335,54.04,-0.023,0.265,1.206,0.779,1.6,553.079,36.411,115.3,2937,1837,971
2938,1077278804,450.961,0.331,54.33,0.267,0.269,1.226,0.792,1.627,552.902,36.399,115.264,2938,1339,870
2939,1152833976,647.11,0.413,51.73,-2.332,0.187,0.854,0.552,1.134,552.789,36.392,115.24,2939,3214,2939
2940,1036249604,407.467,0.302,54.771,0.709,0.298,1.356,0.876,1.799,552.46,36.37,115.171,2940,718,454
2941,497795122,407.37,0.302,51.587,-2.475,0.298,1.356,0.876,1.799,552.277,36.358,115.133,2941,3275,456
2942,1150346581,681.884,0.422,53.326,-0.736,0.178,0.809,0.523,1.074,551.7,36.32,115.013,2942,2517,3103
2943,1076781012,493.725,0.355,53.609,-0.453,0.245,1.117,0.721,1.482,551.53,36.309,114.978,2943,2324,1455
2944,424468859,451.79,0.332,50.018,-4.044,0.268,1.22,0.788,1.619,551.317,36.295,114.933,2944,3570,906
2945,1077038974,484.511,0.35,54.697,0.635,0.25,1.138,0.735,1.51,551.157,36.284,114.9,2945,796,1341
2946,497795130,474.366,0.345,51.388,-2.674,0.255,1.161,0.75,1.541,550.906,36.268,114.847,2946,3340,1199
2947,1153936329,744.041,0.438,52.183,-1.879,0.162,0.74,0.478,0.983,550.888,36.266,114.844,2947,3030,3296
2948,424962840,403.487,0.3,51.268,-2.795,0.3,1.365,0.881,1.811,550.736,36.256,114.812,2948,3373,430
2949,117601153,612.622,0.403,54.427,0.364,0.197,0.899,0.58,1.193,550.638,36.25,114.792,2949,1168,2741
2950,424963013,403.26,0.3,51.494,-2.569,0.3,1.365,0.882,1.811,550.436,36.237,114.75,2950,3308,429
2951,424468869,474.595,0.346,49.631,-4.432,0.254,1.159,0.749,1.538,550.157,36.218,114.691,2951,3597,1215
2952,1077278823,426.599,0.317,54.145,0.082,0.283,1.289,0.832,1.711,549.892,36.201,114.636,2952,1679,641
2953,1150352431,640.591,0.412,53.546,-0.516,0.188,0.858,0.554,1.139,549.816,36.196,114.62,2953,2367,2917
2954,1076781246,711.744,0.431,53.227,-0.836,0.169,0.772,0.499,1.025,549.544,36.178,114.564,2954,2573,3226
2955,633556110,434.203,0.322,54.253,0.191,0.278,1.265,0.817,1.679,549.284,36.161,114.509,2955,1485,716
2956,497795107,415.54,0.31,50.85,-3.212,0.29,1.321,0.853,1.753,548.986,36.141,114.447,2956,3473,543
2957,1151904201,517.155,0.367,52.865,-1.198,0.233,1.062,0.686,1.409,548.974,36.14,114.445,2957,2740,1782
2958,1150837165,556.712,0.384,54.263,0.2,0.216,0.986,0.637,1.308,548.757,36.126,114.399,2958,1460,2246
2959,473763162,528.831,0.372,54.93,0.868,0.228,1.037,0.67,1.376,548.526,36.111,114.351,2959,546,1944
2960,442215262,620.978,0.406,54.25,0.187,0.194,0.883,0.57,1.171,548.063,36.08,114.255,2960,1489,2818
2961,117601187,607.336,0.402,54.07,0.007,0.198,0.902,0.583,1.197,547.888,36.069,114.218,2961,1780,2727
2962,1077375441,598.434,0.399,54.472,0.409,0.201,0.916,0.591,1.215,547.872,36.068,114.215,2962,1079,2667
2963,633556047,423.064,0.316,54.717,0.655,0.284,1.295,0.836,1.718,547.669,36.055,114.173,2963,777,619
2964,1076781013,491.501,0.356,53.961,-0.101,0.244,1.114,0.719,1.478,547.564,36.048,114.151,2964,1949,1474
2965,1036231363,572.949,0.39,56.973,2.911,0.21,0.955,0.617,1.268,547.284,36.029,114.093,2965,17,2443
2966,1036597636,857.154,0.46,53.61,-0.453,0.14,0.638,0.412,0.847,546.985,36.009,114.03,2966,2321,3463
2967,1036231399,463.61,0.341,54.33,0.268,0.259,1.18,0.762,1.565,546.898,36.004,114.012,2967,1337,1104
2968,424962867,447.566,0.332,51.372,-2.69,0.268,1.221,0.789,1.62,546.501,35.978,113.929,2968,3347,901
2969,1150346595,513.181,0.366,55.686,1.623,0.234,1.064,0.687,1.412,546.059,35.949,113.837,2969,152,1770
2970,1154399424,474.194,0.347,54.016,-0.046,0.253,1.152,0.744,1.528,546.047,35.948,113.835,2970,1868,1263
2971,1029631468,543.065,0.379,54.064,0.002,0.221,1.005,0.649,1.334,545.814,35.932,113.786,2971,1798,2143
2972,1036223149,482.932,0.352,54.405,0.343,0.248,1.13,0.73,1.5,545.765,35.929,113.776,2972,1208,1380
2973,1077039080,734.207,0.437,53.922,-0.14,0.163,0.743,0.48,0.986,545.69,35.924,113.76,2973,2003,3288
2974,497795165,431.821,0.323,51.867,-2.195,0.277,1.264,0.816,1.677,545.629,35.92,113.747,2974,3166,722
2975,1036597578,538.244,0.378,53.912,-0.15,0.222,1.014,0.655,1.345,545.588,35.918,113.739,2975,2020,2103
2976,1076860326,586.86,0.396,55.228,1.165,0.204,0.929,0.6,1.233,545.474,35.91,113.715,2976,320,2597
2977,1077278808,643.325,0.414,54.668,0.605,0.186,0.848,0.547,1.125,545.326,35.9,113.684,2977,819,2968
2978,1156483030,646.796,0.415,53.499,-0.564,0.185,0.843,0.544,1.119,545.323,35.9,113.684,2978,2402,2991
2979,1036597608,779.508,0.447,53.376,-0.686,0.153,0.699,0.452,0.928,545.126,35.887,113.642,2979,2493,3366
2980,1153121529,496.52,0.359,53.556,-0.506,0.241,1.098,0.709,1.457,545.08,35.884,113.633,2980,2361,1558
2981,1076669165,455.23,0.337,54.591,0.528,0.263,1.197,0.773,1.589,545.08,35.884,113.633,2981,911,1006
2982,1076781071,519.604,0.37,53.822,-0.24,0.23,1.049,0.677,1.392,544.988,35.878,113.614,2982,2120,1870
2983,1036231364,572.634,0.391,56.735,2.673,0.209,0.952,0.615,1.263,544.911,35.873,113.598,2983,29,2465
2984,428971224,404.546,0.305,51.251,-2.812,0.295,1.346,0.87,1.787,544.717,35.86,113.557,2984,3379,488
2985,1154643192,601.031,0.401,52.166,-1.896,0.199,0.905,0.584,1.201,543.901,35.806,113.387,2985,3043,2714
2986,424962989,427.874,0.321,52.842,-1.221,0.279,1.271,0.821,1.686,543.672,35.791,113.339,2986,2750,694
2987,1076669219,546.895,0.382,54.309,0.246,0.218,0.993,0.641,1.318,543.099,35.754,113.22,2987,1377,2201
2988,1076669317,839.728,0.458,53.895,-0.167,0.142,0.647,0.418,0.858,542.927,35.742,113.184,2988,2038,3449
2989,424962990,407.243,0.308,52.585,-1.478,0.292,1.332,0.86,1.768,542.563,35.718,113.108,2989,2859,518
2990,1036597604,984.262,0.479,53.119,-0.943,0.121,0.551,0.356,0.731,542.092,35.687,113.01,2990,2637,3547
2991,1077443378,629.447,0.411,54.301,0.239,0.189,0.861,0.556,1.142,541.81,35.669,112.951,2991,1390,2902
2992,1076781320,433.792,0.326,55.061,0.999,0.274,1.249,0.807,1.657,541.765,35.666,112.942,2992,442,785
2993,1077278884,458.476,0.341,54.148,0.086,0.259,1.182,0.763,1.568,541.754,35.665,112.939,2993,1669,1093
2994,424466994,430.242,0.324,51.871,-2.191,0.276,1.259,0.813,1.671,541.75,35.665,112.939,2994,3165,748
2995,1076847278,447.84,0.335,56.075,2.012,0.265,1.21,0.781,1.605,541.712,35.662,112.931,2995,83,949
2996,424962970,413.164,0.313,51.757,-2.306,0.287,1.31,0.846,1.739,541.291,35.635,112.843,2996,3204,573
2997,1076781132,445.221,0.333,54.379,0.317,0.267,1.216,0.785,1.613,541.279,35.634,112.841,2997,1254,923
2998,1151910849,472.096,0.349,52.116,-1.947,0.251,1.146,0.74,1.521,541.013,35.616,112.785,2998,3066,1290
2999,1036262185,639.812,0.414,53.967,-0.095,0.186,0.846,0.546,1.122,540.978,35.614,112.778,2999,1940,2982
3000,1036231359,572.791,0.393,55.527,1.465,0.207,0.944,0.609,1.252,540.484,35.581,112.675,3000,195,2514
3001,424962976,462.177,0.344,51.719,-2.343,0.256,1.169,0.755,1.551,540.222,35.564,112.62,3001,3219,1159
3002,428971243,430.917,0.325,52.219,-1.843,0.275,1.253,0.809,1.663,540.093,35.556,112.593,3002,3011,767
3003,1153098124,552.055,0.385,51.951,-2.111,0.215,0.978,0.632,1.298,540.032,35.552,112.581,3003,3138,2296
3004,1076703113,675.478,0.425,54.849,0.786,0.175,0.799,0.516,1.061,539.923,35.545,112.558,3004,622,3130
3005,1036262242,509.309,0.367,54.766,0.704,0.233,1.06,0.685,1.407,539.826,35.538,112.538,3005,723,1791
3006,1153116453,574.972,0.394,53.506,-0.556,0.206,0.937,0.605,1.244,538.913,35.478,112.347,3006,2397,2548
3007,1076669292,411.61,0.313,54.0,-0.063,0.287,1.309,0.845,1.737,538.703,35.464,112.304,3007,1894,579
3008,1076669307,581.567,0.397,54.387,0.325,0.203,0.926,0.598,1.229,538.57,35.456,112.276,3008,1239,2612
3009,1390448659,504.258,0.366,55.612,1.55,0.234,1.068,0.69,1.417,538.406,35.445,112.242,3009,166,1739
3010,428971165,407.991,0.311,52.225,-1.837,0.289,1.319,0.852,1.75,538.039,35.421,112.165,3010,3008,548
3011,1153941703,672.325,0.424,53.156,-0.906,0.176,0.8,0.517,1.062,537.874,35.41,112.131,3011,2621,3129
3012,1077278253,419.386,0.319,53.982,-0.08,0.281,1.282,0.828,1.702,537.853,35.408,112.126,3012,1918,665
3013,1077278880,567.116,0.392,54.426,0.364,0.208,0.948,0.612,1.258,537.835,35.407,112.123,3013,1171,2486
3014,1076781327,737.746,0.44,53.972,-0.09,0.16,0.728,0.47,0.967,537.403,35.379,112.033,3014,1936,3316
3015,1076860392,566.407,0.392,54.149,0.086,0.208,0.948,0.612,1.258,536.982,35.351,111.945,3015,1668,2488
3016,1077375516,531.822,0.379,54.448,0.386,0.221,1.009,0.652,1.339,536.666,35.33,111.879,3016,1126,2125
3017,424962839,403.394,0.308,51.49,-2.572,0.292,1.33,0.859,1.765,536.521,35.321,111.849,3017,3310,526
3018,1152324664,452.307,0.34,51.379,-2.684,0.26,1.185,0.765,1.573,536.037,35.289,111.748,3018,3345,1079
3019,1154643194,920.798,0.472,53.788,-0.274,0.128,0.582,0.376,0.772,535.963,35.284,111.732,3019,2160,3524
3020,1036597451,605.054,0.406,53.848,-0.215,0.194,0.886,0.572,1.175,535.927,35.282,111.725,3020,2087,2798
3021,1029631487,621.135,0.411,52.777,-1.285,0.189,0.863,0.557,1.145,535.866,35.278,111.712,3021,2785,2895
3022,1076780921,552.732,0.387,53.61,-0.453,0.213,0.969,0.626,1.286,535.82,35.275,111.703,3022,2322,2357
3023,1036231403,463.784,0.347,55.14,1.077,0.253,1.155,0.746,1.533,535.751,35.27,111.688,3023,374,1242
3024,666273775,639.847,0.416,53.503,-0.559,0.184,0.836,0.54,1.11,535.213,35.235,111.576,3024,2398,3015
3025,1152324670,489.634,0.36,52.54,-1.522,0.24,1.093,0.706,1.45,535.178,35.232,111.569,3025,2877,1585
3026,1077278791,464.482,0.348,54.441,0.379,0.252,1.15,0.743,1.527,534.321,35.176,111.39,3026,1140,1272
3027,1076669185,524.916,0.377,54.32,0.258,0.223,1.016,0.656,1.348,533.176,35.1,111.151,3027,1352,2083
3028,1076780904,517.294,0.374,54.675,0.613,0.226,1.031,0.666,1.368,533.121,35.097,111.14,3028,816,1985
3029,1077375586,718.921,0.437,53.629,-0.434,0.163,0.741,0.479,0.984,533.042,35.092,111.123,3029,2305,3293
3030,117601146,607.458,0.407,54.146,0.083,0.193,0.877,0.567,1.164,533.023,35.09,111.119,3030,1674,2847
3031,1077278267,577.339,0.398,54.385,0.322,0.202,0.922,0.596,1.224,532.453,35.053,111.001,3031,1243,2631
3032,1076703102,765.552,0.447,54.571,0.509,0.153,0.695,0.449,0.923,532.432,35.051,110.996,3032,940,3373
3033,1189601298,417.925,0.321,54.142,0.08,0.279,1.273,0.822,1.689,531.888,35.016,110.883,3033,1684,690
3034,1077039073,497.444,0.366,54.695,0.632,0.234,1.068,0.69,1.418,531.383,34.982,110.777,3034,799,1737
3035,424467010,407.737,0.314,50.412,-3.65,0.286,1.302,0.841,1.728,531.053,34.961,110.709,3035,3528,596
3036,1154169278,410.814,0.316,52.523,-1.54,0.284,1.292,0.834,1.715,530.831,34.946,110.662,3036,2892,628
3037,428971231,406.982,0.314,51.693,-2.369,0.286,1.304,0.842,1.731,530.749,34.941,110.645,3037,3235,589
3038,1026131918,557.117,0.391,55.278,1.216,0.209,0.952,0.615,1.264,530.504,34.924,110.594,3038,294,2460
3039,1077375486,745.895,0.444,54.467,0.404,0.156,0.711,0.459,0.944,530.426,34.919,110.578,3039,1088,3352
3040,1076669029,483.543,0.359,54.822,0.76,0.241,1.097,0.708,1.456,530.396,34.917,110.572,3040,657,1564
3041,1076669027,421.601,0.324,54.923,0.86,0.276,1.258,0.812,1.669,530.379,34.916,110.568,3041,557,750
3042,1076669161,542.374,0.386,54.419,0.356,0.214,0.977,0.631,1.297,530.13,34.9,110.516,3042,1185,2303
3043,1151907740,432.853,0.331,52.933,-1.13,0.269,1.225,0.791,1.625,530.112,34.899,110.513,3043,2706,880
3044,1036231365,572.891,0.397,56.546,2.483,0.203,0.925,0.597,1.227,529.748,34.875,110.437,3044,37,2621
3045,1076669273,772.7,0.45,53.962,-0.101,0.15,0.685,0.443,0.91,529.685,34.871,110.424,3045,1948,3388
3046,1076669351,510.795,0.373,53.437,-0.626,0.227,1.037,0.67,1.376,529.545,34.861,110.394,3046,2443,1950
3047,1160082433,487.462,0.362,53.331,-0.732,0.238,1.086,0.701,1.441,529.202,34.839,110.323,3047,2516,1625
3048,497795146,438.007,0.335,50.562,-3.5,0.265,1.207,0.78,1.602,528.875,34.817,110.255,3048,3515,962
3049,1077375558,415.374,0.321,54.307,0.245,0.279,1.272,0.822,1.688,528.48,34.791,110.172,3049,1380,691
3050,482581751,438.474,0.336,50.399,-3.664,0.264,1.204,0.778,1.598,528.051,34.763,110.083,3050,3530,975
3051,1076669114,435.507,0.334,54.365,0.302,0.266,1.212,0.783,1.609,527.999,34.76,110.072,3051,1276,934
3052,1152833880,427.071,0.329,51.963,-2.099,0.271,1.234,0.797,1.638,527.078,34.699,109.88,3052,3130,842
3053,541596228,415.374,0.322,53.778,-0.284,0.278,1.269,0.819,1.684,527.001,34.694,109.864,3053,2172,697
3054,1151904993,471.06,0.355,52.111,-1.951,0.245,1.119,0.722,1.485,526.984,34.693,109.86,3054,3068,1447
3055,424466986,407.919,0.317,51.6,-2.462,0.283,1.291,0.834,1.714,526.752,34.678,109.812,3055,3272,632
3056,1152826978,592.074,0.405,52.053,-2.009,0.195,0.889,0.574,1.18,526.548,34.664,109.77,3056,3095,2785
3057,1076669274,614.525,0.412,54.039,-0.023,0.188,0.856,0.553,1.136,526.042,34.631,109.664,3057,1839,2930
3058,1153121540,635.812,0.418,53.202,-0.861,0.182,0.827,0.534,1.098,525.919,34.623,109.639,3058,2588,3044
3059,1076669051,471.9,0.355,55.45,1.388,0.245,1.114,0.72,1.479,525.873,34.62,109.629,3059,229,1470
3060,424468853,451.667,0.345,50.712,-3.35,0.255,1.164,0.752,1.545,525.799,34.615,109.613,3060,3491,1178
3061,848654797,497.953,0.368,51.317,-2.745,0.232,1.056,0.682,1.401,525.681,34.607,109.589,3061,3360,1828
3062,1154905799,454.576,0.346,52.566,-1.497,0.254,1.156,0.747,1.534,525.548,34.598,109.561,3062,2868,1235
3063,1036526076,496.694,0.368,55.433,1.371,0.232,1.057,0.682,1.402,524.901,34.556,109.426,3063,237,1816
3064,424962999,415.359,0.323,52.745,-1.317,0.277,1.263,0.816,1.676,524.568,34.534,109.357,3064,2797,725
3065,1151910856,466.475,0.353,51.928,-2.135,0.247,1.124,0.726,1.492,524.539,34.532,109.351,3065,3147,1412
3066,428971244,416.022,0.323,52.085,-1.977,0.277,1.261,0.814,1.673,524.48,34.528,109.339,3066,3080,740
3067,1152329932,695.779,0.435,54.426,0.363,0.165,0.753,0.487,1.0,524.215,34.511,109.283,3067,1173,3262
3068,1154205177,607.431,0.411,51.893,-2.169,0.189,0.863,0.557,1.145,524.064,34.501,109.252,3068,3156,2894
3069,1077278303,530.463,0.383,54.427,0.365,0.217,0.987,0.638,1.31,523.79,34.483,109.195,3069,1167,2237
3070,1077376133,579.284,0.402,54.787,0.724,0.198,0.904,0.584,1.2,523.7,34.477,109.176,3070,699,2716
3071,1152833882,499.611,0.37,52.505,-1.557,0.23,1.048,0.677,1.391,523.603,34.47,109.156,3071,2898,1873
3072,1036597651,542.136,0.388,54.362,0.3,0.212,0.965,0.623,1.281,523.197,34.443,109.071,3072,1280,2378
3073,1036231405,463.775,0.353,54.735,0.673,0.247,1.127,0.728,1.496,522.798,34.417,108.988,3073,759,1398
3074,1151908468,501.828,0.371,51.439,-2.623,0.229,1.041,0.672,1.382,522.545,34.401,108.935,3074,3326,1915
3075,1036231362,572.782,0.4,57.185,3.123,0.2,0.912,0.589,1.21,522.364,34.389,108.897,3075,13,2683
3076,1153121525,785.026,0.454,53.49,-0.572,0.146,0.665,0.43,0.883,522.281,34.383,108.88,3076,2410,3426
3077,1154159643,431.859,0.335,52.136,-1.926,0.265,1.209,0.781,1.604,522.125,34.373,108.847,3077,3056,952
3078,842543030,438.676,0.339,54.149,0.086,0.261,1.19,0.769,1.579,522.079,34.37,108.838,3078,1665,1049
3079,1077278284,453.484,0.348,53.279,-0.783,0.252,1.15,0.743,1.527,521.704,34.345,108.76,3079,2552,1271
3080,1036231404,463.776,0.353,54.959,0.897,0.247,1.125,0.726,1.492,521.596,34.338,108.737,3080,515,1410
3081,1153939736,590.141,0.406,51.715,-2.347,0.194,0.884,0.571,1.173,521.541,34.334,108.726,3081,3221,2811
3082,424962964,403.268,0.316,51.47,-2.592,0.284,1.293,0.835,1.716,521.526,34.333,108.723,3082,3315,623
3083,424467007,407.871,0.32,50.771,-3.291,0.28,1.277,0.825,1.695,521.048,34.302,108.623,3083,3485,681
3084,1151905007,608.825,0.412,52.958,-1.104,0.188,0.856,0.553,1.135,520.952,34.296,108.603,3084,2695,2932
3085,1036597419,400.63,0.315,53.817,-0.246,0.285,1.3,0.839,1.725,520.671,34.277,108.544,3085,2128,605
3086,424962975,449.332,0.346,51.709,-2.354,0.254,1.159,0.748,1.537,520.57,34.271,108.523,3086,3227,1221
3087,424962991,437.56,0.339,53.651,-0.412,0.261,1.189,0.768,1.577,520.076,34.238,108.42,3087,2286,1061
3088,1076780819,443.087,0.343,54.573,0.511,0.257,1.173,0.758,1.557,519.819,34.221,108.367,3088,938,1138
3089,1076847292,421.475,0.329,53.756,-0.306,0.271,1.233,0.796,1.636,519.719,34.214,108.346,3089,2189,845
3090,1076703187,489.005,0.367,54.837,0.774,0.233,1.061,0.685,1.408,518.963,34.165,108.188,3090,638,1784
3091,1151910854,445.431,0.345,52.257,-1.805,0.255,1.164,0.752,1.545,518.457,34.131,108.083,3091,2999,1181
3092,1036597551,511.572,0.378,53.385,-0.678,0.222,1.013,0.654,1.345,518.427,34.129,108.077,3092,2487,2106
3093,1076860349,419.534,0.329,55.454,1.392,0.271,1.235,0.798,1.639,518.27,34.119,108.044,3093,227,835
3094,1077278856,421.276,0.33,54.598,0.536,0.27,1.229,0.794,1.631,517.861,34.092,107.959,3094,900,860
3095,1152304263,518.052,0.381,52.892,-1.17,0.219,0.999,0.645,1.326,517.551,34.072,107.894,3095,2727,2166
3096,424468887,434.094,0.338,53.61,-0.453,0.262,1.192,0.77,1.582,517.475,34.067,107.878,3096,2323,1036
3097,1036231361,572.622,0.402,57.371,3.309,0.198,0.904,0.584,1.199,517.471,34.066,107.877,3097,4,2719
3098,497795133,420.629,0.33,50.954,-3.108,0.27,1.229,0.794,1.631,516.957,34.033,107.77,3098,3452,862
3099,1154159644,452.804,0.35,52.038,-2.024,0.25,1.141,0.737,1.515,516.793,34.022,107.736,3099,3102,1319
3100,1154905800,431.125,0.337,52.649,-1.413,0.263,1.198,0.774,1.59,516.637,34.012,107.703,3100,2836,997
3101,669288195,442.446,0.344,52.196,-1.867,0.256,1.167,0.754,1.549,516.33,33.991,107.64,3101,3024,1165
3102,1153091659,440.25,0.343,53.208,-0.854,0.257,1.172,0.757,1.556,516.124,33.978,107.597,3102,2585,1142
3103,428971241,419.182,0.33,52.36,-1.703,0.27,1.231,0.795,1.633,515.923,33.965,107.555,3103,2964,853
3104,1076668995,481.761,0.365,54.589,0.526,0.235,1.07,0.691,1.42,515.556,33.94,107.478,3104,917,1727
3105,1152352583,479.272,0.364,52.562,-1.501,0.236,1.075,0.694,1.426,515.127,33.912,107.389,3105,2869,1705
3106,482581749,413.672,0.327,50.248,-3.814,0.273,1.244,0.804,1.651,514.806,33.891,107.322,3106,3545,796
3107,1036597610,414.734,0.328,54.368,0.305,0.272,1.241,0.801,1.647,514.666,33.882,107.293,3107,1270,812
3108,1152811381,550.813,0.395,52.451,-1.612,0.205,0.934,0.603,1.239,514.317,33.859,107.22,3108,2920,2571
3109,1036526087,602.246,0.413,54.863,0.8,0.187,0.854,0.551,1.133,514.078,33.843,107.17,3109,608,2947
3110,1151910024,557.979,0.398,53.473,-0.589,0.202,0.92,0.594,1.221,513.507,33.806,107.051,3110,2420,2641
3111,1153953959,549.352,0.395,53.374,-0.689,0.205,0.935,0.604,1.24,513.482,33.804,107.046,3111,2494,2561
3112,1077443366,517.688,0.382,54.5,0.438,0.218,0.992,0.641,1.316,513.436,33.801,107.036,3112,1041,2212
3113,1077375496,669.586,0.432,54.143,0.081,0.168,0.767,0.495,1.017,513.368,33.796,107.022,3113,1683,3234
3114,1036223154,486.414,0.368,53.785,-0.278,0.232,1.055,0.681,1.4,513.175,33.784,106.982,3114,2164,1833
3115,1076860499,479.473,0.365,54.616,0.553,0.235,1.07,0.691,1.42,513.002,33.772,106.946,3115,877,1730
3116,1150840335,507.445,0.378,54.109,0.047,0.222,1.011,0.653,1.342,512.997,33.772,106.944,3116,1729,2119
3117,424466996,419.378,0.332,52.018,-2.044,0.268,1.222,0.789,1.622,512.63,33.748,106.868,3117,3113,890
3118,1154403409,417.084,0.33,52.759,-1.303,0.27,1.228,0.793,1.63,512.298,33.726,106.799,3118,2787,866
3119,1154905801,445.472,0.348,52.793,-1.27,0.252,1.15,0.743,1.526,512.174,33.718,106.773,3119,2778,1275
3120,483092922,428.077,0.338,52.021,-2.041,0.262,1.196,0.772,1.587,512.055,33.71,106.748,3120,3112,1016
3121,1153095795,479.248,0.366,52.469,-1.593,0.234,1.068,0.69,1.417,511.753,33.69,106.685,3121,2912,1738
3122,1153089986,415.866,0.33,52.752,-1.31,0.27,1.229,0.794,1.631,511.101,33.647,106.549,3122,2791,863
3123,1152321573,523.642,0.386,52.101,-1.962,0.214,0.976,0.63,1.295,511.047,33.644,106.538,3123,3073,2313
3124,1077375500,508.018,0.379,54.497,0.434,0.221,1.006,0.65,1.335,510.925,33.636,106.513,3124,1043,2136
3125,1077278311,494.837,0.374,54.347,0.284,0.226,1.032,0.667,1.37,510.712,33.622,106.468,3125,1306,1975
3126,1152833871,502.885,0.377,53.447,-0.616,0.223,1.014,0.655,1.346,509.988,33.574,106.317,3126,2434,2099
3127,1077278273,515.174,0.383,54.278,0.216,0.217,0.99,0.639,1.313,509.917,33.569,106.302,3127,1438,2222
3128,1077039059,558.04,0.4,54.305,0.242,0.2,0.913,0.59,1.212,509.69,33.554,106.255,3128,1386,2675
3129,1076780859,432.517,0.341,53.943,-0.12,0.259,1.178,0.761,1.564,509.634,33.551,106.243,3129,1974,1112
3130,1036526099,544.367,0.395,54.928,0.865,0.205,0.936,0.604,1.242,509.42,33.537,106.199,3130,550,2556
3131,1153089981,602.398,0.414,52.735,-1.327,0.186,0.846,0.546,1.122,509.38,33.534,106.191,3131,2803,2980
3132,1077278310,534.733,0.391,54.334,0.272,0.209,0.952,0.615,1.263,509.133,33.518,106.139,3132,1332,2461
3133,1077039032,440.341,0.346,54.3,0.237,0.254,1.156,0.747,1.534,509.072,33.514,106.126,3133,1393,1236
3134,1077428182,400.969,0.322,55.165,1.103,0.278,1.269,0.819,1.683,508.647,33.486,106.038,3134,350,699
3135,321952053,445.007,0.349,50.727,-3.335,0.251,1.143,0.738,1.517,508.561,33.48,106.02,3135,3490,1312
3136,1153921651,431.22,0.341,53.282,-0.78,0.259,1.179,0.762,1.565,508.539,33.478,106.015,3136,2547,1106
3137,1151688604,408.435,0.327,52.845,-1.218,0.273,1.245,0.804,1.652,508.466,33.474,106.0,3137,2747,794
3138,1076668966,483.917,0.369,54.552,0.49,0.231,1.051,0.678,1.394,508.363,33.467,105.978,3138,965,1860
3139,1076847191,458.947,0.357,54.401,0.339,0.243,1.107,0.715,1.469,507.974,33.441,105.897,3139,1215,1507
3140,1076781260,475.994,0.366,53.867,-0.196,0.234,1.067,0.689,1.415,507.692,33.423,105.839,3140,2067,1747
3141,1036231398,463.611,0.36,54.289,0.227,0.24,1.095,0.707,1.453,507.69,33.423,105.838,3141,1414,1572
3142,1077278878,517.794,0.385,54.199,0.137,0.215,0.98,0.633,1.301,507.543,33.413,105.808,3142,1584,2276
3143,1076703049,424.813,0.338,54.778,0.716,0.262,1.194,0.771,1.585,507.385,33.403,105.775,3143,709,1025
3144,1076781085,426.662,0.339,54.313,0.251,0.261,1.189,0.768,1.578,507.363,33.401,105.77,3144,1366,1056
3145,1153936309,535.572,0.392,52.023,-2.039,0.208,0.947,0.612,1.257,507.183,33.389,105.733,3145,3111,2497
3146,1151662621,535.302,0.392,52.403,-1.66,0.208,0.947,0.612,1.257,507.15,33.387,105.726,3146,2945,2492
3147,1152302761,552.91,0.399,53.494,-0.569,0.201,0.917,0.592,1.217,506.903,33.371,105.674,3147,2405,2661
3148,1154412019,756.883,0.453,54.044,-0.018,0.147,0.67,0.432,0.889,506.811,33.365,105.655,3148,1829,3421
3149,424962963,403.277,0.324,51.735,-2.328,0.276,1.256,0.811,1.667,506.587,33.35,105.608,3149,3211,754
3150,428971152,419.41,0.335,52.48,-1.583,0.265,1.207,0.78,1.602,506.31,33.332,105.551,3150,2907,965
3151,428971232,420.207,0.336,51.004,-3.058,0.264,1.204,0.778,1.598,505.964,33.309,105.478,3151,3435,976
3152,1036597563,646.43,0.428,54.377,0.314,0.172,0.782,0.505,1.038,505.71,33.292,105.425,3152,1255,3187
3153,1036024091,429.187,0.342,54.401,0.338,0.258,1.178,0.761,1.563,505.541,33.281,105.39,3153,1216,1117
3154,424962853,403.392,0.325,51.644,-2.418,0.275,1.253,0.809,1.663,505.43,33.274,105.367,3154,3250,769
3155,1077443360,481.087,0.369,55.055,0.993,0.231,1.051,0.678,1.394,505.413,33.273,105.364,3155,447,1859
3156,1151907709,496.068,0.376,52.446,-1.616,0.224,1.019,0.658,1.352,505.293,33.265,105.339,3156,2922,2067
3157,1153114761,540.904,0.395,52.879,-1.184,0.205,0.934,0.603,1.239,505.217,33.26,105.323,3157,2735,2567
3158,1076669291,487.764,0.373,54.023,-0.039,0.227,1.036,0.669,1.374,505.084,33.251,105.295,3158,1864,1957
3159,1076847161,493.476,0.376,54.098,0.035,0.224,1.023,0.66,1.357,504.586,33.218,105.191,3159,1744,2047
3160,424467008,407.887,0.329,51.042,-3.02,0.271,1.237,0.799,1.641,504.533,33.215,105.18,3160,3424,829
3161,1151905018,643.263,0.428,53.102,-0.961,0.172,0.784,0.507,1.041,504.53,33.215,105.18,3161,2645,3182
3162,1154411933,525.657,0.389,51.422,-2.641,0.211,0.96,0.62,1.273,504.426,33.208,105.158,3162,3334,2408
3163,1154416529,483.382,0.371,52.102,-1.961,0.229,1.042,0.673,1.382,503.575,33.152,104.98,3163,3072,1911
3164,1077375573,536.349,0.394,54.124,0.061,0.206,0.938,0.606,1.245,503.227,33.129,104.908,3164,1706,2543
3165,1152838213,472.094,0.366,53.4,-0.663,0.234,1.066,0.688,1.414,503.129,33.122,104.887,3165,2471,1752
3166,1026131907,472.645,0.366,54.15,0.088,0.234,1.064,0.687,1.412,503.062,33.118,104.873,3166,1663,1765
3167,1151905014,412.171,0.332,53.187,-0.875,0.268,1.22,0.788,1.619,503.013,33.115,104.863,3167,2602,905
3168,1076669258,590.016,0.413,53.855,-0.208,0.187,0.852,0.55,1.131,502.804,33.101,104.82,3168,2082,2952
3169,1154169282,493.663,0.377,52.937,-1.125,0.223,1.018,0.658,1.351,502.633,33.09,104.784,3169,2702,2069
3170,1153102069,484.336,0.372,54.741,0.678,0.228,1.037,0.67,1.377,502.426,33.076,104.741,3170,752,1943
3171,1077278863,432.478,0.345,53.823,-0.24,0.255,1.161,0.75,1.541,502.139,33.057,104.681,3171,2117,1202
3172,428971154,408.756,0.33,52.412,-1.651,0.27,1.228,0.793,1.63,502.071,33.053,104.667,3172,2942,865
3173,842543000,465.415,0.363,53.09,-0.972,0.237,1.078,0.696,1.431,501.807,33.035,104.612,3173,2651,1681
3174,424962856,403.591,0.327,51.854,-2.208,0.273,1.243,0.803,1.649,501.597,33.021,104.568,3174,3172,804
3175,1076669000,466.49,0.364,54.79,0.727,0.236,1.075,0.694,1.426,501.33,33.004,104.512,3175,697,1706
3176,1076669136,417.211,0.336,54.676,0.613,0.264,1.201,0.776,1.594,501.16,32.993,104.477,3176,814,990
3177,1077375508,715.612,0.446,54.022,-0.04,0.154,0.7,0.452,0.928,500.63,32.958,104.367,3177,1865,3365
3178,1160088181,461.353,0.362,53.317,-0.745,0.238,1.084,0.7,1.439,500.129,32.925,104.262,3178,2524,1637
3179,1076860435,437.863,0.349,54.437,0.375,0.251,1.142,0.738,1.515,500.039,32.919,104.243,3179,1148,1316
3180,1154169289,511.078,0.385,52.058,-2.004,0.215,0.978,0.631,1.297,499.663,32.894,104.165,3180,3091,2299
3181,1154664411,526.445,0.392,50.694,-3.368,0.208,0.948,0.613,1.259,499.315,32.871,104.092,3181,3493,2485
3182,1152838198,436.447,0.349,53.289,-0.774,0.251,1.142,0.737,1.515,498.341,32.807,103.889,3182,2542,1317
3183,669563630,444.298,0.354,50.959,-3.104,0.246,1.121,0.724,1.487,497.991,32.784,103.816,3183,3451,1437
3184,1077443363,408.788,0.333,55.017,0.954,0.267,1.217,0.786,1.615,497.406,32.746,103.694,3184,471,917
3185,1152352569,524.153,0.392,53.499,-0.563,0.208,0.949,0.613,1.259,497.353,32.742,103.683,3185,2401,2476
3186,1076781224,545.918,0.4,53.485,-0.577,0.2,0.911,0.588,1.208,497.094,32.725,103.629,3186,2413,2692
3187,1150315076,406.276,0.332,52.011,-2.051,0.268,1.223,0.79,1.623,496.995,32.719,103.609,3187,3116,886
3188,1154207917,513.627,0.388,52.698,-1.364,0.212,0.967,0.625,1.284,496.893,32.712,103.587,3188,2819,2367
3189,424962866,412.641,0.336,51.394,-2.668,0.264,1.204,0.777,1.597,496.746,32.702,103.557,3189,3339,979
3190,1154169285,599.831,0.418,52.681,-1.382,0.182,0.828,0.535,1.099,496.547,32.689,103.515,3190,2825,3040
3191,424962992,417.364,0.339,53.612,-0.45,0.261,1.189,0.768,1.578,496.233,32.668,103.45,3191,2318,1058
3192,483146689,431.567,0.348,53.385,-0.677,0.252,1.15,0.742,1.526,496.182,32.665,103.439,3192,2486,1276
3193,666273773,613.676,0.423,54.297,0.235,0.177,0.808,0.522,1.072,495.712,32.634,103.341,3193,1395,3108
3194,1076703052,518.245,0.39,55.051,0.988,0.21,0.956,0.617,1.269,495.523,32.622,103.302,3194,451,2433
3195,1152324692,475.566,0.372,52.075,-1.987,0.228,1.041,0.672,1.381,495.089,32.593,103.211,3195,3084,1916
3196,1077278822,488.916,0.378,54.256,0.193,0.222,1.011,0.653,1.341,494.173,32.533,103.02,3196,1477,2121
3197,497795105,408.546,0.335,51.52,-2.542,0.265,1.21,0.781,1.605,494.159,32.532,103.018,3197,3302,950
3198,1077375504,491.347,0.379,54.256,0.194,0.221,1.006,0.649,1.335,494.144,32.531,103.014,3198,1474,2137
3199,1150840337,508.315,0.387,53.582,-0.48,0.213,0.972,0.628,1.29,494.066,32.526,102.998,3199,2340,2337
3200,1077278641,515.171,0.39,53.414,-0.649,0.21,0.959,0.619,1.272,493.883,32.514,102.96,3200,2461,2418
3201,1036597462,550.193,0.403,53.659,-0.403,0.197,0.897,0.579,1.19,493.385,32.481,102.856,3201,2279,2749
3202,1150367485,407.964,0.335,53.624,-0.439,0.265,1.208,0.78,1.603,492.916,32.45,102.758,3202,2308,958
3203,1076780824,666.908,0.438,54.521,0.459,0.162,0.739,0.477,0.981,492.875,32.447,102.75,3203,1011,3298
3204,1150315078,444.804,0.357,51.861,-2.202,0.243,1.107,0.715,1.469,492.31,32.41,102.632,3204,3168,1508
3205,428971230,403.372,0.332,51.45,-2.613,0.268,1.22,0.788,1.62,492.306,32.41,102.631,3205,3321,904
3206,1026140656,596.497,0.419,53.525,-0.538,0.181,0.825,0.533,1.095,492.222,32.404,102.614,3206,2380,3048
3207,1076781154,542.954,0.401,53.973,-0.089,0.199,0.906,0.585,1.202,491.952,32.387,102.557,3207,1935,2708
3208,1153936315,610.085,0.423,52.277,-1.786,0.177,0.806,0.521,1.07,491.901,32.383,102.547,3208,2989,3110
3209,1036597489,446.905,0.359,53.81,-0.253,0.241,1.1,0.711,1.46,491.799,32.376,102.525,3209,2141,1539
3210,1076847189,447.091,0.359,54.505,0.442,0.241,1.1,0.71,1.46,491.783,32.375,102.522,3210,1034,1542
3211,1077443352,465.869,0.369,54.481,0.419,0.231,1.055,0.681,1.4,491.465,32.354,102.456,3211,1062,1834
3212,428971227,417.161,0.342,51.222,-2.84,0.258,1.178,0.76,1.563,491.241,32.34,102.409,3212,3389,1118
3213,497795128,419.518,0.343,51.092,-2.97,0.257,1.171,0.756,1.554,491.181,32.336,102.397,3213,3416,1150
3214,1152833979,415.266,0.341,51.952,-2.11,0.259,1.182,0.763,1.569,490.944,32.32,102.347,3214,3136,1088
3215,1153927966,442.679,0.357,52.59,-1.472,0.243,1.108,0.716,1.471,490.577,32.296,102.271,3215,2858,1500
3216,482087790,424.035,0.346,53.437,-0.625,0.254,1.156,0.747,1.534,490.259,32.275,102.204,3216,2442,1234
3217,1150367489,500.679,0.385,53.862,-0.201,0.215,0.979,0.632,1.299,490.238,32.274,102.2,3217,2074,2289
3218,1077278827,429.951,0.35,54.062,0.0,0.25,1.14,0.736,1.512,489.98,32.257,102.146,3218,1802,1328
3219,1076669266,420.897,0.345,54.384,0.321,0.255,1.163,0.751,1.544,489.636,32.234,102.074,3219,1249,1184
3220,1076669300,404.264,0.334,54.013,-0.05,0.266,1.211,0.782,1.607,489.528,32.227,102.052,3220,1873,941
3221,482298367,443.522,0.358,51.527,-2.536,0.242,1.104,0.713,1.464,489.452,32.222,102.036,3221,3299,1522
3222,1151904200,517.558,0.393,52.657,-1.405,0.207,0.945,0.611,1.255,489.286,32.211,102.002,3222,2831,2503
3223,1029559982,423.487,0.347,53.492,-0.571,0.253,1.155,0.746,1.532,489.004,32.192,101.943,3223,2407,1246
3224,483092228,431.451,0.351,51.461,-2.601,0.249,1.133,0.732,1.504,488.982,32.191,101.938,3224,3317,1365
3225,1153953989,588.838,0.418,53.811,-0.252,0.182,0.83,0.536,1.102,488.859,32.183,101.913,3225,2138,3034
3226,483107642,507.348,0.389,54.261,0.199,0.211,0.961,0.621,1.276,487.676,32.105,101.666,3226,1464,2397
3227,1076669214,506.83,0.389,54.514,0.452,0.211,0.962,0.621,1.276,487.509,32.094,101.631,3227,1019,2392
3228,1153941568,545.326,0.404,51.815,-2.248,0.196,0.893,0.577,1.185,487.087,32.066,101.543,3228,3187,2764
3229,1151904214,512.042,0.391,53.201,-0.862,0.209,0.951,0.614,1.261,486.759,32.045,101.475,3229,2591,2472
3230,1152329930,618.722,0.427,54.079,0.017,0.173,0.786,0.508,1.044,486.581,32.033,101.438,3230,1764,3179
3231,1076669248,431.934,0.353,54.578,0.516,0.247,1.126,0.727,1.495,486.547,32.031,101.431,3231,932,1402
3232,1036231391,572.744,0.414,56.409,2.347,0.186,0.849,0.548,1.126,486.021,31.996,101.321,3232,47,2964
3233,1036526133,860.726,0.476,55.909,1.846,0.124,0.564,0.364,0.749,485.603,31.969,101.234,3233,118,3538
3234,1152296210,447.052,0.362,52.372,-1.69,0.238,1.084,0.7,1.439,484.826,31.917,101.072,3234,2959,1632
3235,1076860439,510.372,0.392,53.398,-0.664,0.208,0.95,0.613,1.26,484.777,31.914,101.062,3235,2474,2474
3236,1076781134,519.935,0.396,54.108,0.045,0.204,0.931,0.602,1.236,484.287,31.882,100.96,3236,1730,2586
3237,1077443370,408.216,0.34,55.003,0.941,0.26,1.186,0.766,1.574,484.173,31.874,100.936,3237,481,1072
3238,1036526116,435.485,0.356,54.57,0.508,0.244,1.111,0.717,1.474,483.788,31.849,100.855,3238,943,1489
3239,669563632,419.492,0.347,51.678,-2.385,0.253,1.153,0.744,1.529,483.498,31.83,100.795,3239,3241,1256
3240,1152304576,430.889,0.354,52.935,-1.127,0.246,1.121,0.724,1.487,482.912,31.791,100.673,3240,2703,1438
3241,842543048,502.739,0.39,53.335,-0.727,0.21,0.959,0.619,1.273,482.194,31.744,100.523,3241,2515,2412
3242,497795117,439.363,0.359,51.028,-3.034,0.241,1.097,0.708,1.456,482.013,31.732,100.485,3242,3429,1563
3243,1153091859,404.557,0.339,52.223,-1.84,0.261,1.19,0.769,1.579,481.436,31.694,100.365,3243,3010,1050
3244,1154427431,615.222,0.429,52.742,-1.32,0.171,0.781,0.504,1.036,480.473,31.631,100.164,3244,2799,3189
3245,1076781209,507.182,0.392,53.638,-0.425,0.208,0.947,0.612,1.257,480.375,31.624,100.144,3245,2295,2495
3246,428971166,407.746,0.342,52.169,-1.894,0.258,1.177,0.76,1.562,479.838,31.589,100.032,3246,3041,1123
3247,1076668970,445.112,0.363,54.723,0.66,0.237,1.078,0.696,1.431,479.837,31.589,100.032,3247,774,1685
3248,1076781262,416.522,0.347,53.735,-0.328,0.253,1.151,0.743,1.528,479.513,31.568,99.964,3248,2206,1265
3249,1036231406,463.777,0.373,54.607,0.545,0.227,1.033,0.667,1.371,479.05,31.537,99.868,3249,891,1968
3250,497795132,426.509,0.354,51.147,-2.916,0.246,1.123,0.725,1.49,478.786,31.52,99.813,3250,3404,1424
3251,1153951116,406.649,0.342,53.27,-0.793,0.258,1.177,0.76,1.562,478.705,31.514,99.796,3251,2555,1121
3252,482288784,441.447,0.362,51.493,-2.569,0.238,1.084,0.7,1.439,478.54,31.504,99.761,3252,3309,1638
3253,1077278870,484.041,0.383,54.459,0.397,0.217,0.988,0.638,1.312,478.464,31.499,99.746,3253,1101,2227
3254,1152297122,445.462,0.364,51.933,-2.13,0.236,1.074,0.694,1.425,478.389,31.494,99.73,3254,3145,1711
3255,1154169297,450.733,0.368,51.106,-2.957,0.232,1.059,0.684,1.405,477.353,31.425,99.514,3255,3413,1802
3256,1151902297,627.721,0.433,52.798,-1.265,0.167,0.759,0.49,1.007,476.429,31.365,99.321,3256,2775,3252
3257,1152838199,435.675,0.36,53.524,-0.538,0.24,1.093,0.706,1.45,476.213,31.35,99.276,3257,2381,1584
3258,1076669286,407.017,0.344,54.208,0.146,0.256,1.168,0.755,1.551,475.591,31.309,99.146,3258,1570,1160
3259,1152838204,561.712,0.414,54.334,0.271,0.186,0.847,0.547,1.123,475.508,31.304,99.129,3259,1333,2977
3260,424962858,403.59,0.342,51.71,-2.353,0.258,1.178,0.761,1.563,475.403,31.297,99.107,3260,3226,1116
3261,1076669296,493.781,0.389,54.24,0.178,0.211,0.963,0.622,1.277,475.351,31.294,99.096,3261,1505,2387
3262,1036262186,644.996,0.438,54.046,-0.017,0.162,0.737,0.476,0.978,475.184,31.283,99.062,3262,1825,3299
3263,497795120,413.468,0.348,52.129,-1.933,0.252,1.149,0.742,1.525,475.138,31.28,99.052,3263,3063,1278
3264,1153091666,453.706,0.37,53.053,-1.009,0.23,1.047,0.676,1.389,475.026,31.272,99.029,3264,2661,1879
3265,428971153,414.466,0.349,52.332,-1.73,0.251,1.145,0.74,1.52,474.719,31.252,98.965,3265,2974,1295
3266,1152321575,549.174,0.41,52.377,-1.685,0.19,0.864,0.558,1.147,474.584,31.243,98.937,3266,2956,2890
3267,1077278816,448.761,0.368,54.7,0.637,0.232,1.057,0.683,1.403,474.488,31.237,98.917,3267,794,1811
3268,424962851,403.274,0.342,51.677,-2.385,0.258,1.176,0.76,1.561,474.343,31.227,98.886,3268,3242,1125
3269,1076847329,595.845,0.426,54.243,0.181,0.174,0.795,0.513,1.055,473.655,31.182,98.743,3269,1499,3154
3270,1077457844,738.07,0.459,54.404,0.341,0.141,0.642,0.414,0.851,473.509,31.172,98.713,3270,1210,3458
3271,424962983,422.421,0.354,51.623,-2.44,0.246,1.12,0.724,1.487,473.286,31.158,98.666,3271,3259,1441
3272,1076669126,407.122,0.345,54.638,0.575,0.255,1.161,0.75,1.541,472.799,31.126,98.564,3272,853,1200
3273,1150601109,475.299,0.382,52.747,-1.315,0.218,0.994,0.642,1.319,472.542,31.109,98.511,3273,2794,2195
3274,1152349534,577.475,0.42,53.034,-1.029,0.18,0.818,0.528,1.086,472.423,31.101,98.486,3274,2667,3071
3275,1154159646,494.36,0.39,52.006,-2.057,0.21,0.955,0.617,1.268,472.238,31.089,98.448,3275,3120,2441
3276,1152825542,447.318,0.369,53.701,-0.361,0.231,1.054,0.681,1.399,471.592,31.046,98.313,3276,2238,1835
3277,1152838196,537.54,0.408,53.619,-0.444,0.192,0.877,0.566,1.163,471.187,31.019,98.228,3277,2311,2850
3278,428971248,405.138,0.345,52.19,-1.872,0.255,1.163,0.751,1.543,471.075,31.012,98.205,3278,3026,1190
3279,1154910484,457.534,0.374,53.254,-0.808,0.226,1.029,0.665,1.366,470.932,31.003,98.175,3279,2558,1994
3280,1077042081,451.891,0.371,54.882,0.819,0.229,1.042,0.673,1.382,470.74,30.99,98.135,3280,591,1912
3281,1153091660,416.797,0.352,52.813,-1.25,0.248,1.129,0.729,1.499,470.73,30.989,98.133,3281,2766,1384
3282,1036231393,573.06,0.42,56.481,2.418,0.18,0.821,0.53,1.09,470.633,30.983,98.113,3282,42,3059
3283,1036231390,573.059,0.42,56.289,2.226,0.18,0.821,0.53,1.09,470.571,30.979,98.1,3283,55,3061
3284,1076781133,519.497,0.401,54.065,0.002,0.199,0.906,0.585,1.202,470.428,30.97,98.07,3284,1797,2712
3285,1077278846,417.989,0.353,54.58,0.518,0.247,1.125,0.727,1.493,470.404,30.968,98.065,3285,929,1405
3286,1036262223,460.953,0.376,54.804,0.742,0.224,1.019,0.658,1.352,469.744,30.924,97.928,3286,675,2065
3287,1152833891,607.632,0.43,53.284,-0.779,0.17,0.772,0.499,1.025,469.387,30.901,97.853,3287,2544,3224
3288,1151912213,429.614,0.36,53.034,-1.028,0.24,1.092,0.706,1.45,469.352,30.899,97.846,3288,2666,1589
3289,1076669217,483.228,0.387,54.542,0.479,0.213,0.971,0.627,1.288,469.152,30.886,97.804,3289,975,2344
3290,424962860,403.392,0.345,52.073,-1.989,0.255,1.161,0.75,1.541,468.532,30.845,97.675,3290,3085,1198
3291,1153095771,433.952,0.363,52.394,-1.668,0.237,1.078,0.696,1.431,467.798,30.796,97.522,3291,2951,1686
3292,1076669342,431.11,0.362,54.34,0.277,0.238,1.084,0.7,1.439,467.419,30.771,97.443,3292,1319,1636
3293,424962968,403.571,0.346,51.705,-2.357,0.254,1.157,0.748,1.536,467.124,30.752,97.382,3293,3229,1226
3294,1076669279,472.86,0.383,54.182,0.12,0.217,0.988,0.638,1.311,467.11,30.751,97.379,3294,1609,2233
3295,428971234,406.166,0.348,51.693,-2.369,0.252,1.149,0.742,1.524,466.543,30.714,97.26,3295,3235,1279
3296,424962974,403.997,0.347,51.721,-2.341,0.253,1.152,0.744,1.529,465.481,30.644,97.039,3296,3218,1259
3297,1029631472,436.834,0.366,52.548,-1.515,0.234,1.064,0.687,1.412,464.881,30.604,96.914,3297,2875,1768
3298,1036597452,684.177,0.451,54.03,-0.033,0.149,0.678,0.438,0.9,463.791,30.533,96.687,3298,1853,3400
3299,1153121533,618.123,0.435,53.37,-0.692,0.165,0.75,0.485,0.996,463.782,30.532,96.685,3299,2496,3272
3300,1153941551,411.634,0.353,51.601,-2.462,0.247,1.127,0.728,1.495,463.713,30.527,96.67,3300,3270,1401
3301,1077278265,442.572,0.37,55.195,1.132,0.23,1.048,0.677,1.39,463.608,30.521,96.648,3301,342,1877
3302,1160099408,634.527,0.44,53.425,-0.637,0.16,0.73,0.472,0.969,463.451,30.51,96.616,3302,2456,3309
3303,424962978,448.631,0.373,52.126,-1.936,0.227,1.033,0.667,1.371,463.38,30.506,96.601,3303,3064,1970
3304,1154159656,465.16,0.381,51.994,-2.068,0.219,0.996,0.643,1.322,463.379,30.505,96.601,3304,3124,2183
3305,1152833462,523.732,0.406,53.904,-0.159,0.194,0.884,0.571,1.174,463.194,30.493,96.562,3305,2028,2805
3306,482288783,407.189,0.35,51.433,-2.629,0.25,1.137,0.734,1.509,463.047,30.484,96.531,3306,3329,1345
3307,1154202208,434.745,0.366,52.486,-1.577,0.234,1.065,0.688,1.413,462.878,30.473,96.496,3307,2904,1763
3308,1077278306,419.762,0.358,54.278,0.215,0.242,1.102,0.712,1.462,462.5,30.448,96.417,3308,1440,1530
3309,1151692810,488.778,0.392,52.453,-1.609,0.208,0.946,0.611,1.256,462.486,30.447,96.415,3309,2918,2501
3310,424962859,403.478,0.349,51.784,-2.279,0.251,1.146,0.74,1.521,462.398,30.441,96.396,3310,3194,1288
3311,1152825543,437.275,0.368,53.496,-0.566,0.232,1.057,0.683,1.403,462.298,30.434,96.375,3311,2403,1814
3312,424466974,407.715,0.351,51.436,-2.627,0.249,1.134,0.732,1.504,462.15,30.425,96.345,3312,3328,1364
3313,1152851998,724.826,0.46,51.94,-2.123,0.14,0.637,0.411,0.846,461.829,30.403,96.278,3313,3142,3464
3314,1077443365,664.344,0.447,54.345,0.282,0.153,0.695,0.449,0.922,461.761,30.399,96.263,3314,1313,3375
3315,1151902320,427.138,0.363,52.215,-1.848,0.237,1.081,0.698,1.434,461.576,30.387,96.225,3315,3013,1663
3316,483089070,403.378,0.349,51.301,-2.762,0.251,1.144,0.739,1.518,461.477,30.38,96.204,3316,3362,1304
3317,1036526135,770.894,0.469,55.277,1.215,0.131,0.598,0.386,0.794,461.147,30.359,96.135,3317,297,3510
3318,1077278818,465.313,0.383,54.138,0.075,0.217,0.99,0.639,1.314,460.754,30.333,96.054,3318,1687,2220
3319,428971146,429.382,0.365,52.187,-1.876,0.235,1.073,0.693,1.424,460.702,30.329,96.043,3319,3029,1716
3320,1076780901,519.874,0.406,54.093,0.031,0.194,0.886,0.572,1.176,460.635,30.325,96.029,3320,1749,2797
3321,428971163,414.558,0.356,53.009,-1.053,0.244,1.111,0.717,1.474,460.527,30.318,96.006,3321,2678,1490
3322,1154198833,469.121,0.385,54.078,0.015,0.215,0.981,0.634,1.302,460.438,30.312,95.988,3322,1769,2266
3323,1153095805,415.472,0.357,52.34,-1.723,0.243,1.108,0.715,1.47,460.2,30.296,95.938,3323,2973,1503
3324,1077443380,425.695,0.363,54.664,0.601,0.237,1.081,0.698,1.435,460.178,30.295,95.933,3324,829,1661
3325,1076781069,448.002,0.375,53.885,-0.177,0.225,1.026,0.662,1.361,459.452,30.247,95.782,3325,2046,2024
3326,283116924,435.747,0.369,52.148,-1.914,0.231,1.054,0.68,1.398,459.139,30.226,95.717,3326,3047,1838
3327,1152825545,475.006,0.388,53.82,-0.243,0.212,0.965,0.623,1.281,458.508,30.185,95.585,3327,2123,2376
3328,1154905798,444.767,0.374,52.477,-1.585,0.226,1.029,0.665,1.366,457.774,30.136,95.432,3328,2909,1996
3329,1151910855,401.308,0.35,52.413,-1.649,0.25,1.14,0.736,1.513,457.486,30.118,95.372,3329,2940,1327
3330,1036597544,432.997,0.368,54.958,0.895,0.232,1.056,0.682,1.401,457.235,30.101,95.32,3330,517,1826
3331,1076860353,426.658,0.365,55.935,1.872,0.235,1.07,0.691,1.42,456.609,30.06,95.189,3331,109,1726
3332,1077278866,557.555,0.42,53.877,-0.186,0.18,0.818,0.529,1.086,456.307,30.04,95.126,3332,2056,3068
3333,1077127001,402.497,0.352,55.399,1.337,0.248,1.132,0.731,1.502,455.434,29.982,94.944,3333,253,1372
3334,1076847297,505.132,0.402,55.237,1.174,0.198,0.902,0.582,1.196,455.385,29.979,94.934,3334,314,2730
3335,1152357644,427.497,0.366,52.681,-1.381,0.234,1.065,0.688,1.414,455.384,29.979,94.934,3335,2824,1757
3336,428971150,407.738,0.355,53.201,-0.861,0.245,1.115,0.72,1.48,454.811,29.941,94.815,3336,2589,1464
3337,1077375499,469.422,0.388,54.502,0.439,0.212,0.968,0.625,1.285,454.443,29.917,94.738,3337,1039,2364
3338,633556113,420.948,0.363,55.23,1.168,0.237,1.079,0.697,1.432,454.158,29.898,94.678,3338,319,1676
3339,842543029,464.965,0.386,54.245,0.183,0.214,0.977,0.631,1.296,454.131,29.897,94.673,3339,1497,2308
3340,1076669370,536.067,0.414,52.956,-1.106,0.186,0.847,0.547,1.124,453.99,29.887,94.643,3340,2696,2972
3341,1152838448,440.304,0.374,52.424,-1.638,0.226,1.03,0.665,1.366,453.348,29.845,94.51,3341,2928,1991
3342,424466989,407.677,0.356,51.74,-2.322,0.244,1.112,0.718,1.475,453.243,29.838,94.488,3342,3208,1485
3343,1077278270,469.67,0.388,54.194,0.131,0.212,0.965,0.623,1.28,453.156,29.832,94.47,3343,1592,2379
3344,482404659,420.529,0.364,55.16,1.098,0.236,1.078,0.696,1.43,453.153,29.832,94.469,3344,360,1689
3345,424962852,403.59,0.354,51.556,-2.507,0.246,1.122,0.725,1.489,452.97,29.82,94.431,3345,3288,1425
3346,428971147,431.787,0.37,52.354,-1.708,0.23,1.049,0.677,1.392,452.885,29.815,94.413,3346,2967,1869
3347,1151904999,413.894,0.36,52.327,-1.736,0.24,1.094,0.706,1.451,452.709,29.803,94.376,3347,2976,1579
3348,1036597664,431.494,0.37,53.796,-0.266,0.23,1.049,0.677,1.392,452.59,29.795,94.351,3348,2155,1868
3349,424466990,407.92,0.357,51.752,-2.311,0.243,1.109,0.716,1.471,452.323,29.778,94.296,3349,3206,1498
3350,1077278332,447.057,0.378,53.683,-0.38,0.222,1.012,0.653,1.343,452.315,29.777,94.294,3350,2259,2117
3351,842543028,561.436,0.423,54.343,0.281,0.177,0.805,0.52,1.069,452.196,29.769,94.269,3351,1314,3115
3352,1036597554,529.319,0.413,53.187,-0.875,0.187,0.854,0.552,1.134,452.164,29.767,94.263,3352,2602,2941
3353,483089068,403.38,0.354,51.303,-2.759,0.246,1.119,0.723,1.485,451.545,29.726,94.134,3353,3361,1445
3354,1077278286,854.171,0.484,54.851,0.788,0.116,0.529,0.341,0.701,451.536,29.726,94.132,3354,620,3561
3355,1077038980,510.273,0.406,55.183,1.12,0.194,0.885,0.571,1.174,451.349,29.714,94.093,3355,346,2804
3356,1154181070,419.012,0.364,54.061,-0.001,0.236,1.077,0.695,1.429,451.116,29.698,94.044,3356,1808,1692
3357,1152838480,829.079,0.481,53.298,-0.764,0.119,0.544,0.351,0.722,451.038,29.693,94.028,3357,2534,3551
3358,1154411219,493.544,0.4,54.24,0.178,0.2,0.913,0.59,1.212,450.846,29.68,93.988,3358,1506,2674
3359,1036597443,457.037,0.384,53.956,-0.107,0.216,0.986,0.637,1.309,450.727,29.673,93.963,3359,1955,2244
3360,1076669368,521.967,0.411,53.101,-0.961,0.189,0.863,0.558,1.146,450.695,29.67,93.956,3360,2647,2892
3361,1076669282,454.838,0.383,54.169,0.107,0.217,0.991,0.64,1.314,450.529,29.66,93.922,3361,1631,2219
3362,1077375539,455.768,0.383,55.04,0.978,0.217,0.988,0.638,1.311,450.388,29.65,93.892,3362,459,2228
3363,428971247,413.317,0.361,52.203,-1.86,0.239,1.088,0.702,1.443,449.546,29.595,93.717,3363,3020,1615
3364,1154194294,684.066,0.456,53.414,-0.649,0.144,0.656,0.424,0.871,448.846,29.549,93.571,3364,2460,3436
3365,1076669352,459.003,0.386,53.282,-0.78,0.214,0.977,0.631,1.296,448.272,29.511,93.451,3365,2549,2310
3366,424962857,403.283,0.356,51.761,-2.302,0.244,1.111,0.718,1.475,448.176,29.505,93.431,3366,3203,1486
3367,1152825544,476.066,0.394,53.994,-0.068,0.206,0.94,0.607,1.247,447.485,29.459,93.287,3367,1904,2534
3368,497795113,422.43,0.368,51.554,-2.508,0.232,1.059,0.684,1.405,447.356,29.451,93.26,3368,3289,1803
3369,1159574318,401.585,0.356,51.002,-3.061,0.244,1.114,0.719,1.478,447.228,29.442,93.234,3369,3437,1477
3370,1076781100,411.443,0.362,54.005,-0.058,0.238,1.087,0.702,1.442,447.128,29.436,93.213,3370,1885,1618
3371,1076669028,411.332,0.361,54.886,0.824,0.239,1.087,0.702,1.442,447.055,29.431,93.198,3371,587,1617
3372,1164090427,1074.974,0.509,54.652,0.59,0.091,0.416,0.269,0.552,447.003,29.427,93.187,3372,839,3592
3373,1154169291,588.179,0.433,51.608,-2.455,0.167,0.76,0.491,1.008,446.88,29.419,93.161,3373,3265,3250
3374,1036249606,407.708,0.36,54.819,0.757,0.24,1.094,0.707,1.452,446.145,29.371,93.008,3374,660,1575
3375,283116925,425.187,0.37,52.131,-1.932,0.23,1.049,0.677,1.392,445.89,29.354,92.955,3375,3062,1872
3376,428971149,412.012,0.363,52.459,-1.603,0.237,1.081,0.698,1.435,445.412,29.323,92.855,3376,2915,1660
3377,1151908482,418.799,0.367,51.628,-2.434,0.233,1.063,0.687,1.411,445.352,29.319,92.843,3377,3257,1772
3378,1152324677,592.218,0.435,52.656,-1.407,0.165,0.752,0.486,0.998,445.282,29.314,92.828,3378,2834,3266
3379,1154169273,454.233,0.385,51.997,-2.066,0.215,0.98,0.633,1.301,445.178,29.307,92.806,3379,3123,2279
3380,1077278840,410.758,0.362,54.266,0.204,0.238,1.083,0.7,1.438,444.999,29.296,92.769,3380,1456,1641
3381,1077375446,445.173,0.381,55.155,1.093,0.219,0.999,0.645,1.326,444.727,29.278,92.712,3381,366,2168
3382,1076669326,719.112,0.464,54.438,0.375,0.136,0.618,0.399,0.821,444.709,29.276,92.708,3382,1145,3489
3383,1077278821,451.306,0.384,54.313,0.25,0.216,0.984,0.635,1.305,443.955,29.227,92.551,3383,1369,2256
3384,1077278819,518.778,0.412,54.316,0.254,0.188,0.856,0.553,1.135,443.827,29.218,92.525,3384,1359,2933
3385,1077375509,569.404,0.429,54.03,-0.033,0.171,0.778,0.503,1.033,443.26,29.181,92.406,3385,1854,3202
3386,1151907728,640.844,0.448,52.523,-1.54,0.152,0.691,0.447,0.918,443.129,29.172,92.379,3386,2890,3379
3387,1076703055,402.864,0.359,54.714,0.652,0.241,1.099,0.71,1.458,442.664,29.142,92.282,3387,780,1550
3388,1153941693,406.527,0.361,51.712,-2.35,0.239,1.089,0.703,1.445,442.56,29.135,92.261,3388,3223,1609
3389,1076860501,444.761,0.382,54.401,0.338,0.218,0.994,0.642,1.319,442.136,29.107,92.172,3389,1218,2196
3390,1076781037,492.15,0.403,54.225,0.162,0.197,0.898,0.58,1.192,441.969,29.096,92.137,3390,1532,2744
3391,1077375553,687.802,0.459,54.214,0.151,0.141,0.642,0.415,0.853,441.899,29.091,92.123,3391,1558,3457
3392,1152820380,472.411,0.395,51.752,-2.311,0.205,0.933,0.602,1.238,440.612,29.007,91.855,3392,3206,2579
3393,1153921646,565.267,0.429,53.562,-0.5,0.171,0.779,0.503,1.034,440.391,28.992,91.809,3393,2355,3197
3394,1156846093,412.909,0.366,52.415,-1.648,0.234,1.066,0.689,1.415,440.347,28.989,91.799,3394,2936,1749
3395,1036223145,420.615,0.371,54.145,0.082,0.229,1.045,0.675,1.387,439.664,28.944,91.657,3395,1677,1890
3396,1077042080,459.681,0.391,54.836,0.773,0.209,0.954,0.616,1.266,438.645,28.877,91.444,3396,641,2450
3397,497795112,414.1,0.368,51.396,-2.667,0.232,1.059,0.684,1.405,438.504,28.868,91.415,3397,3337,1804
3398,1077039012,465.259,0.393,54.069,0.007,0.207,0.942,0.608,1.25,438.241,28.851,91.36,3398,1781,2526
3399,1152324671,503.26,0.409,52.657,-1.406,0.191,0.87,0.562,1.155,438.067,28.839,91.324,3399,2833,2870
3400,1036597520,469.223,0.395,54.216,0.153,0.205,0.933,0.603,1.238,437.857,28.825,91.28,3400,1554,2576
3401,1036597423,467.007,0.395,53.669,-0.393,0.205,0.936,0.604,1.242,437.052,28.772,91.112,3401,2275,2555
3402,428971167,409.802,0.366,52.183,-1.88,0.234,1.065,0.688,1.413,436.455,28.733,90.988,3402,3032,1761
3403,1153111693,878.566,0.491,53.428,-0.634,0.109,0.497,0.321,0.659,436.374,28.728,90.971,3403,2452,3571
3404,482317610,409.488,0.366,55.373,1.31,0.234,1.064,0.687,1.412,435.765,28.688,90.844,3404,262,1769
3405,1154202233,515.669,0.415,54.102,0.04,0.185,0.845,0.546,1.121,435.587,28.676,90.807,3405,1739,2988
3406,1153934742,402.742,0.363,53.263,-0.799,0.237,1.081,0.698,1.434,435.209,28.651,90.728,3406,2556,1664
3407,1077038926,476.828,0.4,54.49,0.427,0.2,0.912,0.589,1.211,435.067,28.642,90.699,3407,1050,2679
3408,1154202246,435.03,0.381,53.281,-0.782,0.219,0.999,0.645,1.326,434.801,28.624,90.643,3408,2551,2165
3409,1150346584,447.005,0.387,53.401,-0.661,0.213,0.969,0.626,1.286,433.241,28.521,90.318,3409,2470,2358
3410,1077038961,574.822,0.435,55.472,1.41,0.165,0.753,0.486,0.999,432.608,28.48,90.186,3410,218,3263
3411,497795111,442.459,0.385,51.281,-2.782,0.215,0.978,0.631,1.297,432.57,28.477,90.178,3411,3369,2300
3412,1076703166,488.704,0.406,53.136,-0.927,0.194,0.884,0.571,1.173,432.016,28.441,90.062,3412,2630,2808
3413,1154202207,431.538,0.381,52.231,-1.831,0.219,1.0,0.646,1.327,431.611,28.414,89.978,3413,3005,2163
3414,1152838216,504.946,0.412,53.162,-0.901,0.188,0.855,0.552,1.134,431.566,28.411,89.969,3414,2614,2936
3415,428971151,441.449,0.386,52.893,-1.17,0.214,0.977,0.631,1.297,431.416,28.401,89.937,3415,2726,2304
3416,1076669445,409.209,0.369,54.884,0.821,0.231,1.053,0.68,1.397,430.761,28.358,89.801,3416,590,1847
3417,1160082431,422.935,0.377,52.922,-1.14,0.223,1.018,0.657,1.35,430.37,28.332,89.719,3417,2709,2077
3418,1036231401,463.784,0.396,54.88,0.817,0.204,0.928,0.599,1.231,430.278,28.326,89.7,3418,592,2606
3419,483098601,576.954,0.436,54.447,0.384,0.164,0.745,0.481,0.989,430.028,28.31,89.648,3419,1129,3281
3420,1154399882,628.448,0.45,53.554,-0.508,0.15,0.684,0.442,0.907,429.723,28.29,89.585,3420,2363,3389
3421,1154159642,411.655,0.371,51.952,-2.11,0.229,1.043,0.673,1.384,429.26,28.259,89.488,3421,3135,1904
3422,1153098130,452.621,0.392,52.239,-1.823,0.208,0.948,0.612,1.258,428.919,28.237,89.417,3422,3002,2490
3423,1154159668,451.934,0.392,51.952,-2.11,0.208,0.949,0.613,1.259,428.804,28.229,89.393,3423,3136,2478
3424,1152329935,421.733,0.377,54.922,0.859,0.223,1.016,0.656,1.348,428.472,28.207,89.324,3424,559,2082
3425,1076780922,420.13,0.376,53.492,-0.571,0.224,1.02,0.659,1.353,428.398,28.203,89.308,3425,2408,2061
3426,1076781072,412.58,0.372,53.655,-0.408,0.228,1.038,0.67,1.377,428.256,28.193,89.279,3426,2284,1939
3427,1076781019,537.926,0.425,53.766,-0.296,0.175,0.796,0.514,1.056,427.923,28.171,89.209,3427,2183,3148
3428,1154159655,454.435,0.394,52.046,-2.017,0.206,0.941,0.608,1.249,427.626,28.152,89.147,3428,3101,2528
3429,428971246,400.49,0.366,52.269,-1.794,0.234,1.067,0.689,1.416,427.39,28.136,89.098,3429,2993,1743
3430,1153086850,534.749,0.425,52.673,-1.39,0.175,0.799,0.516,1.06,427.307,28.131,89.081,3430,2827,3132
3431,669563629,464.584,0.398,50.988,-3.074,0.202,0.92,0.594,1.22,427.244,28.127,89.068,3431,3443,2645
3432,848654806,568.514,0.435,52.907,-1.156,0.165,0.751,0.485,0.997,427.232,28.126,89.065,3432,2716,3267
3433,1153086851,627.961,0.451,52.906,-1.157,0.149,0.68,0.439,0.903,427.199,28.124,89.058,3433,2717,3396
3434,1150608369,652.606,0.457,53.943,-0.12,0.143,0.653,0.422,0.867,426.291,28.064,88.869,3434,1974,3440
3435,1156483040,767.954,0.478,53.689,-0.374,0.122,0.554,0.358,0.735,425.63,28.02,88.731,3435,2257,3543
3436,117601203,612.219,0.447,54.066,0.004,0.153,0.695,0.449,0.922,425.586,28.017,88.722,3436,1793,3374
3437,1076669125,403.815,0.369,54.711,0.648,0.231,1.054,0.68,1.398,425.479,28.01,88.7,3437,783,1839
3438,1076781318,425.926,0.381,55.199,1.137,0.219,0.998,0.645,1.325,425.254,27.996,88.653,3438,339,2170
3439,1152828468,591.868,0.443,52.672,-1.39,0.157,0.717,0.463,0.952,424.64,27.955,88.525,3439,2828,3335
3440,666273776,594.475,0.443,52.874,-1.189,0.157,0.714,0.461,0.948,424.634,27.955,88.524,3440,2738,3343
3441,1153955968,401.15,0.368,52.619,-1.443,0.232,1.056,0.682,1.402,423.717,27.894,88.332,3441,2850,1822
3442,1076669281,457.17,0.397,53.998,-0.065,0.203,0.925,0.597,1.227,422.82,27.835,88.145,3442,1898,2620
3443,428971162,400.043,0.368,53.282,-0.781,0.232,1.057,0.682,1.402,422.691,27.827,88.118,3443,2550,1817
3444,483042928,402.324,0.37,54.323,0.26,0.23,1.05,0.678,1.393,422.46,27.812,88.07,3444,1345,1862
3445,1153944464,736.628,0.474,53.947,-0.116,0.126,0.572,0.37,0.76,421.611,27.756,87.893,3445,1967,3528
3446,1156833218,437.554,0.389,52.467,-1.595,0.211,0.964,0.622,1.279,421.609,27.756,87.893,3446,2913,2385
3447,473763170,497.418,0.414,54.249,0.186,0.186,0.847,0.547,1.124,421.347,27.738,87.838,3447,1492,2971
3448,482116369,440.038,0.39,50.985,-3.078,0.21,0.957,0.618,1.27,421.006,27.716,87.767,3448,3444,2429
3449,1150367484,449.624,0.395,53.645,-0.417,0.205,0.936,0.605,1.242,420.947,27.712,87.755,3449,2290,2553
3450,1150608374,527.515,0.425,52.482,-1.581,0.175,0.797,0.515,1.058,420.406,27.676,87.642,3450,2906,3142
3451,1077375471,485.379,0.41,53.812,-0.251,0.19,0.864,0.558,1.146,419.23,27.599,87.397,3451,2136,2891
3452,321952076,400.25,0.37,52.008,-2.054,0.23,1.046,0.676,1.388,418.752,27.568,87.297,3452,3119,1885
3453,1076669842,576.049,0.441,54.861,0.799,0.159,0.726,0.469,0.964,418.418,27.546,87.228,3453,610,3322
3454,1077457845,412.544,0.378,53.512,-0.551,0.222,1.014,0.655,1.345,418.215,27.532,87.185,3454,2392,2102
3455,1153086852,525.88,0.425,52.902,-1.16,0.175,0.795,0.514,1.055,418.197,27.531,87.182,3455,2719,3153
3456,1077039084,407.163,0.375,53.82,-0.242,0.225,1.027,0.663,1.363,418.126,27.526,87.167,3456,2122,2014
3457,1154416544,473.686,0.407,51.92,-2.142,0.193,0.882,0.569,1.17,417.559,27.489,87.049,3457,3150,2822
3458,1153121575,401.326,0.372,52.752,-1.311,0.228,1.039,0.671,1.379,417.122,27.46,86.957,3458,2792,1930
3459,1076669049,404.957,0.374,55.323,1.261,0.226,1.029,0.664,1.365,416.533,27.422,86.835,3459,277,2001
3460,1076781304,512.614,0.422,54.255,0.193,0.178,0.812,0.525,1.078,416.423,27.414,86.812,3460,1481,3092
3461,1036597507,466.995,0.405,54.465,0.403,0.195,0.89,0.575,1.182,415.788,27.372,86.679,3461,1091,2779
3462,1154169295,550.625,0.434,51.231,-2.832,0.166,0.754,0.487,1.001,415.438,27.349,86.606,3462,3386,3260
3463,1076847315,514.699,0.423,55.091,1.028,0.177,0.806,0.52,1.069,414.756,27.304,86.464,3463,413,3113
3464,483084391,400.636,0.373,54.563,0.5,0.227,1.034,0.668,1.372,414.268,27.272,86.362,3464,952,1961
3465,1076780856,885.198,0.497,54.685,0.622,0.103,0.468,0.302,0.62,413.839,27.244,86.273,3465,806,3580
3466,1036597624,483.0,0.412,53.514,-0.549,0.188,0.857,0.553,1.137,413.838,27.244,86.273,3466,2391,2925
3467,1152297103,414.48,0.381,51.537,-2.526,0.219,0.997,0.644,1.323,413.132,27.198,86.126,3467,3294,2178
3468,1153936332,530.436,0.429,52.147,-1.916,0.171,0.778,0.503,1.033,412.815,27.177,86.06,3468,3049,3204
3469,1153939732,644.789,0.46,51.601,-2.461,0.14,0.64,0.413,0.849,412.46,27.153,85.986,3469,3269,3460
3470,1076780820,421.857,0.386,54.613,0.551,0.214,0.975,0.629,1.293,411.138,27.066,85.71,3470,879,2322
3471,1156483033,463.965,0.406,53.349,-0.714,0.194,0.883,0.57,1.172,409.684,26.971,85.407,3471,2511,2815
3472,1154401662,571.222,0.443,52.962,-1.1,0.157,0.717,0.463,0.951,409.541,26.961,85.377,3472,2693,3337
3473,424962973,420.619,0.386,51.161,-2.902,0.214,0.973,0.628,1.291,409.321,26.947,85.331,3473,3400,2330
3474,1029631486,664.022,0.465,53.02,-1.042,0.135,0.616,0.398,0.817,408.849,26.916,85.233,3474,2672,3493
3475,1153095806,415.41,0.384,52.355,-1.707,0.216,0.983,0.635,1.305,408.396,26.886,85.138,3475,2966,2259
3476,1151910869,416.33,0.385,52.476,-1.586,0.215,0.98,0.633,1.301,408.036,26.862,85.063,3476,2910,2278
3477,1154155620,422.949,0.39,52.301,-1.761,0.21,0.959,0.619,1.272,405.549,26.698,84.545,3477,2982,2415
3478,1077278873,586.223,0.448,54.104,0.042,0.152,0.692,0.447,0.918,405.395,26.688,84.513,3478,1734,3378
3479,1076780900,593.391,0.45,54.161,0.098,0.15,0.683,0.441,0.906,405.155,26.672,84.463,3479,1645,3391
3480,1157812411,413.614,0.385,56.217,2.155,0.215,0.979,0.632,1.299,405.013,26.663,84.433,3480,62,2288
3481,1150367471,422.587,0.39,53.726,-0.337,0.21,0.958,0.619,1.271,404.896,26.655,84.409,3481,2216,2423
3482,1154159654,415.188,0.387,51.916,-2.146,0.213,0.972,0.628,1.29,403.606,26.57,84.14,3482,3151,2335
3483,1153184130,568.121,0.444,53.08,-0.982,0.156,0.71,0.459,0.943,403.548,26.567,84.128,3483,2653,3353
3484,1153953978,552.866,0.44,53.146,-0.916,0.16,0.729,0.471,0.968,403.26,26.548,84.068,3484,2624,3314
3485,1151912229,435.67,0.397,53.048,-1.015,0.203,0.924,0.597,1.226,402.512,26.498,83.912,3485,2664,2625
3486,1152324682,663.519,0.467,52.109,-1.954,0.133,0.606,0.391,0.804,401.926,26.46,83.79,3486,3070,3505
3487,1076668969,402.951,0.382,54.713,0.651,0.218,0.992,0.64,1.316,399.637,26.309,83.312,3487,781,2213
3488,1076669344,428.867,0.396,54.127,0.065,0.204,0.932,0.602,1.237,399.632,26.309,83.311,3488,1699,2585
3489,1152819966,459.017,0.409,52.278,-1.785,0.191,0.87,0.562,1.155,399.479,26.299,83.28,3489,2987,2871
3490,424962981,432.832,0.398,52.345,-1.718,0.202,0.921,0.595,1.222,398.467,26.232,83.068,3490,2971,2637
3491,1152348395,860.253,0.499,54.821,0.759,0.101,0.462,0.298,0.613,397.241,26.151,82.813,3491,658,3582
3492,1150601107,477.791,0.418,52.698,-1.364,0.182,0.831,0.536,1.102,396.883,26.128,82.738,3492,2820,3033
3493,1036526146,530.29,0.436,56.424,2.362,0.164,0.748,0.483,0.993,396.661,26.113,82.692,3493,45,3277
3494,1152833892,585.196,0.451,53.356,-0.707,0.149,0.678,0.438,0.899,396.581,26.108,82.675,3494,2505,3402
3495,1164305176,436.017,0.401,54.524,0.461,0.199,0.906,0.585,1.202,395.034,26.006,82.353,3495,1006,2709
3496,1151904995,506.203,0.429,52.373,-1.689,0.171,0.779,0.503,1.034,394.528,25.973,82.247,3496,2957,3196
3497,1076781247,506.848,0.429,53.2,-0.862,0.171,0.778,0.502,1.032,394.196,25.951,82.178,3497,2592,3205
3498,1151692805,492.69,0.425,52.422,-1.64,0.175,0.799,0.516,1.061,393.763,25.922,82.088,3498,2932,3131
3499,1153089987,476.841,0.419,52.75,-1.313,0.181,0.826,0.533,1.096,393.759,25.922,82.087,3499,2793,3047
3500,1077278272,440.894,0.404,54.435,0.373,0.196,0.893,0.577,1.185,393.695,25.918,82.074,3500,1154,2766
3501,1152352571,428.577,0.399,52.275,-1.788,0.201,0.918,0.593,1.218,393.354,25.896,82.003,3501,2991,2659
3502,428971148,407.738,0.388,52.619,-1.443,0.212,0.965,0.623,1.28,393.272,25.89,81.986,3502,2849,2381
3503,1150608365,401.897,0.385,53.657,-0.406,0.215,0.978,0.632,1.298,393.145,25.882,81.959,3503,2282,2295
3504,1076781229,476.333,0.419,53.966,-0.096,0.181,0.823,0.532,1.093,392.242,25.822,81.771,3504,1941,3054
3505,1036597552,482.619,0.423,53.444,-0.618,0.177,0.808,0.522,1.072,389.789,25.661,81.259,3505,2437,3109
3506,1076781231,403.974,0.389,53.753,-0.31,0.211,0.962,0.621,1.276,388.584,25.582,81.008,3506,2193,2391
3507,1154159637,448.318,0.411,52.08,-1.983,0.189,0.862,0.557,1.144,386.406,25.438,80.554,3507,3083,2899
3508,1154430672,402.348,0.389,51.496,-2.567,0.211,0.96,0.62,1.274,386.373,25.436,80.547,3508,3307,2403
3509,1077278305,481.749,0.424,54.551,0.488,0.176,0.802,0.518,1.064,386.358,25.435,80.544,3509,967,3126
3510,1151905016,428.448,0.402,53.236,-0.826,0.198,0.901,0.582,1.196,386.191,25.424,80.509,3510,2566,2733
3511,1076669170,507.077,0.433,54.523,0.461,0.167,0.761,0.491,1.01,385.872,25.403,80.443,3511,1010,3247
3512,1152348426,732.747,0.485,53.39,-0.672,0.115,0.526,0.34,0.698,385.313,25.366,80.326,3512,2483,3562
3513,1153969114,528.364,0.44,52.963,-1.1,0.16,0.729,0.471,0.967,385.075,25.351,80.277,3513,2692,3315
3514,1152356067,468.761,0.42,51.551,-2.511,0.18,0.821,0.53,1.09,384.894,25.339,80.239,3514,3290,3062
3515,781849057,449.302,0.412,52.81,-1.253,0.188,0.856,0.553,1.136,384.699,25.326,80.198,3515,2767,2927
3516,1151905010,662.632,0.473,53.008,-1.054,0.127,0.58,0.375,0.77,384.604,25.32,80.178,3516,2679,3525
3517,1036597645,467.081,0.419,53.944,-0.118,0.181,0.823,0.531,1.092,384.28,25.298,80.111,3517,1971,3055
3518,1152851994,536.072,0.443,51.873,-2.189,0.157,0.716,0.462,0.95,383.813,25.267,80.014,3518,3164,3338
3519,1154169294,614.696,0.463,51.243,-2.819,0.137,0.624,0.403,0.828,383.632,25.256,79.976,3519,3382,3482
3520,482166827,808.553,0.496,54.761,0.698,0.104,0.474,0.306,0.629,383.402,25.24,79.928,3520,731,3578
3521,482252851,713.391,0.482,54.012,-0.051,0.118,0.537,0.347,0.713,383.114,25.221,79.868,3521,1875,3556
3522,1026166955,416.974,0.398,54.601,0.539,0.202,0.919,0.593,1.219,383.084,25.219,79.862,3522,897,2652
3523,1152833513,622.023,0.465,53.738,-0.324,0.135,0.615,0.397,0.816,382.55,25.184,79.75,3523,2203,3495
3524,1153953983,588.562,0.457,53.431,-0.632,0.143,0.65,0.42,0.862,382.414,25.175,79.722,3524,2449,3445
3525,1153091662,425.25,0.403,53.486,-0.576,0.197,0.897,0.58,1.191,381.624,25.123,79.557,3525,2412,2746
3526,1164090416,426.465,0.404,53.712,-0.351,0.196,0.894,0.577,1.186,381.21,25.096,79.471,3526,2229,2762
3527,1077375576,574.09,0.454,54.199,0.137,0.146,0.664,0.429,0.881,381.009,25.083,79.429,3527,1583,3428
3528,1150840340,433.434,0.407,53.304,-0.758,0.193,0.878,0.567,1.166,380.699,25.062,79.364,3528,2531,2844
3529,1153121574,508.12,0.436,52.536,-1.527,0.164,0.747,0.482,0.991,379.468,24.981,79.108,3529,2879,3279
3530,1153934739,478.744,0.426,53.259,-0.804,0.174,0.792,0.512,1.051,379.248,24.967,79.062,3530,2557,3162
3531,482166825,696.887,0.481,54.786,0.723,0.119,0.543,0.35,0.72,378.094,24.891,78.821,3531,701,3553
3532,1154169274,475.653,0.426,52.183,-1.88,0.174,0.792,0.512,1.052,376.944,24.815,78.582,3532,3031,3159
3533,1154403439,450.983,0.417,53.325,-0.738,0.183,0.835,0.539,1.109,376.738,24.802,78.539,3533,2520,3019
3534,1076669355,433.838,0.41,53.339,-0.724,0.19,0.868,0.56,1.151,376.434,24.782,78.475,3534,2514,2878
3535,1152857236,509.722,0.438,52.145,-1.918,0.162,0.736,0.476,0.977,375.335,24.709,78.246,3535,3050,3300
3536,1154403446,481.326,0.429,53.312,-0.75,0.171,0.778,0.502,1.032,374.251,24.638,78.02,3536,2526,3206
3537,1153936319,410.251,0.4,52.139,-1.923,0.2,0.912,0.589,1.21,374.011,24.622,77.97,3537,3054,2687
3538,1152851449,486.787,0.432,53.294,-0.768,0.168,0.767,0.496,1.018,373.531,24.591,77.87,3538,2539,3232
3539,1077039086,426.885,0.408,53.941,-0.122,0.192,0.875,0.565,1.161,373.466,24.586,77.857,3539,1977,2854
3540,1077375492,415.486,0.404,54.137,0.074,0.196,0.895,0.578,1.188,372.014,24.491,77.554,3540,1688,2758
3541,1153969138,499.927,0.437,52.82,-1.242,0.163,0.742,0.479,0.985,371.053,24.427,77.354,3541,2764,3290
3542,1153941563,444.924,0.417,52.716,-1.347,0.183,0.833,0.538,1.106,370.712,24.405,77.282,3542,2808,3026
3543,424962982,426.667,0.41,52.091,-1.971,0.19,0.868,0.56,1.152,370.254,24.375,77.187,3543,3075,2877
3544,1076669353,479.327,0.431,53.458,-0.605,0.169,0.771,0.498,1.023,369.378,24.317,77.004,3544,2429,3228
3545,1154416527,461.234,0.425,52.609,-1.453,0.175,0.796,0.514,1.056,367.033,24.163,76.515,3545,2851,3147
3546,1152321557,457.433,0.425,53.733,-0.33,0.175,0.798,0.515,1.059,364.944,24.025,76.08,3546,2210,3139
3547,1152857208,419.96,0.41,53.234,-0.829,0.19,0.866,0.559,1.149,363.664,23.941,75.813,3547,2567,2885
3548,1151907738,468.153,0.43,52.821,-1.241,0.17,0.775,0.5,1.028,362.708,23.878,75.614,3548,2762,3217
3549,1076847198,557.788,0.458,54.622,0.559,0.142,0.649,0.419,0.862,362.12,23.839,75.491,3549,872,3447
3550,1077278328,419.601,0.411,53.558,-0.504,0.189,0.862,0.557,1.144,361.613,23.806,75.386,3550,2359,2900
3551,1153922731,473.104,0.432,52.861,-1.201,0.168,0.764,0.493,1.014,361.474,23.797,75.357,3551,2741,3240
3552,1150373555,526.199,0.449,52.857,-1.206,0.151,0.687,0.443,0.911,361.287,23.784,75.318,3552,2743,3386
3553,1036223153,496.653,0.441,54.092,0.029,0.159,0.725,0.468,0.962,360.185,23.712,75.088,3553,1753,3324
3554,1153922755,468.236,0.431,53.143,-0.92,0.169,0.769,0.497,1.021,360.181,23.712,75.087,3554,2627,3230
3555,1036597506,443.467,0.422,54.414,0.352,0.178,0.811,0.524,1.077,359.765,23.684,75.0,3555,1191,3093
3556,1152833496,421.093,0.415,52.056,-2.007,0.185,0.843,0.544,1.119,354.933,23.366,73.993,3556,3092,2996
3557,1164307588,602.104,0.471,54.08,0.018,0.129,0.589,0.38,0.781,354.499,23.338,73.902,3557,1761,3521
3558,1152828462,434.889,0.422,52.889,-1.174,0.178,0.813,0.525,1.079,353.48,23.271,73.69,3558,2730,3090
3559,1150837166,569.138,0.464,54.127,0.065,0.136,0.62,0.401,0.823,353.035,23.241,73.597,3559,1701,3486
3560,1077375544,415.474,0.414,55.122,1.059,0.186,0.846,0.547,1.123,351.679,23.152,73.315,3560,391,2978
3561,1077375518,576.854,0.466,53.793,-0.269,0.134,0.609,0.393,0.808,351.232,23.123,73.221,3561,2156,3501
3562,1152324672,421.67,0.418,52.366,-1.696,0.182,0.828,0.534,1.098,348.939,22.972,72.743,3562,2961,3042
3563,1076703174,477.943,0.44,52.36,-1.703,0.16,0.728,0.47,0.966,347.982,22.909,72.544,3563,2965,3317
3564,1153934740,613.623,0.477,53.155,-0.908,0.123,0.561,0.362,0.744,343.994,22.646,71.712,3564,2623,3540
3565,1154207953,1669.878,0.555,53.407,-0.655,0.045,0.206,0.133,0.273,343.644,22.623,71.64,3565,2466,3602
3566,1153974562,403.766,0.414,52.055,-2.008,0.186,0.847,0.547,1.124,341.927,22.51,71.282,3566,3094,2973
3567,1153953960,427.685,0.425,53.032,-1.031,0.175,0.796,0.514,1.057,340.588,22.422,71.003,3567,2668,3145
3568,1036597648,538.109,0.461,53.674,-0.389,0.139,0.632,0.408,0.839,340.259,22.4,70.934,3568,2267,3469
3569,1154202211,597.149,0.476,52.653,-1.409,0.124,0.566,0.365,0.751,337.942,22.248,70.451,3569,2835,3537
3570,1152830909,481.563,0.447,53.71,-0.352,0.153,0.699,0.451,0.928,336.638,22.162,70.179,3570,2231,3367
3571,1153121539,475.314,0.446,53.227,-0.835,0.154,0.703,0.454,0.933,334.109,21.995,69.652,3571,2571,3361
3572,1153922734,480.974,0.449,52.918,-1.145,0.151,0.69,0.445,0.915,331.693,21.836,69.148,3572,2712,3382
3573,1152833470,468.745,0.446,52.842,-1.22,0.154,0.703,0.454,0.933,329.577,21.697,68.707,3573,2749,3360
3574,1154159669,453.114,0.441,51.922,-2.14,0.159,0.727,0.469,0.964,329.223,21.674,68.633,3574,3149,3321
3575,1154210635,467.961,0.447,51.731,-2.332,0.153,0.698,0.451,0.927,326.863,21.518,68.141,3575,3213,3370
3576,1154155621,485.89,0.453,52.228,-1.834,0.147,0.67,0.433,0.889,325.645,21.438,67.887,3576,3007,3418
3577,1153922743,521.535,0.463,53.533,-0.53,0.137,0.623,0.403,0.827,325.106,21.403,67.775,3577,2374,3483
3578,1029631473,659.018,0.492,52.965,-1.097,0.108,0.491,0.317,0.651,323.331,21.286,67.405,3578,2690,3575
3579,1036597646,467.811,0.45,54.055,-0.007,0.15,0.686,0.443,0.91,320.714,21.113,66.859,3579,1815,3387
3580,1390448639,496.396,0.458,54.199,0.136,0.142,0.646,0.417,0.857,320.471,21.097,66.809,3580,1585,3453
3581,1151904994,476.342,0.453,52.592,-1.471,0.147,0.67,0.432,0.889,318.993,21.0,66.501,3581,2855,3420
3582,1153121537,588.073,0.483,53.289,-0.774,0.117,0.535,0.346,0.71,314.661,20.715,65.597,3582,2542,3558
3583,1154159665,439.237,0.443,52.035,-2.027,0.157,0.714,0.461,0.947,313.531,20.641,65.362,3583,3104,3344
3584,1152329081,434.244,0.443,54.298,0.236,0.157,0.713,0.461,0.947,309.83,20.397,64.59,3584,1394,3347
3585,1152831314,464.627,0.456,53.227,-0.835,0.144,0.658,0.425,0.873,305.515,20.113,63.691,3585,2571,3435
3586,1154194293,425.277,0.444,53.715,-0.348,0.156,0.713,0.461,0.946,303.259,19.964,63.221,3586,2225,3348
3587,1152838220,413.555,0.441,53.028,-1.034,0.159,0.726,0.469,0.963,300.175,19.761,62.578,3587,2669,3323
3588,1153953988,415.621,0.443,53.819,-0.244,0.157,0.714,0.461,0.947,296.57,19.524,61.826,3588,2126,3346
3589,1036597481,478.103,0.465,54.209,0.147,0.135,0.614,0.397,0.815,293.688,19.334,61.225,3589,1567,3496
3590,1153095768,552.662,0.484,52.895,-1.167,0.116,0.529,0.342,0.702,292.34,19.246,60.944,3590,2725,3560
3591,1154169271,443.582,0.457,52.135,-1.927,0.143,0.654,0.422,0.868,290.052,19.095,60.467,3591,3058,3438
3592,1150837172,700.405,0.511,53.441,-0.621,0.089,0.403,0.261,0.535,282.6,18.604,58.914,3592,2438,3594
3593,1152324680,429.351,0.463,52.402,-1.661,0.137,0.623,0.402,0.827,267.544,17.613,55.775,3593,2946,3484
3594,1153936343,462.433,0.473,52.715,-1.348,0.127,0.577,0.373,0.766,267.002,17.577,55.662,3594,2810,3526
3595,1153118021,469.901,0.475,52.901,-1.162,0.125,0.568,0.367,0.753,266.727,17.559,55.605,3595,2723,3533
3596,1151912228,468.214,0.476,52.902,-1.161,0.124,0.566,0.366,0.751,265.089,17.452,55.263,3596,2721,3536
3597,1077375548,479.273,0.48,54.746,0.683,0.12,0.548,0.354,0.727,262.539,17.284,54.732,3597,746,3549
3598,1154399416,442.859,0.47,53.373,-0.689,0.13,0.591,0.382,0.785,261.863,17.239,54.591,3598,2495,3518
3599,1152826998,408.875,0.475,54.221,0.159,0.125,0.57,0.368,0.757,233.243,15.355,48.624,3599,1540,3529
3600,1076781059,445.696,0.488,53.349,-0.714,0.112,0.51,0.329,0.677,227.348,14.967,47.395,3600,2510,3567
3601,1076669339,466.359,0.5,53.996,-0.067,0.1,0.458,0.296,0.607,213.495,14.055,44.507,3601,1902,3586
3602,1160082425,400.777,0.486,53.606,-0.457,0.114,0.52,0.336,0.69,208.296,13.713,43.423,3602,2328,3565
3603,1036597588,1033.295,0.564,53.667,-0.396,0.036,0.162,0.105,0.215,167.794,11.046,34.98,3603,2276,3603
