{
"type": "FeatureCollection",
"name": "top500_roofs",
"crs": { "type": "name", "properties": { "name": "urn:ogc:def:crs:EPSG::32640" } },
"features": [
{ "type": "Feature", "properties": { "rank": 1, "osm_id": 102820609, "area_m2": 83250.28260469847, "albedo": 0.34584495730516385, "lst_c": 55.082078887195124, "lst_anomaly_c": 1.0195992322472094, "albedo_gap": 0.25415504269483613, "delta_T_est_c": 1.1581860924269605, "delta_T_lo_c": 0.74796223879151036, "delta_T_hi_c": 1.5369231777446828, "cooling_c_m2": 96419.319503375882, "dQ_mean_kW": 6347.5437389262943, "dQ_peak_kW": 20100.555173266595, "rank_benefit": 1, "rank_hottest": 420, "rank_intensity": 1222 }, "geometry": { "type": "Polygon", "coordinates": [ [ [ 248811.581029028107878, 2693271.619097767397761 ], [ 248813.626876927446574, 2693195.502914439886808 ], [ 248818.058188943192363, 2693031.539498070254922 ], [ 248724.267532870377181, 2693029.054479201324284 ], [ 248723.271290083037456, 2693065.466399429365993 ], [ 248721.638713482825551, 2693124.86320515954867 ], [ 248720.951872949546669, 2693150.143019122071564 ], [ 248651.255704176466679, 2693148.64777950104326 ], [ 248649.909449387138011, 2693209.845940545666963 ], [ 248666.371392414905131, 2693209.94040564307943 ], [ 248665.635099191742484, 2693266.052009537350386 ], [ 248648.690866589196958, 2693265.10173126263544 ], [ 248644.897292538080364, 2693437.365807570517063 ], [ 248678.878443261084612, 2693438.222945951856673 ], [ 248675.488101067167008, 2693515.194389536511153 ], [ 248712.196579440118512, 2693515.260461689904332 ], [ 248710.167166077590082, 2693543.25721422675997 ], [ 248708.614780336298281, 2693599.726919986773282 ], [ 248707.326732618210372, 2693646.528173075523227 ], [ 248801.387586725264555, 2693649.018918883055449 ], [ 248806.220094222546322, 2693470.009585678111762 ], [ 248807.994281120976666, 2693404.304463374428451 ], [ 248812.223845454864204, 2693401.757770439144224 ], [ 248817.35939149686601, 2693398.197535881772637 ], [ 248820.933176167309284, 2693395.318977734539658 ], [ 248825.428706556151155, 2693391.171705326531082 ], [ 248829.294481500604888, 2693387.013487942982465 ], [ 248832.780921314406442, 2693382.651465848088264 ], [ 248836.12632236056379, 2693377.782172970008105 ], [ 248838.904846741148503, 2693373.01163658965379 ], [ 248841.500544138019904, 2693367.668079803232104 ], [ 248843.850140523485607, 2693361.619642402045429 ], [ 248844.533568664715858, 2693359.512921641115099 ], [ 248845.489276258682366, 2693356.160137757658958 ], [ 248846.628162306471495, 2693351.119587388820946 ], [ 248847.445657647011103, 2693345.707964725792408 ], [ 248847.840866077545797, 2693341.101786599028856 ], [ 248847.943800078035565, 2693338.329387612175196 ], [ 248847.953116679214872, 2693336.001946580130607 ], [ 248847.719244856445584, 2693330.852860175538808 ], [ 248847.150979913683841, 2693325.742976545356214 ], [ 248846.272372833511326, 2693320.882430295925587 ], [ 248845.372696471138624, 2693317.119403302669525 ], [ 248845.253733563848073, 2693316.71147848945111 ], [ 248843.114680905244313, 2693310.066973855253309 ], [ 248841.309868540527532, 2693305.655133061110973 ], [ 248838.833592216076795, 2693300.601398807950318 ], [ 248835.191494666534709, 2693294.515615324955434 ], [ 248831.97370317907189, 2693290.018120583146811 ], [ 248828.953429794695694, 2693286.348277872428298 ], [ 248824.865205589856487, 2693282.010358206462115 ], [ 248820.582047968782717, 2693278.130284607410431 ], [ 248816.133423699473497, 2693274.652121055871248 ], [ 248811.581029028107878, 2693271.619097767397761 ] ] ] } },
{ "type": "Feature", "properties": { "rank": 2, "osm_id": 1076847252, "area_m2": 64094.940220434743, "albedo": 0.41341204520983571, "lst_c": 56.215100410657051, "lst_anomaly_c": 2.1526207557091368, "albedo_gap": 0.18658795479016427, "delta_T_est_c": 0.85028245735747299, "delta_T_lo_c": 0.54911656647297347, "delta_T_hi_c": 1.1283323335406203, "cooling_c_m2": 54498.803274811587, "dQ_mean_kW": 3587.8031424386277, "dQ_peak_kW": 11361.376617722321, "rank_benefit": 2, "rank_hottest": 63, "rank_intensity": 2956 }, "geometry": { "type": "Polygon", "coordinates": [ [ [ 244608.988860280951485, 2693371.201964795123786 ], [ 244234.110173966852017, 2693360.031738708727062 ], [ 244228.932738192903344, 2693530.853849124163389 ], [ 244603.806926623714389, 2693542.023537364322692 ], [ 244608.988860280951485, 2693371.201964795123786 ] ] ] } },
{ "type": "Feature", "properties": { "rank": 3, "osm_id": 1076847251, "area_m2": 60950.164551566348, "albedo": 0.4052494594029018, "lst_c": 57.262720677759738, "lst_anomaly_c": 3.2002410228118237, "albedo_gap": 0.19475054059709818, "delta_T_est_c": 0.88747941107357031, "delta_T_lo_c": 0.57313854097226657, "delta_T_hi_c": 1.1776930197736675, "cooling_c_m2": 54092.016141061307, "dQ_mean_kW": 3561.0232487698904, "dQ_peak_kW": 11276.573621104653, "rank_benefit": 3, "rank_hottest": 11, "rank_intensity": 2794 }, "geometry": { "type": "Polygon", "coordinates": [ [ [ 244487.457883383583976, 2693307.8609977401793 ], [ 244494.779061159293633, 2693066.282329787500203 ], [ 244242.71061743030441, 2693058.77139352215454 ], [ 244235.383564911462599, 2693300.350757002364844 ], [ 244487.457883383583976, 2693307.8609977401793 ] ] ] } },
{ "type": "Feature", "properties": { "rank": 4, "osm_id": 182379978, "area_m2": 36222.857786161512, "albedo": 0.36766872611097112, "lst_c": 52.29723727318548, "lst_anomaly_c": -1.7652423817624339, "albedo_gap": 0.23233127388902886, "delta_T_est_c": 1.058735043778769, "delta_T_lo_c": 0.68373626553604605, "delta_T_hi_c": 1.4049507574938682, "cooling_c_m2": 38350.408924023832, "dQ_mean_kW": 2524.7108080080097, "dQ_peak_kW": 7994.9175586920301, "rank_benefit": 4, "rank_hottest": 2983, "rank_intensity": 1807 }, "geometry": { "type": "Polygon", "coordinates": [ [ [ 249395.509347238810733, 2697994.469822484068573 ], [ 249391.034686194790993, 2698141.06841880036518 ], [ 249402.555427553335903, 2698171.827165130060166 ], [ 249423.16483484688797, 2698192.538674472365528 ], [ 249470.178630616515875, 2698204.834094745572656 ], [ 249513.752651066926774, 2698186.415404611732811 ], [ 249532.713580728915986, 2698160.145380208734423 ], [ 249537.432128287036903, 2698148.081456446554512 ], [ 249595.69683974669897, 2697999.151670115534216 ], [ 249471.005059575778432, 2697947.344761549029499 ], [ 249481.025390089314897, 2697916.058435222133994 ], [ 249474.722134979208931, 2697913.233834634069353 ], [ 249444.540930171991931, 2697995.768918261863291 ], [ 249395.509347238810733, 2697994.469822484068573 ] ] ] } },
{ "type": "Feature", "properties": { "rank": 5, "osm_id": 1076703126, "area_m2": 41147.307185614285, "albedo": 0.46137843412511487, "lst_c": 55.510608149509807, "lst_anomaly_c": 1.4481284945618924, "albedo_gap": 0.13862156587488511, "delta_T_est_c": 0.63169932811253127, "delta_T_lo_c": 0.40795451334426946, "delta_T_hi_c": 0.83827058975250079, "cooling_c_m2": 25992.726302792475, "dQ_mean_kW": 1711.1712460814292, "dQ_peak_kW": 5418.7089459245253, "rank_benefit": 5, "rank_hottest": 205, "rank_intensity": 3471 }, "geometry": { "type": "Polygon", "coordinates": [ [ [ 247098.292577973072184, 2693455.800608005840331 ], [ 247045.279503898433177, 2693454.258015814702958 ], [ 247044.75377877932624, 2693471.932814335916191 ], [ 247025.287821909587365, 2693471.362208066973835 ], [ 247025.927269793261075, 2693449.839767971541733 ], [ 246918.082531978026964, 2693446.71038179192692 ], [ 246920.274077656096779, 2693372.496388951316476 ], [ 246914.411890697141644, 2693372.324544988572598 ], [ 246918.858482254960109, 2693139.159259804524481 ], [ 246864.628748952236492, 2693138.359409826807678 ], [ 246839.670695008011535, 2693161.659399405587465 ], [ 246835.715182553365594, 2693371.199381086509675 ], [ 246843.140652949921787, 2693371.343125921674073 ], [ 246840.972217221336905, 2693479.058945653960109 ], [ 246872.040476950147422, 2693479.96404326101765 ], [ 246870.840323194017401, 2693520.580524359829724 ], [ 247096.190415815653978, 2693527.120371439028531 ], [ 247098.292577973072184, 2693455.800608005840331 ] ] ] } },
{ "type": "Feature", "properties": { "rank": 6, "osm_id": 410791903, "area_m2": 18984.154858736714, "albedo": 0.36754822731018066, "lst_c": 53.275349934895836, "lst_anomaly_c": -0.7871297200520786, "albedo_gap": 0.23245177268981931, "delta_T_est_c": 1.0592841575549503, "delta_T_lo_c": 0.68409088589633982, "delta_T_hi_c": 1.4056794363265273, "cooling_c_m2": 20109.614486429637, "dQ_mean_kW": 1323.8701349794187, "dQ_peak_kW": 4192.2554274348258, "rank_benefit": 6, "rank_hottest": 2553, "rank_intensity": 1799 }, "geometry": { "type": "Polygon", "coordinates": [ [ [ 246204.283555142465048, 2696612.801581911277026 ], [ 246345.822445161087671, 2696616.047449151985347 ], [ 246349.679061551898485, 2696495.366950478870422 ], [ 246335.000719015806681, 2696480.248812843579799 ], [ 246222.590804750128882, 2696477.198310602921993 ], [ 246211.075693769671489, 2696477.06227083131671 ], [ 246210.891384692688007, 2696479.791894082911313 ], [ 246208.556404203991406, 2696514.156562807038426 ], [ 246204.283555142465048, 2696612.801581911277026 ] ] ] } },
{ "type": "Feature", "properties": { "rank": 7, "osm_id": 89640098, "area_m2": 12088.825779416529, "albedo": 0.28869476318359377, "lst_c": 51.977254231770836, "lst_anomaly_c": -2.0852254231770786, "albedo_gap": 0.31130523681640621, "delta_T_est_c": 1.4186198784706177, "delta_T_lo_c": 0.91615165061390058, "delta_T_hi_c": 1.8825211128740398, "cooling_c_m2": 17149.448558048345, "dQ_mean_kW": 1128.9944316280616, "dQ_peak_kW": 3575.1490334888617, "rank_benefit": 7, "rank_hottest": 3127, "rank_intensity": 308 }, "geometry": { "type": "Polygon", "coordinates": [ [ [ 250156.394516994507285, 2697781.062208108603954 ], [ 250157.551562305015977, 2697721.009287507738918 ], [ 250358.781582713709213, 2697724.819418134633452 ], [ 250357.623684254329419, 2697784.872248208615929 ], [ 250156.394516994507285, 2697781.062208108603954 ] ] ] } },
{ "type": "Feature", "properties": { "rank": 8, "osm_id": 1036249563, "area_m2": 19427.217973575422, "albedo": 0.41184707482655841, "lst_c": 57.285746256510414, "lst_anomaly_c": 3.2232666015625, "albedo_gap": 0.18815292517344157, "delta_T_est_c": 0.85741403701748453, "delta_T_lo_c": 0.55372217547095803, "delta_T_hi_c": 1.1377960027601637, "cooling_c_m2": 16657.169390741936, "dQ_mean_kW": 1096.5863669130827, "dQ_peak_kW": 3472.523495224762, "rank_benefit": 8, "rank_hottest": 10, "rank_intensity": 2922 }, "geometry": { "type": "Polygon", "coordinates": [ [ [ 244410.927965913666412, 2695148.889365421142429 ], [ 244473.310547006432898, 2695150.58399639185518 ], [ 244482.199775643792236, 2694843.45555407460779 ], [ 244417.934829036094015, 2694842.736904610414058 ], [ 244410.927965913666412, 2695148.889365421142429 ] ] ] } },
{ "type": "Feature", "properties": { "rank": 9, "osm_id": 1153928498, "area_m2": 12436.223228874185, "albedo": 0.34197959899902342, "lst_c": 51.80039876302083, "lst_anomaly_c": -2.2620808919270843, "albedo_gap": 0.25802040100097656, "delta_T_est_c": 1.1758005539971532, "delta_T_lo_c": 0.75933774415916722, "delta_T_hi_c": 1.5602977238800046, "cooling_c_m2": 14622.518162142533, "dQ_mean_kW": 962.639791335533, "dQ_peak_kW": 3048.3593392291878, "rank_benefit": 9, "rank_hottest": 3191, "rank_intensity": 1129 }, "geometry": { "type": "Polygon", "coordinates": [ [ [ 250292.258369926159503, 2695759.442113894969225 ], [ 250303.470597262203228, 2695754.511269455775619 ], [ 250315.953916404454503, 2695759.432123980019242 ], [ 250341.973076273483457, 2695737.582353493198752 ], [ 250347.86511544501991, 2695739.505966272205114 ], [ 250358.296458049706416, 2695728.892771689686924 ], [ 250355.872089050273644, 2695722.707555361092091 ], [ 250372.460112279630266, 2695706.034139182418585 ], [ 250367.787041599716758, 2695695.5556411142461 ], [ 250371.937505633453839, 2695682.272142444271594 ], [ 250353.447154390771175, 2695662.640824563335627 ], [ 250359.459728614514461, 2695648.448830973822623 ], [ 250347.93561212127679, 2695635.786656541749835 ], [ 250335.259660795389209, 2695642.915501061826944 ], [ 250317.572355217358563, 2695626.783037598710507 ], [ 250306.737443482037634, 2695631.241719586309046 ], [ 250293.444423548935447, 2695626.468200636096299 ], [ 250278.831579796096776, 2695639.449574700091034 ], [ 250267.444269029045245, 2695634.509311447385699 ], [ 250256.717272848793073, 2695643.908773355185986 ], [ 250260.919700957136229, 2695658.185693680308759 ], [ 250239.102816474682186, 2695679.418074424378574 ], [ 250243.117596407100791, 2695691.127251704223454 ], [ 250237.903283347084653, 2695703.95312991598621 ], [ 250255.653461208916269, 2695721.912939937785268 ], [ 250254.917795986926649, 2695726.802142647560686 ], [ 250264.078614061756525, 2695736.724514567293227 ], [ 250269.730561795178801, 2695736.55782032944262 ], [ 250292.258369926159503, 2695759.442113894969225 ] ] ] } },
{ "type": "Feature", "properties": { "rank": 10, "osm_id": 288263714, "area_m2": 21581.137184804422, "albedo": 0.45167097753408003, "lst_c": 55.964823820153065, "lst_anomaly_c": 1.9023441652051503, "albedo_gap": 0.14832902246591995, "delta_T_est_c": 0.67593626749159563, "delta_T_lo_c": 0.43652294499061645, "delta_T_hi_c": 0.89697339916173924, "cooling_c_m2": 14587.473316920783, "dQ_mean_kW": 960.33269469748655, "dQ_peak_kW": 3041.0535332087079, "rank_benefit": 10, "rank_hottest": 104, "rank_intensity": 3409 }, "geometry": { "type": "Polygon", "coordinates": [ [ [ 248092.523761233023833, 2697192.959335505962372 ], [ 248104.828919558232883, 2697210.060916326008737 ], [ 248147.298848336155061, 2697211.528624906204641 ], [ 248146.465402644535061, 2697235.304152008611709 ], [ 248316.690444370353362, 2697241.214370226487517 ], [ 248320.088376555824652, 2697145.091704441700131 ], [ 248151.009940971911419, 2697139.216224010568112 ], [ 248151.819077973952517, 2697116.349891225341707 ], [ 248095.300174468371551, 2697114.379907683935016 ], [ 248092.523761233023833, 2697192.959335505962372 ] ] ] } },
{ "type": "Feature", "properties": { "rank": 11, "osm_id": 454798761, "area_m2": 11618.667057620007, "albedo": 0.3391416072845459, "lst_c": 56.128421783447266, "lst_anomaly_c": 2.0659421284993513, "albedo_gap": 0.26085839271545408, "delta_T_est_c": 1.1887332996915891, "delta_T_lo_c": 0.76768977453371734, "delta_T_hi_c": 1.5774595916831355, "cooling_c_m2": 13811.496429422597, "dQ_mean_kW": 909.24804424402475, "dQ_peak_kW": 2879.2854734394118, "rank_benefit": 11, "rank_hottest": 76, "rank_intensity": 1060 }, "geometry": { "type": "Polygon", "coordinates": [ [ [ 247643.319534658774501, 2694894.889643898233771 ], [ 247643.910970302240457, 2694867.250667682848871 ], [ 247917.758954031975009, 2694873.719737810082734 ], [ 248048.222488363360753, 2694876.80578469671309 ], [ 248047.668892424553633, 2694906.605042822193354 ], [ 247643.319534658774501, 2694894.889643898233771 ] ] ] } },
{ "type": "Feature", "properties": { "rank": 12, "osm_id": 410791892, "area_m2": 14159.153876287031, "albedo": 0.39180604149313536, "lst_c": 53.355928308823529, "lst_anomaly_c": -0.7065513461243853, "albedo_gap": 0.20819395850686462, "delta_T_est_c": 0.948741149155509, "delta_T_lo_c": 0.61270167082474802, "delta_T_hi_c": 1.2589878874833602, "cooling_c_m2": 13433.371919658239, "dQ_mean_kW": 884.35508838360408, "dQ_peak_kW": 2800.4577798814125, "rank_benefit": 12, "rank_hottest": 2504, "rank_intensity": 2480 }, "geometry": { "type": "Polygon", "coordinates": [ [ [ 246185.711912549450062, 2696772.569627194665372 ], [ 246304.48933599924203, 2696775.305375041905791 ], [ 246306.512000679998891, 2696715.71145311743021 ], [ 246306.830075439240318, 2696706.318825850728899 ], [ 246307.09983375921729, 2696697.625268158037215 ], [ 246307.261398249829654, 2696693.632649295963347 ], [ 246295.914179227314889, 2696692.662345068529248 ], [ 246296.924487902462715, 2696656.891923380084336 ], [ 246296.97234366714838, 2696655.040279897861183 ], [ 246219.511913027032278, 2696653.366242546588182 ], [ 246214.752260028995806, 2696646.137555114459246 ], [ 246205.966116335068364, 2696642.505683834664524 ], [ 246192.07750734424917, 2696642.478947794064879 ], [ 246186.011337955278577, 2696652.883960167411715 ], [ 246188.676672690198757, 2696665.015620185062289 ], [ 246188.475942860532086, 2696669.086527453269809 ], [ 246185.711912549450062, 2696772.569627194665372 ] ] ] } },
{ "type": "Feature", "properties": { "rank": 13, "osm_id": 455122054, "area_m2": 9920.8863466880866, "albedo": 0.33238971710205079, "lst_c": 53.298159179687502, "lst_anomaly_c": -0.76432047526041202, "albedo_gap": 0.26761028289794919, "delta_T_est_c": 1.2195017047723782, "delta_T_lo_c": 0.7875601609066416, "delta_T_hi_c": 1.6182895370780153, "cooling_c_m2": 12098.537812639133, "dQ_mean_kW": 796.4793605506801, "dQ_peak_kW": 2522.1846417438205, "rank_benefit": 13, "rank_hottest": 2535, "rank_intensity": 910 }, "geometry": { "type": "Polygon", "coordinates": [ [ [ 248830.671659335726872, 2694502.652426806278527 ], [ 248893.755486368609127, 2694502.680892553180456 ], [ 248899.614133978204336, 2694502.687334335874766 ], [ 248899.567337081127334, 2694506.899432650301605 ], [ 248899.557892752927728, 2694507.509126050397754 ], [ 248899.452108409750508, 2694509.550149389542639 ], [ 248899.87957804519101, 2694512.457171803805977 ], [ 248901.355365745053859, 2694514.935472825076431 ], [ 248903.342808147310279, 2694517.637385977432132 ], [ 248905.064933167799609, 2694519.124976015649736 ], [ 248907.610605745110661, 2694520.675469866488129 ], [ 248910.415135154995369, 2694521.368017254397273 ], [ 248913.555297078972217, 2694521.52263653697446 ], [ 248915.723097649257397, 2694521.24020620342344 ], [ 248918.574006561451824, 2694520.546644659247249 ], [ 248920.733997024304699, 2694519.255867357365787 ], [ 248922.542960009217495, 2694517.638875721488148 ], [ 248923.933791427290998, 2694515.918510526418686 ], [ 248925.597973920201184, 2694513.583750841673464 ], [ 248926.224354918987956, 2694510.558213854208589 ], [ 248926.451240860798862, 2694507.905508739408106 ], [ 248927.775482804252533, 2694420.941492294427007 ], [ 248924.931827933731256, 2694420.903490563854575 ], [ 248925.205169835186098, 2694403.189151096623391 ], [ 248831.879055823548697, 2694403.466668155509979 ], [ 248830.671659335726872, 2694502.652426806278527 ] ] ] } },
{ "type": "Feature", "properties": { "rank": 14, "osm_id": 1153128539, "area_m2": 12369.52297186796, "albedo": 0.3936571545071072, "lst_c": 50.186516655815971, "lst_anomaly_c": -3.8759629991319429, "albedo_gap": 0.20634284549289278, "delta_T_est_c": 0.94030561576785576, "delta_T_lo_c": 0.60725396213675276, "delta_T_hi_c": 1.2477938601462197, "cooling_c_m2": 11631.131914816939, "dQ_mean_kW": 765.70877022148159, "dQ_peak_kW": 2424.7444390346914, "rank_benefit": 14, "rank_hottest": 3554, "rank_intensity": 2532 }, "geometry": { "type": "Polygon", "coordinates": [ [ [ 251453.682029761868762, 2696652.453614937141538 ], [ 251488.301742349693086, 2696653.172428965568542 ], [ 251488.567928879056126, 2696640.644964861217886 ], [ 251553.460885521082673, 2696641.993311448022723 ], [ 251553.220184195437469, 2696653.666997858323157 ], [ 251581.442011421720963, 2696654.255120255518705 ], [ 251582.141997389844619, 2696621.42871362529695 ], [ 251589.301589281531051, 2696621.579459005501121 ], [ 251589.904127879155567, 2696593.010295937303454 ], [ 251582.693778862158069, 2696592.860444188583642 ], [ 251583.377399944962235, 2696560.255971295293421 ], [ 251436.062555861542933, 2696557.20370258949697 ], [ 251435.873364153812872, 2696566.039473528042436 ], [ 251451.360489485407015, 2696566.364539035130292 ], [ 251450.890129986568354, 2696588.603525979444385 ], [ 251433.788431340944953, 2696588.251553623005748 ], [ 251433.173927982104942, 2696617.275333242956549 ], [ 251454.419125056010671, 2696617.720395566895604 ], [ 251453.682029761868762, 2696652.453614937141538 ] ] ] } },
{ "type": "Feature", "properties": { "rank": 15, "osm_id": 1077443393, "area_m2": 9064.3633588540852, "albedo": 0.3197794868832543, "lst_c": 54.72750999813988, "lst_anomaly_c": 0.6650303431919653, "albedo_gap": 0.28022051311674567, "delta_T_est_c": 1.2769666014230754, "delta_T_lo_c": 0.82467127200685442, "delta_T_hi_c": 1.6945459626616517, "cooling_c_m2": 11574.889272419754, "dQ_mean_kW": 762.00616544841603, "dQ_peak_kW": 2413.0195239199843, "rank_benefit": 15, "rank_hottest": 767, "rank_intensity": 683 }, "geometry": { "type": "Polygon", "coordinates": [ [ [ 245865.324110860121436, 2693838.283996618818492 ], [ 245865.025962780113332, 2693848.219306641258299 ], [ 245862.943235334154451, 2693848.157108423765749 ], [ 245862.822266416624188, 2693852.14899541111663 ], [ 245864.904993277858011, 2693852.211193559225649 ], [ 245864.614201860793401, 2693861.991215974092484 ], [ 245877.222212911845418, 2693862.362397520337254 ], [ 245877.096881208359264, 2693866.67575566843152 ], [ 245870.737048071692698, 2693866.491170120425522 ], [ 245870.468683784769382, 2693875.262278847396374 ], [ 245866.648765627876855, 2693875.153818144928664 ], [ 245866.09517302425229, 2693893.449951898306608 ], [ 245868.238798822974786, 2693893.511052080895752 ], [ 245867.702314044930972, 2693911.629557385575026 ], [ 245865.558690975944046, 2693911.568457525223494 ], [ 245865.001746798865497, 2693930.241458555683494 ], [ 245868.953610809112433, 2693930.347538669127971 ], [ 245868.713674200465903, 2693938.442102335393429 ], [ 245874.951465713063953, 2693938.617801011074334 ], [ 245874.819182909850497, 2693943.108605350833386 ], [ 245862.201092582981801, 2693942.737615271937102 ], [ 245861.899597943149274, 2693953.049793183803558 ], [ 245860.060704832692863, 2693952.994283819571137 ], [ 245859.965764445863897, 2693956.176678420510143 ], [ 245861.804657145607052, 2693956.232187735382468 ], [ 245861.49837087126798, 2693966.278471817728132 ], [ 245874.177544794918504, 2693966.659440424758941 ], [ 245874.120339270797558, 2693968.555582291912287 ], [ 245924.887164140498498, 2693970.045417742338032 ], [ 245924.93066419736715, 2693968.515246782917529 ], [ 245935.882597282761708, 2693968.838740676641464 ], [ 245936.19209845495061, 2693958.404517898336053 ], [ 245938.681239314260893, 2693958.481565741356462 ], [ 245938.768642153823748, 2693955.443382053636014 ], [ 245936.289851226261817, 2693955.377230121288449 ], [ 245936.586440270155435, 2693945.353293279185891 ], [ 245925.014691017539008, 2693945.0077202944085 ], [ 245925.144793219864368, 2693940.39504975778982 ], [ 245930.691926277067978, 2693940.561055542435497 ], [ 245930.951568409713218, 2693931.867685831151903 ], [ 245936.986342849035282, 2693932.047070967964828 ], [ 245938.643559957679827, 2693876.382994260173291 ], [ 245932.527555086184293, 2693876.205069831572473 ], [ 245932.779050243319944, 2693867.622673083562404 ], [ 245927.170983592834091, 2693867.457761612720788 ], [ 245927.291370970575372, 2693863.432639959268272 ], [ 245939.015449496364454, 2693863.775476687122136 ], [ 245939.315045361261582, 2693853.917725010309368 ], [ 245941.570335196360247, 2693853.976824583020061 ], [ 245941.656943496200256, 2693850.894325742032379 ], [ 245939.40165317163337, 2693850.835226112045348 ], [ 245939.712368346750736, 2693840.467478779610246 ], [ 245865.324110860121436, 2693838.283996618818492 ] ] ] } },
{ "type": "Feature", "properties": { "rank": 16, "osm_id": 1036597431, "area_m2": 21122.123508315512, "albedo": 0.47980162075587679, "lst_c": 55.96828351702009, "lst_anomaly_c": 1.905803862072176, "albedo_gap": 0.12019837924412319, "delta_T_est_c": 0.54774475334710093, "delta_T_lo_c": 0.35373623865686155, "delta_T_hi_c": 0.72686212726241428, "cooling_c_m2": 11569.532331229282, "dQ_mean_kW": 761.6535035681153, "dQ_peak_kW": 2411.9027612990317, "rank_benefit": 16, "rank_hottest": 101, "rank_intensity": 3550 }, "geometry": { "type": "Polygon", "coordinates": [ [ [ 244358.395917787129292, 2697152.570819220505655 ], [ 244440.972226778278127, 2697154.274505846202374 ], [ 244446.361562648293329, 2696898.598928573541343 ], [ 244363.783764575782698, 2696896.895078108645976 ], [ 244358.395917787129292, 2697152.570819220505655 ] ] ] } },
{ "type": "Feature", "properties": { "rank": 17, "osm_id": 1076847257, "area_m2": 12627.598881799062, "albedo": 0.41501700878143311, "lst_c": 51.234195709228516, "lst_anomaly_c": -2.8282839457193987, "albedo_gap": 0.18498299121856687, "delta_T_est_c": 0.8429686284923581, "delta_T_lo_c": 0.54439326004764244, "delta_T_hi_c": 1.1186268180156513, "cooling_c_m2": 10644.66971054179, "dQ_mean_kW": 700.76730391902618, "dQ_peak_kW": 2219.0964624102498, "rank_benefit": 17, "rank_hottest": 3384, "rank_intensity": 2995 }, "geometry": { "type": "Polygon", "coordinates": [ [ [ 245315.607611961371731, 2693979.466025638394058 ], [ 245232.471567055821652, 2693976.989598665386438 ], [ 245227.86256090021925, 2694128.737914589233696 ], [ 245310.997919616056606, 2694131.225314763840288 ], [ 245315.607611961371731, 2693979.466025638394058 ] ] ] } },
{ "type": "Feature", "properties": { "rank": 18, "osm_id": 1077127015, "area_m2": 11880.983291853863, "albedo": 0.40450668334960938, "lst_c": 57.367624590473788, "lst_anomaly_c": 3.305144935525874, "albedo_gap": 0.1954933166503906, "delta_T_est_c": 0.89086424611595028, "delta_T_lo_c": 0.57532448398504554, "delta_T_hi_c": 1.1821847257814431, "cooling_c_m2": 10584.343223413593, "dQ_mean_kW": 696.79584863771629, "dQ_peak_kW": 2206.5201873527681, "rank_benefit": 18, "rank_hottest": 5, "rank_intensity": 2775 }, "geometry": { "type": "Polygon", "coordinates": [ [ [ 248140.354941478202818, 2696998.150879506487399 ], [ 248138.953460708435159, 2697064.51504737790674 ], [ 248317.901997346460121, 2697068.219203385990113 ], [ 248319.304315814806614, 2697001.855126593727618 ], [ 248140.354941478202818, 2696998.150879506487399 ] ] ] } },
{ "type": "Feature", "properties": { "rank": 19, "osm_id": 1077127014, "area_m2": 11762.898804010318, "albedo": 0.40509577150698062, "lst_c": 56.042444299768519, "lst_anomaly_c": 1.9799646448206047, "albedo_gap": 0.19490422849301936, "delta_T_est_c": 0.88817976776035068, "delta_T_lo_c": 0.57359083474338157, "delta_T_hi_c": 1.1786223992849909, "cooling_c_m2": 10447.568727934391, "dQ_mean_kW": 687.79161487112731, "dQ_peak_kW": 2178.0067804252367, "rank_benefit": 19, "rank_hottest": 89, "rank_intensity": 2792 }, "geometry": { "type": "Polygon", "coordinates": [ [ [ 248138.114624129928416, 2696903.55856555653736 ], [ 248136.424612554110354, 2696969.118873646017164 ], [ 248315.734262190555455, 2696973.647846272215247 ], [ 248317.414953380241059, 2696908.087813559453934 ], [ 248138.114624129928416, 2696903.55856555653736 ] ] ] } },
{ "type": "Feature", "properties": { "rank": 20, "osm_id": 1076847386, "area_m2": 8242.0795648807616, "albedo": 0.32842291318453276, "lst_c": 56.61558180588942, "lst_anomaly_c": 2.5531021509415055, "albedo_gap": 0.27157708681546722, "delta_T_est_c": 1.2375784546174347, "delta_T_lo_c": 0.79923421430150665, "delta_T_hi_c": 1.6422775438386057, "cooling_c_m2": 10200.220090739071, "dQ_mean_kW": 671.50798725948334, "dQ_peak_kW": 2126.4419596550301, "rank_benefit": 20, "rank_hottest": 34, "rank_intensity": 823 }, "geometry": { "type": "Polygon", "coordinates": [ [ [ 247967.798334473045543, 2693981.914486062247306 ], [ 247960.358365353662521, 2694258.064441590569913 ], [ 247990.183654998516431, 2694258.849963509943336 ], [ 247997.624401504406705, 2693982.711153315845877 ], [ 247967.798334473045543, 2693981.914486062247306 ] ] ] } },
{ "type": "Feature", "properties": { "rank": 21, "osm_id": 1076703112, "area_m2": 23238.868936635728, "albedo": 0.50415381069841059, "lst_c": 55.906527815193968, "lst_anomaly_c": 1.8440481602460537, "albedo_gap": 0.095846189301589391, "delta_T_est_c": 0.43677167403091627, "delta_T_lo_c": 0.28206928168538864, "delta_T_hi_c": 0.57959987051285899, "cooling_c_m2": 10150.079688039446, "dQ_mean_kW": 668.20710937668412, "dQ_peak_kW": 2115.9891796928327, "rank_benefit": 21, "rank_hottest": 119, "rank_intensity": 3589 }, "geometry": { "type": "Polygon", "coordinates": [ [ [ 248139.647427621268434, 2693599.661295994650573 ], [ 248137.303774673957378, 2693675.938478656113148 ], [ 248441.684182125376537, 2693685.132892404682934 ], [ 248444.029466047242749, 2693608.855903209652752 ], [ 248139.647427621268434, 2693599.661295994650573 ] ] ] } },
{ "type": "Feature", "properties": { "rank": 22, "osm_id": 454798768, "area_m2": 9827.0227664554932, "albedo": 0.37782066345214843, "lst_c": 56.224443359375002, "lst_anomaly_c": 2.1619637044270874, "albedo_gap": 0.22217933654785155, "delta_T_est_c": 1.0124726028880757, "delta_T_lo_c": 0.65385975511443173, "delta_T_hi_c": 1.3435600896824829, "cooling_c_m2": 9949.5913189935727, "dQ_mean_kW": 655.00841954751434, "dQ_peak_kW": 2074.1933285671284, "rank_benefit": 22, "rank_hottest": 60, "rank_intensity": 2110 }, "geometry": { "type": "Polygon", "coordinates": [ [ [ 247640.366627038485603, 2695041.252186973579228 ], [ 247640.490945147321327, 2695035.154647575225681 ], [ 247640.849157873250078, 2695017.172600590158254 ], [ 248045.046049693570239, 2695027.937205185648054 ], [ 248044.327160514803836, 2695052.464225897099823 ], [ 247640.366627038485603, 2695041.252186973579228 ] ] ] } },
{ "type": "Feature", "properties": { "rank": 23, "osm_id": 1077428187, "area_m2": 10572.566681792012, "albedo": 0.39407342274983725, "lst_c": 56.550610351562497, "lst_anomaly_c": 2.4881306966145829, "albedo_gap": 0.20592657725016272, "delta_T_est_c": 0.93840867882599133, "delta_T_lo_c": 0.60602891098896172, "delta_T_hi_c": 1.245276608064076, "cooling_c_m2": 9921.3883316601368, "dQ_mean_kW": 653.15174085916169, "dQ_peak_kW": 2068.3138460540122, "rank_benefit": 23, "rank_hottest": 36, "rank_intensity": 2540 }, "geometry": { "type": "Polygon", "coordinates": [ [ [ 248117.610895048041129, 2693426.184361201245338 ], [ 248207.120985839312198, 2693427.899274744559079 ], [ 248221.936460519413231, 2693424.509503836277872 ], [ 248265.656067185482243, 2693398.084431602153927 ], [ 248266.388722490490181, 2693361.200502859428525 ], [ 248263.0366915196646, 2693361.138440627139062 ], [ 248263.225441615999443, 2693351.803765100892633 ], [ 248119.136882052058354, 2693349.035213766619563 ], [ 248117.610895048041129, 2693426.184361201245338 ] ] ] } },
{ "type": "Feature", "properties": { "rank": 24, "osm_id": 1076847204, "area_m2": 7631.0055694948842, "albedo": 0.31773917815264535, "lst_c": 54.295122931985297, "lst_anomaly_c": 0.23264327703738275, "albedo_gap": 0.28226082184735463, "delta_T_est_c": 1.2862643008548584, "delta_T_lo_c": 0.83067577173973783, "delta_T_hi_c": 1.7068840919569768, "cooling_c_m2": 9815.4900436658681, "dQ_mean_kW": 646.18017107020989, "dQ_peak_kW": 2046.2372083889982, "rank_benefit": 24, "rank_hottest": 1399, "rank_intensity": 653 }, "geometry": { "type": "Polygon", "coordinates": [ [ [ 245812.131814809836214, 2694174.777462411671877 ], [ 245811.770292791537941, 2694194.145155839156359 ], [ 245806.234402176574804, 2694194.034417001530528 ], [ 245806.361140839755535, 2694187.548853032756597 ], [ 245798.418147660588147, 2694187.403947301674634 ], [ 245798.502837747859303, 2694183.09131668554619 ], [ 245780.839283394219819, 2694182.767081090714782 ], [ 245780.793284147279337, 2694185.283644840121269 ], [ 245761.31156590723549, 2694184.925729436799884 ], [ 245761.357361875590868, 2694182.39808639138937 ], [ 245743.3687803610228, 2694182.068677210249007 ], [ 245743.294257674104301, 2694186.381126545369625 ], [ 245735.158197349781403, 2694186.228656169492751 ], [ 245735.031491235597059, 2694192.71422365680337 ], [ 245730.064431706094183, 2694192.615418846253306 ], [ 245730.407822308654431, 2694174.500364783219993 ], [ 245707.360802902519936, 2694174.073844741098583 ], [ 245707.017441729200073, 2694192.188901968300343 ], [ 245705.128223417385016, 2694192.156488939654082 ], [ 245704.063050012744498, 2694247.931945030577481 ], [ 245706.653251920448383, 2694247.984958451241255 ], [ 245706.300397330778651, 2694266.698646010365337 ], [ 245729.347465972386999, 2694267.13622993696481 ], [ 245729.708103313168976, 2694248.289415384177119 ], [ 245734.664992724516196, 2694248.388401449192315 ], [ 245734.54844155831961, 2694254.873786374926567 ], [ 245742.146081360202515, 2694255.01379930973053 ], [ 245742.081071755033918, 2694258.727620732039213 ], [ 245797.346988550707465, 2694259.758927973918617 ], [ 245797.412012626504293, 2694256.045108085032552 ], [ 245806.086209268600214, 2694256.198987848591059 ], [ 245806.213143530185334, 2694249.724502278026193 ], [ 245810.529942361463327, 2694249.801810465753078 ], [ 245810.580301923706429, 2694246.963775204028934 ], [ 245806.263502228539437, 2694246.886466923635453 ], [ 245806.386241533589782, 2694240.179324014578015 ], [ 245798.300969695730601, 2694240.025904760230333 ], [ 245798.387255814857781, 2694235.801905250176787 ], [ 245786.584462231199723, 2694235.582544906530529 ], [ 245786.620550032588653, 2694233.642451389227062 ], [ 245754.198433008481516, 2694233.041389624588192 ], [ 245754.162149808398681, 2694234.970404688734561 ], [ 245742.42025454423856, 2694234.749982628505677 ], [ 245742.344335533736739, 2694238.9848797833547 ], [ 245733.517664543207502, 2694238.822705850470811 ], [ 245733.394759841350606, 2694245.518773511517793 ], [ 245729.758446704305243, 2694245.451378403231502 ], [ 245729.885946311551379, 2694239.010125931352377 ], [ 245727.326195119589102, 2694238.956558781210333 ], [ 245728.028618857380934, 2694201.906058159191161 ], [ 245730.507171679084422, 2694201.961090860888362 ], [ 245730.628520843049046, 2694195.741600465029478 ], [ 245735.128250312438468, 2694195.82667013630271 ], [ 245735.021404905477539, 2694201.724505191668868 ], [ 245742.883189455140382, 2694201.870839346200228 ], [ 245742.785210303147323, 2694206.571600577794015 ], [ 245798.183488322189078, 2694207.611627745907754 ], [ 245798.271135402319487, 2694202.899972653482109 ], [ 245806.295524694462074, 2694203.054492061492056 ], [ 245806.412550365523202, 2694197.15647711744532 ], [ 245811.704624847043306, 2694197.260530081111938 ], [ 245811.577884379425086, 2694203.746093866415322 ], [ 245813.70076354109915, 2694203.785389889962971 ], [ 245813.002273123478517, 2694240.503315684851259 ], [ 245810.879399456345709, 2694240.464020252227783 ], [ 245810.370733020594344, 2694267.436983497347683 ], [ 245833.590338931244332, 2694267.871625436469913 ], [ 245833.941002189181745, 2694249.5902169928886 ], [ 245835.728704791225027, 2694249.624476879369467 ], [ 245836.800551600026665, 2694193.627315083052963 ], [ 245835.012841942312662, 2694193.593054436147213 ], [ 245835.361723021807848, 2694175.211937630549073 ], [ 245812.131814809836214, 2694174.777462411671877 ] ] ] } },
{ "type": "Feature", "properties": { "rank": 25, "osm_id": 1076847205, "area_m2": 7630.8042215546675, "albedo": 0.32223650988410502, "lst_c": 53.609087775735297, "lst_anomaly_c": -0.45339187921261725, "albedo_gap": 0.27776349011589496, "delta_T_est_c": 1.2657699324993144, "delta_T_lo_c": 0.81744040849538302, "delta_T_hi_c": 1.679687884072224, "cooling_c_m2": 9658.8425444327349, "dQ_mean_kW": 635.86764389103882, "dQ_peak_kW": 2013.5808723216228, "rank_benefit": 25, "rank_hottest": 2325, "rank_intensity": 711 }, "geometry": { "type": "Polygon", "coordinates": [ [ [ 246138.796481061144732, 2694182.810218858998269 ], [ 246138.424362839723472, 2694202.178047362249345 ], [ 246132.898642189247767, 2694202.066998059861362 ], [ 246133.015379440708784, 2694195.581633021123707 ], [ 246125.082564324518899, 2694195.43636128725484 ], [ 246125.157203007256612, 2694191.123924217186868 ], [ 246107.493709751608549, 2694190.799281265586615 ], [ 246107.447652603645111, 2694193.315838834736496 ], [ 246087.966001761174994, 2694192.957474145572633 ], [ 246088.011855885328259, 2694190.429837298113853 ], [ 246070.033487199136289, 2694190.099830405320972 ], [ 246069.948714662052225, 2694194.412452106364071 ], [ 246061.812682554940693, 2694194.259794102981687 ], [ 246061.685827247536508, 2694200.745345471426845 ], [ 246056.718785076693166, 2694200.646426126360893 ], [ 246057.062592426809715, 2694182.531416843179613 ], [ 246034.025803460128373, 2694182.104182415641844 ], [ 246033.671874912048224, 2694200.219377744942904 ], [ 246031.782663085323293, 2694200.186921142507344 ], [ 246030.726357113948325, 2694255.962056272663176 ], [ 246033.306399360182695, 2694256.015312310773879 ], [ 246032.953114234929672, 2694274.728953649755567 ], [ 246056.000102807855001, 2694275.167069073300809 ], [ 246056.361173731129384, 2694256.320301186293364 ], [ 246061.328196382237365, 2694256.419218684546649 ], [ 246061.201345421199221, 2694262.904770595021546 ], [ 246068.809109492984135, 2694263.044775885995477 ], [ 246068.733863864472369, 2694266.758771117776632 ], [ 246123.999589097162243, 2694267.791352898813784 ], [ 246124.064698631031206, 2694264.077542064711452 ], [ 246132.7390649302979, 2694264.242700794246048 ], [ 246132.865948593796929, 2694257.757152414880693 ], [ 246137.182732538494747, 2694257.83456016285345 ], [ 246137.243307972094044, 2694254.996349020395428 ], [ 246132.91637259547133, 2694254.919123994652182 ], [ 246133.049416791822296, 2694248.211814742535353 ], [ 246124.954022462887224, 2694248.058391849510372 ], [ 246125.040405740175629, 2694243.834402923472226 ], [ 246113.23765304472181, 2694243.614770383574069 ], [ 246113.27378548195702, 2694241.674681645818055 ], [ 246080.861931329360232, 2694241.07268930785358 ], [ 246080.825603748002322, 2694243.001699611078948 ], [ 246069.073598635353846, 2694242.781189618632197 ], [ 246068.997582184179919, 2694247.016076406463981 ], [ 246060.170941732358187, 2694246.853698909282684 ], [ 246060.047882968123304, 2694253.549750110600144 ], [ 246056.411582425032975, 2694253.482271141838282 ], [ 246056.539230203838088, 2694247.04103471711278 ], [ 246053.979488019598648, 2694246.987408546730876 ], [ 246054.692914742976427, 2694209.93681664345786 ], [ 246057.171458769211313, 2694209.991906488779932 ], [ 246057.282800401706481, 2694203.772614415269345 ], [ 246061.79266485653352, 2694203.857604989781976 ], [ 246061.67553314100951, 2694209.755608445964754 ], [ 246069.537290447566193, 2694209.902123906183988 ], [ 246069.449353778618388, 2694214.60269045131281 ], [ 246124.847439629025757, 2694215.643995217047632 ], [ 246124.93519511303748, 2694210.932351731229573 ], [ 246132.959556482557673, 2694211.087056189309806 ], [ 246133.066567227273481, 2694205.189238756429404 ], [ 246138.358623243868351, 2694205.293413751758635 ], [ 246138.241884181392379, 2694211.778778611216694 ], [ 246140.354605394386454, 2694211.81830640276894 ], [ 246139.655270253715571, 2694248.536141400691122 ], [ 246137.542554508254398, 2694248.496614195872098 ], [ 246137.023116947704693, 2694275.469693657476455 ], [ 246160.252792903367663, 2694275.904688285663724 ], [ 246160.603876749286428, 2694257.623325114138424 ], [ 246162.381422570295399, 2694257.657809024676681 ], [ 246163.454557615506928, 2694201.66078584222123 ], [ 246161.66685417413828, 2694201.626483970321715 ], [ 246162.016158121754415, 2694183.245412597432733 ], [ 246138.796481061144732, 2694182.810218858998269 ] ] ] } },
{ "type": "Feature", "properties": { "rank": 26, "osm_id": 1036021030, "area_m2": 12101.99289328856, "albedo": 0.42959553854806082, "lst_c": 55.456861223493306, "lst_anomaly_c": 1.3943815685453913, "albedo_gap": 0.17040446145193916, "delta_T_est_c": 0.77653417869859942, "delta_T_lo_c": 0.50148956769152342, "delta_T_hi_c": 1.0304677161611431, "cooling_c_m2": 9397.6111120061178, "dQ_mean_kW": 618.67007444280955, "dQ_peak_kW": 1959.1219024022305, "rank_benefit": 26, "rank_hottest": 225, "rank_intensity": 3211 }, "geometry": { "type": "Polygon", "coordinates": [ [ [ 246179.781969827134162, 2697046.193509560078382 ], [ 246178.939382246579044, 2697074.912474245764315 ], [ 246330.367226843198296, 2697076.782503609079868 ], [ 246334.659464853524696, 2696952.148672764189541 ], [ 246253.752120418997947, 2696950.082339018583298 ], [ 246250.621462584764231, 2697048.440814972855151 ], [ 246179.781969827134162, 2697046.193509560078382 ] ] ] } },
{ "type": "Feature", "properties": { "rank": 27, "osm_id": 1076703090, "area_m2": 7322.7415647763464, "albedo": 0.32154407955351327, "lst_c": 51.947649274553569, "lst_anomaly_c": -2.1148303803943449, "albedo_gap": 0.2784559204464867, "delta_T_est_c": 1.268925341773758, "delta_T_lo_c": 0.81947818722597621, "delta_T_hi_c": 1.6838751400588685, "cooling_c_m2": 9292.01234280473, "dQ_mean_kW": 611.71822278346303, "dQ_peak_kW": 1937.1077054809668, "rank_benefit": 27, "rank_hottest": 3139, "rank_intensity": 696 }, "geometry": { "type": "Polygon", "coordinates": [ [ [ 245280.116400305414572, 2693462.252284436952323 ], [ 245280.667795970512088, 2693436.564031182322651 ], [ 244995.73468724093982, 2693430.565089536365122 ], [ 244995.183806991786696, 2693456.253399635199457 ], [ 245280.116400305414572, 2693462.252284436952323 ] ] ] } },
{ "type": "Feature", "properties": { "rank": 28, "osm_id": 1076847203, "area_m2": 6849.1293847423331, "albedo": 0.3056084769112723, "lst_c": 54.079822358630949, "lst_anomaly_c": 0.017342703683034699, "albedo_gap": 0.29439152308872768, "delta_T_est_c": 1.3415439810066865, "delta_T_lo_c": 0.86637565934536243, "delta_T_hi_c": 1.780240715939245, "cooling_c_m2": 9188.4083012371066, "dQ_mean_kW": 604.89768942181672, "dQ_peak_kW": 1915.5093498357528, "rank_benefit": 28, "rank_hottest": 1763, "rank_intensity": 501 }, "geometry": { "type": "Polygon", "coordinates": [ [ [ 245854.675033763429383, 2694162.850256314501166 ], [ 245866.994165905431146, 2694162.982793242204934 ], [ 245867.087971194589045, 2694167.059470084030181 ], [ 245860.913780335569754, 2694167.026711669750512 ], [ 245860.792081606166903, 2694174.91966177849099 ], [ 245856.455160308396444, 2694174.853781167417765 ], [ 245855.486317505827174, 2694190.951989982742816 ], [ 245858.02537365219905, 2694190.983789284713566 ], [ 245857.735046075918945, 2694210.361274207010865 ], [ 245855.205944267072482, 2694210.318213327322155 ], [ 245854.71688076123246, 2694231.062432916369289 ], [ 245859.053585141402436, 2694231.117232551332563 ], [ 245858.925337414577371, 2694239.209787017200142 ], [ 245865.445815580576891, 2694239.302792983129621 ], [ 245865.372493154543918, 2694244.246920245699584 ], [ 245852.661279858992202, 2694243.201612110249698 ], [ 245852.0601573381864, 2694266.740649884101003 ], [ 245864.294435785210226, 2694267.240428078453988 ], [ 245864.257339245756157, 2694269.12512592645362 ], [ 245914.855091257020831, 2694270.307548932731152 ], [ 245914.897152622084832, 2694268.134616931900382 ], [ 245926.501852541114204, 2694268.069506525527686 ], [ 245926.963586337224115, 2694244.677070297300816 ], [ 245915.106300736311823, 2694244.813226487487555 ], [ 245915.17984022948076, 2694239.880179936997592 ], [ 245921.70031494559953, 2694239.973211837466806 ], [ 245921.817683312139707, 2694232.40173621987924 ], [ 245925.545149286248488, 2694232.456455428153276 ], [ 245926.361865660117473, 2694177.494612449314445 ], [ 245922.634385228855535, 2694177.439891748130322 ], [ 245922.763239645777503, 2694168.815370702184737 ], [ 245916.242732187121874, 2694168.722335415892303 ], [ 245916.307557118299883, 2694164.432232561521232 ], [ 245913.453427986911265, 2694164.38393659517169 ], [ 245913.38880362251075, 2694168.68511845683679 ], [ 245906.644781691284152, 2694168.585034026298672 ], [ 245906.525853490049485, 2694176.633086360991001 ], [ 245902.270139542000834, 2694176.565727927256376 ], [ 245902.095911418058677, 2694188.305256415624171 ], [ 245900.155942666489864, 2694188.273732167202979 ], [ 245899.670903421065304, 2694220.510443019215018 ], [ 245901.621018367237411, 2694220.541783827822655 ], [ 245901.445797305525048, 2694232.225918421987444 ], [ 245905.701294827653328, 2694232.282196210231632 ], [ 245905.565101659100037, 2694241.062006876338273 ], [ 245912.309089100192068, 2694241.162087742239237 ], [ 245912.4771676894743, 2694245.97995378728956 ], [ 245868.749717067170423, 2694245.150210589636117 ], [ 245868.591501666000113, 2694239.190665808971971 ], [ 245874.512694680597633, 2694239.272315551061183 ], [ 245874.6357941867318, 2694231.45691804587841 ], [ 245879.35862002306385, 2694231.526927663013339 ], [ 245881.112704571307404, 2694175.063106427900493 ], [ 245876.379709313507192, 2694174.993277557194233 ], [ 245876.500018612568965, 2694167.022775910794735 ], [ 245870.568445068754954, 2694166.930226746480912 ], [ 245870.159263687004568, 2694161.130362389143556 ], [ 245912.829308829939691, 2694161.868372541852295 ], [ 245912.873243473906768, 2694164.30573455337435 ], [ 245928.518585314246593, 2694164.201048441696912 ], [ 245929.068142363656079, 2694141.172756309155375 ], [ 245916.942625054245582, 2694140.515795106533915 ], [ 245916.971577405842254, 2694138.742070472799242 ], [ 245867.315970399155049, 2694137.465026814490557 ], [ 245867.287223988387268, 2694139.249831017572433 ], [ 245855.141032066079788, 2694139.136338672600687 ], [ 245854.675033763429383, 2694162.850256314501166 ] ] ] } },
{ "type": "Feature", "properties": { "rank": 29, "osm_id": 1076669429, "area_m2": 7124.0727480169553, "albedo": 0.32751891726539251, "lst_c": 53.81979515438988, "lst_anomaly_c": -0.2426845005580347, "albedo_gap": 0.27248108273460747, "delta_T_est_c": 1.2416979695798669, "delta_T_lo_c": 0.80189461719719268, "delta_T_hi_c": 1.6477441765915175, "cooling_c_m2": 8845.9466663519161, "dQ_mean_kW": 582.3525167579312, "dQ_peak_kW": 1844.1163030667819, "rank_benefit": 29, "rank_hottest": 2124, "rank_intensity": 810 }, "geometry": { "type": "Polygon", "coordinates": [ [ [ 248629.609784531319747, 2697628.292907388880849 ], [ 248760.290361809980823, 2697631.933085307478905 ], [ 248761.84586500262958, 2697577.46890578372404 ], [ 248631.15444070007652, 2697573.817772097419947 ], [ 248629.609784531319747, 2697628.292907388880849 ] ] ] } },
{ "type": "Feature", "properties": { "rank": 30, "osm_id": 482305368, "area_m2": 6564.2261580189261, "albedo": 0.31097089543062095, "lst_c": 53.574520335477942, "lst_anomaly_c": -0.48795931946997229, "albedo_gap": 0.28902910456937903, "delta_T_est_c": 1.3171074068390847, "delta_T_lo_c": 0.85059440032118105, "delta_T_hi_c": 1.7478131661107335, "cooling_c_m2": 8645.7908928935958, "dQ_mean_kW": 569.17572259293161, "dQ_peak_kW": 1802.38978821095, "rank_benefit": 30, "rank_hottest": 2349, "rank_intensity": 553 }, "geometry": { "type": "Polygon", "coordinates": [ [ [ 248626.267628994595725, 2697721.942991372663528 ], [ 248620.839005955291213, 2697716.953150063753128 ], [ 248623.018480436934624, 2697637.210003113374114 ], [ 248700.722311545716366, 2697639.280163531657308 ], [ 248698.415736859140452, 2697723.868503977078944 ], [ 248626.267628994595725, 2697721.942991372663528 ] ] ] } },
{ "type": "Feature", "properties": { "rank": 31, "osm_id": 117601189, "area_m2": 8173.9489925354164, "albedo": 0.37182513872782391, "lst_c": 54.080978393554688, "lst_anomaly_c": 0.018498738606773202, "albedo_gap": 0.22817486127217607, "delta_T_est_c": 1.0397942459248901, "delta_T_lo_c": 0.6715042057142967, "delta_T_hi_c": 1.3798161513913183, "cooling_c_m2": 8499.2251289218784, "dQ_mean_kW": 559.5269032252836, "dQ_peak_kW": 1771.8351935467313, "rank_benefit": 31, "rank_hottest": 1760, "rank_intensity": 1928 }, "geometry": { "type": "Polygon", "coordinates": [ [ [ 248079.295247911533806, 2697774.866192128509283 ], [ 248319.533125983085483, 2697780.021484561264515 ], [ 248320.274995348125231, 2697746.007505010813475 ], [ 248080.036739111121278, 2697740.863228355534375 ], [ 248079.295247911533806, 2697774.866192128509283 ] ] ] } },
{ "type": "Feature", "properties": { "rank": 32, "osm_id": 1154407895, "area_m2": 9675.6382041329962, "albedo": 0.40812110900878906, "lst_c": 52.58156174879808, "lst_anomaly_c": -1.4809179061498341, "albedo_gap": 0.19187889099121092, "delta_T_est_c": 0.87439328616100898, "delta_T_lo_c": 0.56468745754905403, "delta_T_hi_c": 1.1603276163929099, "cooling_c_m2": 8460.3130850168545, "dQ_mean_kW": 556.9652184723692, "dQ_peak_kW": 1763.7231918291693, "rank_benefit": 32, "rank_hottest": 2860, "rank_intensity": 2855 }, "geometry": { "type": "Polygon", "coordinates": [ [ [ 250519.022888075152878, 2694528.951320401392877 ], [ 250482.178747571713757, 2694562.905422625597566 ], [ 250442.070028608635766, 2694520.284387684892863 ], [ 250483.401251108763972, 2694478.260518195107579 ], [ 250520.06670534220757, 2694518.515629353001714 ], [ 250524.354754577449057, 2694518.705696012359113 ], [ 250524.585379224765347, 2694512.805914259050041 ], [ 250540.514619200286688, 2694512.734516442287713 ], [ 250540.425893221225124, 2694518.620703468099236 ], [ 250543.829706297809025, 2694518.759934323839843 ], [ 250581.24331373514724, 2694482.546270678751171 ], [ 250623.874963593814755, 2694525.466570174787194 ], [ 250579.637088742398191, 2694565.047962163109332 ], [ 250545.857278298673918, 2694529.484804623294622 ], [ 250542.103201713267481, 2694533.075372467283159 ], [ 250566.852713613916421, 2694565.540193816181272 ], [ 250552.238625837460859, 2694578.532230168581009 ], [ 250530.190094252699055, 2694582.790169211570174 ], [ 250509.539152097393526, 2694577.670073173940182 ], [ 250496.514816628536209, 2694561.166607739403844 ], [ 250522.370250416133786, 2694533.358169851824641 ], [ 250519.022888075152878, 2694528.951320401392877 ] ] ] } },
{ "type": "Feature", "properties": { "rank": 33, "osm_id": 1076847206, "area_m2": 7764.4111585925357, "albedo": 0.36195032220137746, "lst_c": 55.50770970394737, "lst_anomaly_c": 1.4452300489994556, "albedo_gap": 0.23804967779862252, "delta_T_est_c": 1.0847938455587658, "delta_T_lo_c": 0.700565167080484, "delta_T_hi_c": 1.439531017697137, "cooling_c_m2": 8422.7854392289883, "dQ_mean_kW": 554.49467237969475, "dQ_peak_kW": 1755.8997958690334, "rank_benefit": 33, "rank_hottest": 208, "rank_intensity": 1630 }, "geometry": { "type": "Polygon", "coordinates": [ [ [ 246148.064712574763689, 2693843.795984482392669 ], [ 246147.458845649904106, 2693863.156928273849189 ], [ 246141.931796127260895, 2693862.979390366002917 ], [ 246142.140116954193218, 2693856.503462405875325 ], [ 246134.195166040561162, 2693856.258641469292343 ], [ 246134.330727376334835, 2693851.945109807420522 ], [ 246116.673172296141274, 2693851.409736112225801 ], [ 246116.59665228187805, 2693853.926840827334672 ], [ 246097.120496537769213, 2693853.335582533385605 ], [ 246097.196813576418208, 2693850.8073985055089 ], [ 246079.214223565068096, 2693850.266842694021761 ], [ 246079.078479381772922, 2693854.569297455251217 ], [ 246070.950807020824868, 2693854.327802889980376 ], [ 246070.752669427980436, 2693860.803551924880594 ], [ 246065.784510593453888, 2693860.649224347434938 ], [ 246066.341760116716614, 2693842.541463490109891 ], [ 246043.309581199195236, 2693841.83700961060822 ], [ 246042.742210114083719, 2693859.944956823717803 ], [ 246039.856971417844761, 2693859.863941762130708 ], [ 246038.13008706754772, 2693915.628960340749472 ], [ 246041.706368416838814, 2693915.741855063475668 ], [ 246041.129689635708928, 2693934.459510036744177 ], [ 246064.161718551506056, 2693935.163947109133005 ], [ 246064.74638324114494, 2693916.324244931340218 ], [ 246069.71452261460945, 2693916.478570425417274 ], [ 246069.516390017117374, 2693922.954320073593408 ], [ 246077.11598144081654, 2693923.194238944444805 ], [ 246076.999917871406069, 2693926.897884750273079 ], [ 246132.248484376585111, 2693928.595898432657123 ], [ 246132.36436280774069, 2693924.881175447721034 ], [ 246141.040731879678788, 2693925.146067718043923 ], [ 246141.238697510387283, 2693918.659243047237396 ], [ 246145.556582069810247, 2693918.792056981939822 ], [ 246145.647621579410043, 2693915.953298911452293 ], [ 246141.319585347548127, 2693915.820667662192136 ], [ 246141.534062867693137, 2693909.122978358529508 ], [ 246133.447029956121696, 2693908.880719492211938 ], [ 246133.57383428607136, 2693904.644922611303627 ], [ 246121.778556242614286, 2693904.292128365952522 ], [ 246121.845149008178851, 2693902.3514921865426 ], [ 246089.435687093093293, 2693901.361467179376632 ], [ 246089.368899200402666, 2693903.291024996433407 ], [ 246077.634519941610051, 2693902.937170491088182 ], [ 246077.497381884313654, 2693907.162073275540024 ], [ 246068.678884934430243, 2693906.899778782390058 ], [ 246068.474592502636369, 2693913.597289380151778 ], [ 246064.837406639213441, 2693913.48548491531983 ], [ 246065.036136458598776, 2693907.042971816379577 ], [ 246062.486084691889118, 2693906.966998028103262 ], [ 246063.636348399508279, 2693869.919641357846558 ], [ 246066.115350855950965, 2693869.996895828749985 ], [ 246066.308124192844843, 2693863.787223052233458 ], [ 246070.8089435310103, 2693863.927803423721343 ], [ 246070.630882408469915, 2693869.826900918502361 ], [ 246078.484273444308201, 2693870.062252084258944 ], [ 246078.335412485990673, 2693874.763913261238486 ], [ 246133.716142385499552, 2693876.459573745261878 ], [ 246133.865021631616401, 2693871.75791476899758 ], [ 246141.891170631191926, 2693872.001272461377084 ], [ 246142.069261284283129, 2693866.102178476285189 ], [ 246147.362640606850618, 2693866.272841424681246 ], [ 246145.183732598845381, 2693936.431020716670901 ], [ 246168.398648822651012, 2693937.14341587992385 ], [ 246168.973323625163175, 2693918.869119748938829 ], [ 246170.751310814055614, 2693918.925766262225807 ], [ 246172.495027338009095, 2693862.938866348005831 ], [ 246170.717033158522099, 2693862.882218996528536 ], [ 246171.279779851582134, 2693844.508397732395679 ], [ 246148.064712574763689, 2693843.795984482392669 ] ] ] } },
{ "type": "Feature", "properties": { "rank": 34, "osm_id": 666273777, "area_m2": 7516.9545583516065, "albedo": 0.35683145523071291, "lst_c": 52.178552246093751, "lst_anomaly_c": -1.8839274088541629, "albedo_gap": 0.24316854476928706, "delta_T_est_c": 1.1081205538213514, "delta_T_lo_c": 0.71562966927905458, "delta_T_hi_c": 1.4704857656635282, "cooling_c_m2": 8329.6918482505152, "dQ_mean_kW": 548.36607031536573, "dQ_peak_kW": 1736.4925559986582, "rank_benefit": 34, "rank_hottest": 3034, "rank_intensity": 1501 }, "geometry": { "type": "Polygon", "coordinates": [ [ [ 248613.315653206256684, 2696443.372419470455498 ], [ 248615.408639552246314, 2696399.105491576716304 ], [ 248782.997922802576795, 2696403.008105563465506 ], [ 248782.257696433603996, 2696448.015501027926803 ], [ 248613.315653206256684, 2696443.372419470455498 ] ] ] } },
{ "type": "Feature", "properties": { "rank": 35, "osm_id": 1036262210, "area_m2": 6492.0743602645289, "albedo": 0.32361412048339844, "lst_c": 53.606092664930557, "lst_anomaly_c": -0.45638699001735716, "albedo_gap": 0.27638587951660154, "delta_T_est_c": 1.2594921525270422, "delta_T_lo_c": 0.81338618750844149, "delta_T_hi_c": 1.6713572145820144, "cooling_c_m2": 8176.7167103751917, "dQ_mean_kW": 538.29530458466706, "dQ_peak_kW": 1704.6017978514456, "rank_benefit": 35, "rank_hottest": 2327, "rank_intensity": 746 }, "geometry": { "type": "Polygon", "coordinates": [ [ [ 244704.929003813245799, 2697862.721690831240267 ], [ 244835.583659477473702, 2697865.306279362645 ], [ 244837.073923661693698, 2697816.482300299685448 ], [ 244705.682930010079872, 2697812.503506707027555 ], [ 244704.929003813245799, 2697862.721690831240267 ] ] ] } },
{ "type": "Feature", "properties": { "rank": 36, "osm_id": 1076847219, "area_m2": 10279.366973681179, "albedo": 0.42918082078297931, "lst_c": 52.267837524414062, "lst_anomaly_c": -1.7946421305338518, "albedo_gap": 0.17081917921702067, "delta_T_est_c": 0.77842405010428506, "delta_T_lo_c": 0.5027100558815194, "delta_T_hi_c": 1.0329755922143504, "cooling_c_m2": 8001.7064721611314, "dQ_mean_kW": 526.77390879443067, "dQ_peak_kW": 1668.1173778490304, "rank_benefit": 36, "rank_hottest": 2994, "rank_intensity": 3203 }, "geometry": { "type": "Polygon", "coordinates": [ [ [ 245430.748669077001978, 2693402.656280604191124 ], [ 245435.46297579316888, 2693250.9286985155195 ], [ 245367.775549945043167, 2693248.870347930118442 ], [ 245363.061764359183144, 2693400.586937620770186 ], [ 245430.748669077001978, 2693402.656280604191124 ] ] ] } },
{ "type": "Feature", "properties": { "rank": 37, "osm_id": 1076703106, "area_m2": 13484.73931443509, "albedo": 0.47042952643500435, "lst_c": 55.869225396050346, "lst_anomaly_c": 1.8067457411024321, "albedo_gap": 0.12957047356499563, "delta_T_est_c": 0.59045344479880391, "delta_T_lo_c": 0.38131772032284533, "delta_T_hi_c": 0.78353693816928771, "cooling_c_m2": 7962.1107804220601, "dQ_mean_kW": 524.1672176615607, "dQ_peak_kW": 1659.8628559282754, "rank_benefit": 37, "rank_hottest": 124, "rank_intensity": 3519 }, "geometry": { "type": "Polygon", "coordinates": [ [ [ 248570.749846692982828, 2693289.232084692455828 ], [ 248494.5003518780577, 2693286.923626653384417 ], [ 248489.071630087244557, 2693463.616785562597215 ], [ 248565.319981014443329, 2693465.914052665699273 ], [ 248570.749846692982828, 2693289.232084692455828 ] ] ] } },
{ "type": "Feature", "properties": { "rank": 38, "osm_id": 1077278335, "area_m2": 5862.8178733451059, "albedo": 0.30507826805114746, "lst_c": 53.37847900390625, "lst_anomaly_c": -0.6840006510416643, "albedo_gap": 0.29492173194885252, "delta_T_est_c": 1.34396014604267, "delta_T_lo_c": 0.86793603053391377, "delta_T_hi_c": 1.783446988289898, "cooling_c_m2": 7879.3935652824648, "dQ_mean_kW": 518.72172039228815, "dQ_peak_kW": 1642.6187812422456, "rank_benefit": 38, "rank_hottest": 2491, "rank_intensity": 495 }, "geometry": { "type": "Polygon", "coordinates": [ [ [ 245109.21268242460792, 2696060.119508025236428 ], [ 245111.298303722636774, 2695991.912616549059749 ], [ 245025.420610084140208, 2695989.333117771428078 ], [ 245023.335400631680386, 2696057.540058466140181 ], [ 245109.21268242460792, 2696060.119508025236428 ] ] ] } },
{ "type": "Feature", "properties": { "rank": 39, "osm_id": 483107452, "area_m2": 12391.873789583962, "albedo": 0.46118561426798504, "lst_c": 56.012685139973961, "lst_anomaly_c": 1.9502054850260464, "albedo_gap": 0.13881438573201493, "delta_T_est_c": 0.63257800938717224, "delta_T_lo_c": 0.40852197000573515, "delta_T_hi_c": 0.83943660756749283, "cooling_c_m2": 7838.8268543920976, "dQ_mean_kW": 516.05110445092612, "dQ_peak_kW": 1634.1618307612662, "rank_benefit": 39, "rank_hottest": 96, "rank_intensity": 3467 }, "geometry": { "type": "Polygon", "coordinates": [ [ [ 248378.139221806166461, 2697283.902311492245644 ], [ 248380.185968465200858, 2697215.531906727235764 ], [ 248561.262581867253175, 2697220.863254958763719 ], [ 248559.205013649712782, 2697289.244817328639328 ], [ 248378.139221806166461, 2697283.902311492245644 ] ] ] } },
{ "type": "Feature", "properties": { "rank": 40, "osm_id": 1077443400, "area_m2": 6144.6734681507896, "albedo": 0.32287438710530597, "lst_c": 54.20310872395833, "lst_anomaly_c": 0.14062906901041572, "albedo_gap": 0.27712561289469401, "delta_T_est_c": 1.2628631220798257, "delta_T_lo_c": 0.81556317612027551, "delta_T_hi_c": 1.6758305209625877, "cooling_c_m2": 7759.8815201499765, "dQ_mean_kW": 510.85392026971579, "dQ_peak_kW": 1617.7040808540999, "rank_benefit": 40, "rank_hottest": 1578, "rank_intensity": 726 }, "geometry": { "type": "Polygon", "coordinates": [ [ [ 246012.897575707786018, 2694119.103994970209897 ], [ 246014.802362882881425, 2693998.270337970927358 ], [ 245954.846277669130359, 2693997.3447608910501 ], [ 245954.481353830953594, 2694020.480540334712714 ], [ 245963.683006327832118, 2694025.66756924893707 ], [ 245967.976391222444363, 2694029.513408491853625 ], [ 245971.331576104130363, 2694034.262756382115185 ], [ 245974.759011841320898, 2694039.07729795249179 ], [ 245977.04226995704812, 2694045.198029478546232 ], [ 245978.514666281553218, 2694051.399867977946997 ], [ 245978.707702687039273, 2694058.167803620453924 ], [ 245978.089511813799618, 2694065.559895811136812 ], [ 245976.035648678400321, 2694072.168836056720465 ], [ 245969.307188566162949, 2694084.20378712983802 ], [ 245961.858321712468751, 2694090.632891591172665 ], [ 245953.306101705267793, 2694094.998372917063534 ], [ 245947.394501403323375, 2694096.578888036310673 ], [ 245941.20996604397078, 2694097.10040346859023 ], [ 245940.741619327105582, 2694117.312269018497318 ], [ 246012.897575707786018, 2694119.103994970209897 ] ] ] } },
{ "type": "Feature", "properties": { "rank": 41, "osm_id": 1026140689, "area_m2": 7096.79118893343, "albedo": 0.36297267416249152, "lst_c": 53.717412533967391, "lst_anomaly_c": -0.34506712098052361, "albedo_gap": 0.23702732583750846, "delta_T_est_c": 1.0801349813852563, "delta_T_lo_c": 0.69755644982836984, "delta_T_hi_c": 1.4333486637757333, "cooling_c_m2": 7665.4924187536617, "dQ_mean_kW": 504.64003126202488, "dQ_peak_kW": 1598.0267656630792, "rank_benefit": 41, "rank_hottest": 2222, "rank_intensity": 1670 }, "geometry": { "type": "Polygon", "coordinates": [ [ [ 248164.235185424884548, 2698196.637875396292657 ], [ 248163.835567245754646, 2698169.770231632050127 ], [ 248102.222372419724707, 2698168.213220150209963 ], [ 248102.681136453407817, 2698086.095550281461328 ], [ 248260.22155250623473, 2698089.959183604456484 ], [ 248259.979570236318978, 2698076.431925808545202 ], [ 248077.71155869049835, 2698071.448297550901771 ], [ 248074.454576305608498, 2698195.14181791851297 ], [ 248164.235185424884548, 2698196.637875396292657 ] ] ] } },
{ "type": "Feature", "properties": { "rank": 42, "osm_id": 1076703127, "area_m2": 7937.9946012087803, "albedo": 0.38904825846354169, "lst_c": 57.352068219866069, "lst_anomaly_c": 3.2895885649181551, "albedo_gap": 0.21095174153645829, "delta_T_est_c": 0.96130838337970481, "delta_T_lo_c": 0.62081765210548479, "delta_T_hi_c": 1.2756647183360246, "cooling_c_m2": 7630.8607573648369, "dQ_mean_kW": 502.36013562959874, "dQ_peak_kW": 1590.8070961603962, "rank_benefit": 42, "rank_hottest": 6, "rank_intensity": 2395 }, "geometry": { "type": "Polygon", "coordinates": [ [ [ 246792.955638729181373, 2693135.988946116529405 ], [ 246737.62491814835812, 2693134.389249624218792 ], [ 246733.395921012765029, 2693277.738927179016173 ], [ 246788.716132058005314, 2693279.349819104652852 ], [ 246792.955638729181373, 2693135.988946116529405 ] ] ] } },
{ "type": "Feature", "properties": { "rank": 43, "osm_id": 521491678, "area_m2": 6959.2246369098766, "albedo": 0.36153149604797363, "lst_c": 53.353379991319443, "lst_anomaly_c": -0.70909966362847143, "albedo_gap": 0.23846850395202634, "delta_T_est_c": 1.0867024389152999, "delta_T_lo_c": 0.70179774599783595, "delta_T_hi_c": 1.4420637379445369, "cooling_c_m2": 7562.6063858894058, "dQ_mean_kW": 497.86676634899464, "dQ_peak_kW": 1576.5780934384829, "rank_benefit": 43, "rank_hottest": 2508, "rank_intensity": 1619 }, "geometry": { "type": "Polygon", "coordinates": [ [ [ 245967.182598672807217, 2696363.652311543002725 ], [ 246092.548942646855721, 2696367.874762045685202 ], [ 246092.126282802142669, 2696311.771507828962058 ], [ 245968.201056268182583, 2696308.110388677101582 ], [ 245967.182598672807217, 2696363.652311543002725 ] ] ] } },
{ "type": "Feature", "properties": { "rank": 44, "osm_id": 842542998, "area_m2": 8565.6836316863973, "albedo": 0.41317534446716309, "lst_c": 54.292059326171874, "lst_anomaly_c": 0.22957967122395928, "albedo_gap": 0.18682465553283689, "delta_T_est_c": 0.85136110409736765, "delta_T_lo_c": 0.54981316180917383, "delta_T_hi_c": 1.1297637072947888, "cooling_c_m2": 7292.4898740212811, "dQ_mean_kW": 480.08426816792115, "dQ_peak_kW": 1520.2668491984168, "rank_benefit": 44, "rank_hottest": 1408, "rank_intensity": 2954 }, "geometry": { "type": "Polygon", "coordinates": [ [ [ 244969.743029600416776, 2698319.524317741859704 ], [ 244982.829415941698244, 2698260.80397039745003 ], [ 244843.29369482875336, 2698253.59173096017912 ], [ 244828.084969784365967, 2698315.597976634278893 ], [ 244969.743029600416776, 2698319.524317741859704 ] ] ] } },
{ "type": "Feature", "properties": { "rank": 45, "osm_id": 109573892, "area_m2": 10593.094317220499, "albedo": 0.44899840581984746, "lst_c": 54.795979817708336, "lst_anomaly_c": 0.7335001627604214, "albedo_gap": 0.15100159418015252, "delta_T_est_c": 0.68811519322770398, "delta_T_lo_c": 0.44438815475199994, "delta_T_hi_c": 0.91313494121983163, "cooling_c_m2": 7289.2691429734768, "dQ_mean_kW": 479.87223876030288, "dQ_peak_kW": 1519.5954227409591, "rank_benefit": 45, "rank_hottest": 684, "rank_intensity": 3385 }, "geometry": { "type": "Polygon", "coordinates": [ [ [ 245042.920479202555725, 2697876.798526014201343 ], [ 245182.690215614100453, 2697879.930475808214396 ], [ 245184.425113566132495, 2697804.18251690082252 ], [ 245044.644482454954414, 2697801.050667613279074 ], [ 245042.920479202555725, 2697876.798526014201343 ] ] ] } },
{ "type": "Feature", "properties": { "rank": 46, "osm_id": 473856287, "area_m2": 6441.3587907762985, "albedo": 0.35820744832356771, "lst_c": 56.486914062499999, "lst_anomaly_c": 2.4244344075520843, "albedo_gap": 0.24179255167643227, "delta_T_est_c": 1.1018501448358664, "delta_T_lo_c": 0.71158020851140391, "delta_T_hi_c": 1.4621648775379112, "cooling_c_m2": 7097.4121165566457, "dQ_mean_kW": 467.24177348556577, "dQ_peak_kW": 1479.5989493709583, "rank_benefit": 46, "rank_hottest": 40, "rank_intensity": 1529 }, "geometry": { "type": "Polygon", "coordinates": [ [ [ 248582.957007522170898, 2697289.108736244030297 ], [ 248583.836264215351548, 2697226.932179260067642 ], [ 248710.426298107544426, 2697228.683767377398908 ], [ 248709.956779719563201, 2697262.09429385792464 ], [ 248660.202324998303084, 2697261.408828268293291 ], [ 248659.802279786730651, 2697290.174631399102509 ], [ 248582.957007522170898, 2697289.108736244030297 ] ] ] } },
{ "type": "Feature", "properties": { "rank": 47, "osm_id": 633556088, "area_m2": 6723.9768675302057, "albedo": 0.37787413597106934, "lst_c": 54.182742648654511, "lst_anomaly_c": 0.12026299370659643, "albedo_gap": 0.22212586402893064, "delta_T_est_c": 1.0122289282905366, "delta_T_lo_c": 0.65370238886845122, "delta_T_hi_c": 1.343236731338574, "cooling_c_m2": 6806.2038984704595, "dQ_mean_kW": 448.0707514232069, "dQ_peak_kW": 1418.8907128401549, "rank_benefit": 47, "rank_hottest": 1608, "rank_intensity": 2112 }, "geometry": { "type": "Polygon", "coordinates": [ [ [ 244255.686877055355581, 2694420.084015612024814 ], [ 244370.659699055657256, 2694422.331633144523948 ], [ 244371.833300552214496, 2694363.871532501187176 ], [ 244256.860004888818366, 2694361.623863276094198 ], [ 244255.686877055355581, 2694420.084015612024814 ] ] ] } },
{ "type": "Feature", "properties": { "rank": 48, "osm_id": 1036526144, "area_m2": 8641.196914781307, "albedo": 0.42950660705566407, "lst_c": 56.029311523437499, "lst_anomaly_c": 1.9668318684895851, "albedo_gap": 0.17049339294433591, "delta_T_est_c": 0.77693944005631466, "delta_T_lo_c": 0.50175128745693454, "delta_T_hi_c": 1.0310055015634974, "cooling_c_m2": 6713.6866923865427, "dQ_mean_kW": 441.98009433035776, "dQ_peak_kW": 1399.6036320461328, "rank_benefit": 48, "rank_hottest": 91, "rank_intensity": 3209 }, "geometry": { "type": "Polygon", "coordinates": [ [ [ 247298.644355885597179, 2695359.579255797900259 ], [ 247295.354937013471499, 2695485.246419867035002 ], [ 247364.070860071835341, 2695487.017334088217467 ], [ 247367.360886778275017, 2695361.350239459890872 ], [ 247298.644355885597179, 2695359.579255797900259 ] ] ] } },
{ "type": "Feature", "properties": { "rank": 49, "osm_id": 1077127008, "area_m2": 15136.389121567361, "albedo": 0.5027917715219351, "lst_c": 55.760391626602562, "lst_anomaly_c": 1.6979119716546478, "albedo_gap": 0.097208228478064873, "delta_T_est_c": 0.44297849493365421, "delta_T_lo_c": 0.28607767695843295, "delta_T_hi_c": 0.58783637669084166, "cooling_c_m2": 6705.0948718020463, "dQ_mean_kW": 441.41447161866466, "dQ_peak_kW": 1397.8124934591049, "rank_benefit": 49, "rank_hottest": 141, "rank_intensity": 3587 }, "geometry": { "type": "Polygon", "coordinates": [ [ [ 248562.357984565518564, 2697102.584019722416997 ], [ 248377.7724285699951, 2697102.645826003979892 ], [ 248380.812441365211271, 2697182.993990293703973 ], [ 248562.485308446513955, 2697187.583306353539228 ], [ 248562.357984565518564, 2697102.584019722416997 ] ] ] } },
{ "type": "Feature", "properties": { "rank": 50, "osm_id": 1036262237, "area_m2": 7620.8777653286324, "albedo": 0.40878796577453613, "lst_c": 54.437525431315102, "lst_anomaly_c": 0.3750457763671875, "albedo_gap": 0.19121203422546384, "delta_T_est_c": 0.87135441577882089, "delta_T_lo_c": 0.56272494020463004, "delta_T_hi_c": 1.1562950085459622, "cooling_c_m2": 6640.4854929297362, "dQ_mean_kW": 437.16106202762847, "dQ_peak_kW": 1384.3433630874902, "rank_benefit": 50, "rank_hottest": 1146, "rank_intensity": 2865 }, "geometry": { "type": "Polygon", "coordinates": [ [ [ 246830.210626258922275, 2694730.315652537625283 ], [ 246880.610245298594236, 2694730.762384636793286 ], [ 246884.408804801292717, 2694578.753847816959023 ], [ 246834.566911194444401, 2694578.297026192769408 ], [ 246830.210626258922275, 2694730.315652537625283 ] ] ] } },
{ "type": "Feature", "properties": { "rank": 51, "osm_id": 1076780957, "area_m2": 6062.2009984173073, "albedo": 0.36119546890258791, "lst_c": 57.240751139322917, "lst_anomaly_c": 3.1782714843750028, "albedo_gap": 0.23880453109741206, "delta_T_est_c": 1.0882337166831424, "delta_T_lo_c": 0.70278665266398943, "delta_T_hi_c": 1.4440957570719906, "cooling_c_m2": 6597.0915237879226, "dQ_mean_kW": 434.30432005359251, "dQ_peak_kW": 1375.297013503043, "rank_benefit": 51, "rank_hottest": 12, "rank_intensity": 1613 }, "geometry": { "type": "Polygon", "coordinates": [ [ [ 244332.085776324936887, 2695170.645345243159682 ], [ 244393.985630086506717, 2695172.038061546627432 ], [ 244396.240975311258808, 2695074.159433959051967 ], [ 244334.340493781695841, 2695072.755590796936303 ], [ 244332.085776324936887, 2695170.645345243159682 ] ] ] } },
{ "type": "Feature", "properties": { "rank": 52, "osm_id": 1036262243, "area_m2": 5758.2095335651511, "albedo": 0.36053258180618286, "lst_c": 54.186458587646484, "lst_anomaly_c": 0.12397893269857008, "albedo_gap": 0.23946741819381712, "delta_T_est_c": 1.0912544972577283, "delta_T_lo_c": 0.70473748752225518, "delta_T_hi_c": 1.4481043595844185, "cooling_c_m2": 6283.6720496552971, "dQ_mean_kW": 413.67107112656123, "dQ_peak_kW": 1309.9583919007771, "rank_benefit": 52, "rank_hottest": 1603, "rank_intensity": 1596 }, "geometry": { "type": "Polygon", "coordinates": [ [ [ 244328.735668426350458, 2696141.271181802731007 ], [ 244416.767983836412895, 2696142.311100923921913 ], [ 244418.093945252534468, 2696077.187425753101707 ], [ 244330.202002457313938, 2696075.513194269500673 ], [ 244328.735668426350458, 2696141.271181802731007 ] ] ] } },
{ "type": "Feature", "properties": { "rank": 53, "osm_id": 115773549, "area_m2": 4552.0787650376815, "albedo": 0.30130306879679364, "lst_c": 53.311289469401039, "lst_anomaly_c": -0.751190185546875, "albedo_gap": 0.29869693120320634, "delta_T_est_c": 1.3611637522594593, "delta_T_lo_c": 0.87904620350640494, "delta_T_hi_c": 1.806276325741162, "cooling_c_m2": 6196.124612399296, "dQ_mean_kW": 407.90758731361109, "dQ_peak_kW": 1291.7073598264349, "rank_benefit": 53, "rank_hottest": 2528, "rank_intensity": 439 }, "geometry": { "type": "Polygon", "coordinates": [ [ [ 248247.11339968352695, 2694513.574039025697857 ], [ 248246.40926755106193, 2694534.975512477103621 ], [ 248252.128795570548391, 2694535.150404522195458 ], [ 248251.548455717595061, 2694548.703377173747867 ], [ 248247.468066439003451, 2694548.776264273561537 ], [ 248247.651717677566921, 2694559.057385717052966 ], [ 248252.842971472535282, 2694559.784747734665871 ], [ 248251.186062170832884, 2694573.888903213199228 ], [ 248246.548069839802338, 2694573.439799894578755 ], [ 248245.876169066992588, 2694581.29809198807925 ], [ 248248.327314518654021, 2694581.53136495128274 ], [ 248247.199328428134322, 2694594.551087741274387 ], [ 248215.856896795390639, 2694593.481898546684533 ], [ 248215.131970225367695, 2694598.3710762783885 ], [ 248196.064966732548783, 2694598.434674072545022 ], [ 248195.98114032347803, 2694578.399311000481248 ], [ 248187.795775584789226, 2694577.736549171153456 ], [ 248195.974712200084468, 2694562.695758219342679 ], [ 248192.349942302680574, 2694558.150270178448409 ], [ 248190.352130675804801, 2694558.285706037655473 ], [ 248190.17774108904996, 2694548.525285190436989 ], [ 248192.998118295799941, 2694548.397317497525364 ], [ 248195.866545150696766, 2694541.297703878488392 ], [ 248190.467439107509563, 2694528.937624564394355 ], [ 248196.989744164166041, 2694528.0120828920044 ], [ 248196.963926321535837, 2694511.222809028811753 ], [ 248247.11339968352695, 2694513.574039025697857 ] ] ] } },
{ "type": "Feature", "properties": { "rank": 54, "osm_id": 1077443285, "area_m2": 8981.2953119417853, "albedo": 0.45141661167144775, "lst_c": 56.7930908203125, "lst_anomaly_c": 2.7306111653645857, "albedo_gap": 0.14858338832855222, "delta_T_est_c": 0.67709541429177389, "delta_T_lo_c": 0.43727152765916893, "delta_T_hi_c": 0.89851159720715812, "cooling_c_m2": 6081.1938701159897, "dQ_mean_kW": 400.34138670829554, "dQ_peak_kW": 1267.7477245762693, "rank_benefit": 54, "rank_hottest": 25, "rank_intensity": 3405 }, "geometry": { "type": "Polygon", "coordinates": [ [ [ 247557.900230937084416, 2693113.342448091134429 ], [ 247389.489158560958458, 2693107.802588946651667 ], [ 247387.711847491911612, 2693161.074180216994137 ], [ 247430.538363955129171, 2693162.479220821987838 ], [ 247473.842562961101066, 2693163.90908328583464 ], [ 247556.122290289524244, 2693166.613962791860104 ], [ 247557.900230937084416, 2693113.342448091134429 ] ] ] } },
{ "type": "Feature", "properties": { "rank": 55, "osm_id": 1036249554, "area_m2": 5949.1683377870741, "albedo": 0.37675453821818033, "lst_c": 56.846651204427083, "lst_anomaly_c": 2.7841715494791686, "albedo_gap": 0.22324546178181964, "delta_T_est_c": 1.0173309421351544, "delta_T_lo_c": 0.65699729434393406, "delta_T_hi_c": 1.3500071487889649, "cooling_c_m2": 6052.2730300015546, "dQ_mean_kW": 398.43744983611674, "dQ_peak_kW": 1261.7185911477029, "rank_benefit": 55, "rank_hottest": 21, "rank_intensity": 2079 }, "geometry": { "type": "Polygon", "coordinates": [ [ [ 244339.364662467211019, 2694929.952992889098823 ], [ 244399.557720069162315, 2694931.232737662736326 ], [ 244401.71587336450466, 2694832.458218296058476 ], [ 244341.512045622424921, 2694831.16753219999373 ], [ 244339.364662467211019, 2694929.952992889098823 ] ] ] } },
{ "type": "Feature", "properties": { "rank": 56, "osm_id": 1036249562, "area_m2": 7000.831808121894, "albedo": 0.4112812876701355, "lst_c": 57.301250457763672, "lst_anomaly_c": 3.2387708028157576, "albedo_gap": 0.18871871232986448, "delta_T_est_c": 0.85999233256847862, "delta_T_lo_c": 0.55538725133846967, "delta_T_hi_c": 1.1412174237367316, "cooling_c_m2": 6020.6616765863473, "dQ_mean_kW": 396.35638922001618, "dQ_peak_kW": 1255.1285658633847, "rank_benefit": 56, "rank_hottest": 8, "rank_intensity": 2912 }, "geometry": { "type": "Polygon", "coordinates": [ [ [ 244336.381621920852922, 2694939.582533359527588 ], [ 244399.730638824694324, 2694942.445249048061669 ], [ 244396.732142517896136, 2695051.41999245621264 ], [ 244332.692903949297033, 2695050.221182376146317 ], [ 244336.381621920852922, 2694939.582533359527588 ] ] ] } },
{ "type": "Feature", "properties": { "rank": 57, "osm_id": 1072959488, "area_m2": 9252.819805906538, "albedo": 0.4578977766491118, "lst_c": 54.610595703125, "lst_anomaly_c": 0.5481160481770857, "albedo_gap": 0.14210222335088818, "delta_T_est_c": 0.6475607056341609, "delta_T_lo_c": 0.41819786846566898, "delta_T_hi_c": 0.85931877786609479, "cooling_c_m2": 5991.7625226185773, "dQ_mean_kW": 394.4538800053358, "dQ_peak_kW": 1249.1039533502301, "rank_benefit": 57, "rank_hottest": 884, "rank_intensity": 3448 }, "geometry": { "type": "Polygon", "coordinates": [ [ [ 244841.446140360436402, 2695683.470312284771353 ], [ 244937.543092238047393, 2695685.675454149954021 ], [ 244940.81948523785104, 2695589.618469255510718 ], [ 244844.137616591906408, 2695587.667647474911064 ], [ 244841.446140360436402, 2695683.470312284771353 ] ] ] } },
{ "type": "Feature", "properties": { "rank": 58, "osm_id": 1153128541, "area_m2": 10772.194710922035, "albedo": 0.47839903831481934, "lst_c": 49.7957763671875, "lst_anomaly_c": -4.2667032877604143, "albedo_gap": 0.12160096168518064, "delta_T_est_c": 0.55413633015585018, "delta_T_lo_c": 0.35786395019694939, "delta_T_hi_c": 0.73534380616007533, "cooling_c_m2": 5969.2644448345955, "dQ_mean_kW": 392.97277089244074, "dQ_peak_kW": 1244.4137744927293, "rank_benefit": 58, "rank_hottest": 3586, "rank_intensity": 3544 }, "geometry": { "type": "Polygon", "coordinates": [ [ [ 251350.934873190271901, 2696673.605876001529396 ], [ 251443.784933892544359, 2696675.501764274202287 ], [ 251444.882232486852445, 2696623.219222312793136 ], [ 251429.364918517618207, 2696622.905785369221121 ], [ 251431.072596482030349, 2696541.366811218671501 ], [ 251362.960243676760001, 2696539.976082887034863 ], [ 251362.07768303991179, 2696582.558024136349559 ], [ 251352.836232470988762, 2696582.366577917709947 ], [ 251351.121458896639524, 2696664.626075635198504 ], [ 251350.934873190271901, 2696673.605876001529396 ] ] ] } },
{ "type": "Feature", "properties": { "rank": 59, "osm_id": 1076860494, "area_m2": 8871.1993234425499, "albedo": 0.45506053500705296, "lst_c": 54.306640625, "lst_anomaly_c": 0.2441609700520857, "albedo_gap": 0.14493946499294702, "delta_T_est_c": 0.66049003324397249, "delta_T_lo_c": 0.42654769142446386, "delta_T_hi_c": 0.87647610984072888, "cooling_c_m2": 5859.3387360544757, "dQ_mean_kW": 385.73606513566699, "dQ_peak_kW": 1221.4975395962788, "rank_benefit": 59, "rank_hottest": 1384, "rank_intensity": 3432 }, "geometry": { "type": "Polygon", "coordinates": [ [ [ 245261.981506170297507, 2698040.844518217723817 ], [ 245259.759566462045768, 2698108.765846556983888 ], [ 245390.237404049665201, 2698112.965496473014355 ], [ 245392.44981914080563, 2698045.04442747309804 ], [ 245261.981506170297507, 2698040.844518217723817 ] ] ] } },
{ "type": "Feature", "properties": { "rank": 60, "osm_id": 1076703111, "area_m2": 10582.098649130558, "albedo": 0.47909506162007648, "lst_c": 56.200480143229164, "lst_anomaly_c": 2.13800048828125, "albedo_gap": 0.1209049383799235, "delta_T_est_c": 0.55096454767376202, "delta_T_lo_c": 0.35581559756884013, "delta_T_hi_c": 0.73113482278222197, "cooling_c_m2": 5830.3611956573459, "dQ_mean_kW": 383.82839553102053, "dQ_peak_kW": 1215.4565858482315, "rank_benefit": 60, "rank_hottest": 64, "rank_intensity": 3546 }, "geometry": { "type": "Polygon", "coordinates": [ [ [ 248453.819589605845977, 2693328.908648877870291 ], [ 248385.700389246019768, 2693326.976630642544478 ], [ 248383.82033886903082, 2693391.764063002076 ], [ 248381.203572566562798, 2693482.408580004237592 ], [ 248448.962720915180398, 2693484.690472885034978 ], [ 248453.819589605845977, 2693328.908648877870291 ] ] ] } },
{ "type": "Feature", "properties": { "rank": 61, "osm_id": 1036249559, "area_m2": 4955.7537872928533, "albedo": 0.34245896339416504, "lst_c": 55.943280901227681, "lst_anomaly_c": 1.8808012462797663, "albedo_gap": 0.25754103660583494, "delta_T_est_c": 1.1736160875007544, "delta_T_lo_c": 0.75792700501983967, "delta_T_hi_c": 1.557398917538541, "cooling_c_m2": 5816.1523704596848, "dQ_mean_kW": 382.89299026280821, "dQ_peak_kW": 1212.4944691655592, "rank_benefit": 61, "rank_hottest": 108, "rank_intensity": 1136 }, "geometry": { "type": "Polygon", "coordinates": [ [ [ 244410.940870464226464, 2695178.147349517792463 ], [ 244410.318359779572347, 2695203.161120020784438 ], [ 244480.443938429962145, 2695204.648806136567146 ], [ 244480.25040385837201, 2695201.815156660042703 ], [ 244481.823652470542584, 2695201.786626032087952 ], [ 244483.822084169165464, 2695203.368452342692763 ], [ 244488.086269318038831, 2695205.596315146889538 ], [ 244491.839048400259344, 2695205.938319460488856 ], [ 244497.341852610668866, 2695205.361978021450341 ], [ 244501.377949440851808, 2695202.850605835672468 ], [ 244504.459049148717895, 2695199.747006257064641 ], [ 244505.723588629829464, 2695198.371992781292647 ], [ 244507.231441220355919, 2695195.296921887435019 ], [ 244508.203755464608548, 2695192.36455387249589 ], [ 244508.152326622250257, 2695189.528327859938145 ], [ 244507.441167223762022, 2695184.465369218494743 ], [ 244504.806614996923599, 2695181.398916519712657 ], [ 244505.60756610383396, 2695180.774847098626196 ], [ 244508.467255781200947, 2695180.578918328508735 ], [ 244510.440884035720956, 2695083.359376970212907 ], [ 244484.030397218448343, 2695082.718925382010639 ], [ 244481.629042240791023, 2695179.857585225719959 ], [ 244410.940870464226464, 2695178.147349517792463 ] ] ] } },
{ "type": "Feature", "properties": { "rank": 62, "osm_id": 1076703107, "area_m2": 7410.1064705962026, "albedo": 0.42797880172729491, "lst_c": 55.778820800781247, "lst_anomaly_c": 1.7163411458333329, "albedo_gap": 0.17202119827270507, "delta_T_est_c": 0.78390165833257208, "delta_T_lo_c": 0.50624752204558554, "delta_T_hi_c": 1.0402444267304152, "cooling_c_m2": 5808.7947507212857, "dQ_mean_kW": 382.40861832008528, "dQ_peak_kW": 1210.96062468027, "rank_benefit": 62, "rank_hottest": 136, "rank_intensity": 3183 }, "geometry": { "type": "Polygon", "coordinates": [ [ [ 248489.034722396434518, 2693468.948027254082263 ], [ 248484.809292704303516, 2693566.215126702561975 ], [ 248560.850766112096608, 2693569.469079117756337 ], [ 248565.07671335793566, 2693472.202047766651958 ], [ 248489.034722396434518, 2693468.948027254082263 ] ] ] } },
{ "type": "Feature", "properties": { "rank": 63, "osm_id": 454798763, "area_m2": 5109.2385438842384, "albedo": 0.35391977855137419, "lst_c": 56.760149274553569, "lst_anomaly_c": 2.6976696196056551, "albedo_gap": 0.24608022144862579, "delta_T_est_c": 1.121389082353768, "delta_T_lo_c": 0.72419854985141507, "delta_T_hi_c": 1.4880932202594519, "cooling_c_m2": 5729.444322252848, "dQ_mean_kW": 377.18476569386632, "dQ_peak_kW": 1194.4184246972434, "rank_benefit": 63, "rank_hottest": 28, "rank_intensity": 1434 }, "geometry": { "type": "Polygon", "coordinates": [ [ [ 247691.864170316781383, 2694949.43227914813906 ], [ 247692.855339909903705, 2694914.626937381923199 ], [ 247836.366886099945987, 2694917.211398738902062 ], [ 247835.079313376976643, 2694953.628941024653614 ], [ 247691.864170316781383, 2694949.43227914813906 ] ] ] } },
{ "type": "Feature", "properties": { "rank": 64, "osm_id": 1077443323, "area_m2": 4966.0259399199631, "albedo": 0.35046720504760742, "lst_c": 51.842358398437497, "lst_anomaly_c": -2.2201212565104171, "albedo_gap": 0.24953279495239256, "delta_T_est_c": 1.137122481041221, "delta_T_lo_c": 0.73435925561624349, "delta_T_hi_c": 1.508971579329343, "cooling_c_m2": 5646.9797377168497, "dQ_mean_kW": 371.75589977829321, "dQ_peak_kW": 1177.2270159645952, "rank_benefit": 64, "rank_hottest": 3180, "rank_intensity": 1347 }, "geometry": { "type": "Polygon", "coordinates": [ [ [ 245208.930568524752744, 2693738.563459341879934 ], [ 245236.90743831184227, 2693739.221554357558489 ], [ 245237.809526312164962, 2693701.480192377697676 ], [ 245239.577205788431456, 2693701.525828789453954 ], [ 245239.445630869508022, 2693707.169233181048185 ], [ 245252.63146279178909, 2693707.474020305555314 ], [ 245252.758697234734427, 2693702.152089449111372 ], [ 245254.526376379420981, 2693702.197727722115815 ], [ 245253.617296079231892, 2693740.116531326435506 ], [ 245281.116654268029379, 2693740.761176299769431 ], [ 245283.091966414940543, 2693658.437452126760036 ], [ 245255.663506280572619, 2693657.791505298577249 ], [ 245255.078642990847584, 2693682.183717323001474 ], [ 245238.276215705205686, 2693681.789119621738791 ], [ 245238.866396642202744, 2693657.130826130509377 ], [ 245210.889365223643836, 2693656.472712900023907 ], [ 245208.930568524752744, 2693738.563459341879934 ] ] ] } },
{ "type": "Feature", "properties": { "rank": 65, "osm_id": 482273620, "area_m2": 6691.1017425669579, "albedo": 0.41510230302810669, "lst_c": 55.968132019042969, "lst_anomaly_c": 1.9056523640950545, "albedo_gap": 0.18489769697189329, "delta_T_est_c": 0.8425799420857697, "delta_T_lo_c": 0.54414224446667436, "delta_T_hi_c": 1.1181110277198896, "cooling_c_m2": 5637.7881187420599, "dQ_mean_kW": 371.15079072157573, "dQ_peak_kW": 1175.3108372849899, "rank_benefit": 65, "rank_hottest": 102, "rank_intensity": 2997 }, "geometry": { "type": "Polygon", "coordinates": [ [ [ 248139.930975105671678, 2697271.228219754528254 ], [ 248141.1936821785348, 2697235.132488103583455 ], [ 248146.465402644535061, 2697235.304152008611709 ], [ 248316.690444370353362, 2697241.214370226487517 ], [ 248326.462197220243979, 2697241.549461212940514 ], [ 248325.208178187167505, 2697277.589559595566243 ], [ 248139.930975105671678, 2697271.228219754528254 ] ] ] } },
{ "type": "Feature", "properties": { "rank": 66, "osm_id": 1077278609, "area_m2": 4938.7024444868275, "albedo": 0.35043350855509442, "lst_c": 55.456634521484375, "lst_anomaly_c": 1.3941548665364607, "albedo_gap": 0.24956649144490556, "delta_T_est_c": 1.1372760361648115, "delta_T_lo_c": 0.73445842226551472, "delta_T_hi_c": 1.5091753483350761, "cooling_c_m2": 5616.6679398634442, "dQ_mean_kW": 369.7603924082868, "dQ_peak_kW": 1170.9079092929082, "rank_benefit": 66, "rank_hottest": 226, "rank_intensity": 1344 }, "geometry": { "type": "Polygon", "coordinates": [ [ [ 244315.871883709012764, 2693916.416002669371665 ], [ 244383.712908745277673, 2693917.557433256879449 ], [ 244384.972467712097568, 2693844.777051972225308 ], [ 244317.131094537122408, 2693843.635584366042167 ], [ 244316.871784385555657, 2693859.011918673757464 ], [ 244315.871883709012764, 2693916.416002669371665 ] ] ] } },
{ "type": "Feature", "properties": { "rank": 67, "osm_id": 1072959492, "area_m2": 6287.0463797921775, "albedo": 0.40588085991995676, "lst_c": 55.041691371372771, "lst_anomaly_c": 0.9792117164248566, "albedo_gap": 0.19411914008004322, "delta_T_est_c": 0.88460211503470199, "delta_T_lo_c": 0.57128036912840663, "delta_T_hi_c": 1.173874822507887, "cooling_c_m2": 5561.5345248854264, "dQ_mean_kW": 366.13081106658188, "dQ_peak_kW": 1159.4142350441759, "rank_benefit": 67, "rank_hottest": 458, "rank_intensity": 2803 }, "geometry": { "type": "Polygon", "coordinates": [ [ [ 244482.181918262358522, 2695297.124198589473963 ], [ 244443.891186550783459, 2695296.411174460314214 ], [ 244440.116062242188491, 2695459.959953408688307 ], [ 244478.556889303174103, 2695461.135669362731278 ], [ 244482.181918262358522, 2695297.124198589473963 ] ] ] } },
{ "type": "Feature", "properties": { "rank": 68, "osm_id": 454798764, "area_m2": 5230.326653006683, "albedo": 0.36688024347478693, "lst_c": 56.92125909978693, "lst_anomaly_c": 2.8587794448390156, "albedo_gap": 0.23311975652521305, "delta_T_est_c": 1.0623281640004487, "delta_T_lo_c": 0.68605672013555086, "delta_T_hi_c": 1.4097188597748675, "cooling_c_m2": 5556.3233104112014, "dQ_mean_kW": 365.78774276887515, "dQ_peak_kW": 1158.3278521014379, "rank_benefit": 68, "rank_hottest": 19, "rank_intensity": 1778 }, "geometry": { "type": "Polygon", "coordinates": [ [ [ 247850.613147038384341, 2694953.029579972848296 ], [ 247851.284505363320932, 2694917.919706786982715 ], [ 247999.042530250444543, 2694922.358158457092941 ], [ 247997.732900010742014, 2694958.133259752765298 ], [ 247850.613147038384341, 2694953.029579972848296 ] ] ] } },
{ "type": "Feature", "properties": { "rank": 69, "osm_id": 1077443324, "area_m2": 4965.6555335360445, "albedo": 0.35513250827789306, "lst_c": 51.96453857421875, "lst_anomaly_c": -2.0979410807291643, "albedo_gap": 0.24486749172210692, "delta_T_est_c": 1.1158626655326256, "delta_T_lo_c": 0.72062956285954494, "delta_T_hi_c": 1.4807596163094221, "cooling_c_m2": 5540.9896197683629, "dQ_mean_kW": 364.77828457589158, "dQ_peak_kW": 1155.1312344903233, "rank_benefit": 69, "rank_hottest": 3129, "rank_intensity": 1460 }, "geometry": { "type": "Polygon", "coordinates": [ [ [ 245099.885866226861253, 2693733.0870610345155 ], [ 245127.862574731727364, 2693733.733862342312932 ], [ 245128.764574539673049, 2693696.003546807449311 ], [ 245130.532256511214655, 2693696.049169654492289 ], [ 245130.400524452474201, 2693701.681499924510717 ], [ 245143.586574993358226, 2693701.997264788951725 ], [ 245143.713768758811057, 2693696.67532934807241 ], [ 245145.481250131240813, 2693696.709875100292265 ], [ 245144.572459658491425, 2693734.628711387515068 ], [ 245172.072056434553815, 2693735.28422422753647 ], [ 245174.046739348996198, 2693652.960429091006517 ], [ 245146.618240975687513, 2693652.314692799467593 ], [ 245146.033564122073585, 2693676.706925848033279 ], [ 245129.231113418587483, 2693676.312457120977342 ], [ 245129.821105884446297, 2693651.654142382089049 ], [ 245101.844035462709144, 2693650.99624389782548 ], [ 245099.885866226861253, 2693733.0870610345155 ] ] ] } },
{ "type": "Feature", "properties": { "rank": 70, "osm_id": 1077443328, "area_m2": 4965.9643794108479, "albedo": 0.35520898378812349, "lst_c": 50.490403395432693, "lst_anomaly_c": -3.5720762595152209, "albedo_gap": 0.24479101621187649, "delta_T_est_c": 1.1155141661622374, "delta_T_lo_c": 0.72040450026295755, "delta_T_hi_c": 1.4802971545657686, "cooling_c_m2": 5539.6036138898644, "dQ_mean_kW": 364.68704007238858, "dQ_peak_kW": 1154.8422935625638, "rank_benefit": 70, "rank_hottest": 3524, "rank_intensity": 1463 }, "geometry": { "type": "Polygon", "coordinates": [ [ [ 245209.872316714958288, 2693836.18389237113297 ], [ 245237.848993440886261, 2693836.841972196940333 ], [ 245238.751045024517225, 2693799.100605658255517 ], [ 245240.528863260202343, 2693799.146057680249214 ], [ 245240.387142809981015, 2693804.789646181743592 ], [ 245253.572883736662334, 2693805.094426147639751 ], [ 245253.700113044615136, 2693799.772494648583233 ], [ 245255.467779995116871, 2693799.818131962791085 ], [ 245254.558736300619785, 2693837.736940149217844 ], [ 245282.068055643409025, 2693838.38138678856194 ], [ 245284.033137391612399, 2693756.05783607205376 ], [ 245256.60486652716645, 2693755.411904134787619 ], [ 245256.020026784099173, 2693779.80411910591647 ], [ 245239.217715445091017, 2693779.409530527889729 ], [ 245239.807872584118741, 2693754.751234057359397 ], [ 245211.841185207857052, 2693754.092952567152679 ], [ 245209.872316714958288, 2693836.18389237113297 ] ] ] } },
{ "type": "Feature", "properties": { "rank": 71, "osm_id": 117601172, "area_m2": 5535.3465446957043, "albedo": 0.38042497634887695, "lst_c": 54.367691040039062, "lst_anomaly_c": 0.3052113850911482, "albedo_gap": 0.21957502365112302, "delta_T_est_c": 1.000604733003075, "delta_T_lo_c": 0.64619542674188968, "delta_T_hi_c": 1.3278113214871283, "cooling_c_m2": 5538.6939514347387, "dQ_mean_kW": 364.62715454061646, "dQ_peak_kW": 1154.6526560452853, "rank_benefit": 71, "rank_hottest": 1271, "rank_intensity": 2161 }, "geometry": { "type": "Polygon", "coordinates": [ [ [ 248090.707376270263921, 2697604.835406861733645 ], [ 248331.798753325390862, 2697607.60430979449302 ], [ 248332.068433279026067, 2697584.647905227728188 ], [ 248090.976664774731034, 2697581.878963459748775 ], [ 248090.707376270263921, 2697604.835406861733645 ] ] ] } },
{ "type": "Feature", "properties": { "rank": 72, "osm_id": 454798766, "area_m2": 5162.4732237448361, "albedo": 0.36616349220275879, "lst_c": 57.041756766183035, "lst_anomaly_c": 2.9792771112351204, "albedo_gap": 0.23383650779724119, "delta_T_est_c": 1.0655944039545742, "delta_T_lo_c": 0.68816607386073558, "delta_T_hi_c": 1.4140531890526884, "cooling_c_m2": 5501.1025777878276, "dQ_mean_kW": 362.15241307117748, "dQ_peak_kW": 1146.8159747253951, "rank_benefit": 72, "rank_hottest": 15, "rank_intensity": 1753 }, "geometry": { "type": "Polygon", "coordinates": [ [ [ 247848.662214660347672, 2695006.847226996906102 ], [ 247850.628340841562022, 2694972.035570204257965 ], [ 247996.760471771005541, 2694975.860256150364876 ], [ 247994.486628127109725, 2695011.652605595532805 ], [ 247848.662214660347672, 2695006.847226996906102 ] ] ] } },
{ "type": "Feature", "properties": { "rank": 73, "osm_id": 1077443325, "area_m2": 4965.431118708485, "albedo": 0.35795712471008301, "lst_c": 52.440765380859375, "lst_anomaly_c": -1.6217142740885393, "albedo_gap": 0.24204287528991697, "delta_T_est_c": 1.1029908710818224, "delta_T_lo_c": 0.71231689509601437, "delta_T_hi_c": 1.4636786313451233, "cooling_c_m2": 5476.8251949210598, "dQ_mean_kW": 360.55416750786924, "dQ_peak_kW": 1141.7548637749192, "rank_benefit": 73, "rank_hottest": 2924, "rank_intensity": 1525 }, "geometry": { "type": "Polygon", "coordinates": [ [ [ 244987.320126234786585, 2693728.883184137754142 ], [ 245015.2970724311308, 2693729.54084246372804 ], [ 245016.198773953627096, 2693691.810493293683976 ], [ 245017.976609364588512, 2693691.855918534565717 ], [ 245017.844921832496766, 2693697.488253802061081 ], [ 245031.020838997093961, 2693697.804097652435303 ], [ 245031.147990689001745, 2693692.482157468330115 ], [ 245032.915474368113792, 2693692.516689194366336 ], [ 245032.006983668223256, 2693730.435559302102774 ], [ 245059.516567934479099, 2693731.079591476824135 ], [ 245061.480449028371368, 2693648.75590646546334 ], [ 245034.052114329038886, 2693648.121466715354472 ], [ 245033.467630308266962, 2693672.513721521478146 ], [ 245016.665157158015063, 2693672.119386085309088 ], [ 245017.254954685922712, 2693647.461049360223114 ], [ 244989.287997958046617, 2693646.803189208265394 ], [ 244987.320126234786585, 2693728.883184137754142 ] ] ] } },
{ "type": "Feature", "properties": { "rank": 74, "osm_id": 1076847398, "area_m2": 4676.7088041613115, "albedo": 0.34478575388590493, "lst_c": 52.800866699218751, "lst_anomaly_c": -1.2616129557291629, "albedo_gap": 0.25521424611409504, "delta_T_est_c": 1.1630128889218454, "delta_T_lo_c": 0.75107940755748981, "delta_T_hi_c": 1.543328379340309, "cooling_c_m2": 5439.0726169738755, "dQ_mean_kW": 358.06881352475403, "dQ_peak_kW": 1133.884576161721, "rank_benefit": 74, "rank_hottest": 2774, "rank_intensity": 1187 }, "geometry": { "type": "Polygon", "coordinates": [ [ [ 247225.491494178510038, 2695020.53921907953918 ], [ 247427.11794565586024, 2695025.867204521782696 ], [ 247427.738001759571489, 2695002.682782651856542 ], [ 247226.121570058632642, 2694997.365656217094511 ], [ 247225.491494178510038, 2695020.53921907953918 ] ] ] } },
{ "type": "Feature", "properties": { "rank": 75, "osm_id": 454798772, "area_m2": 4163.2496603625968, "albedo": 0.31444984012179905, "lst_c": 54.57061767578125, "lst_anomaly_c": 0.5081380208333357, "albedo_gap": 0.28555015987820093, "delta_T_est_c": 1.3012538344884348, "delta_T_lo_c": 0.84035608581734578, "delta_T_hi_c": 1.7267753355279918, "cooling_c_m2": 5417.4445844795027, "dQ_mean_kW": 356.64498183882159, "dQ_peak_kW": 1129.3757758229349, "rank_benefit": 75, "rank_hottest": 941, "rank_intensity": 601 }, "geometry": { "type": "Polygon", "coordinates": [ [ [ 247549.334196202806197, 2694884.315953417215496 ], [ 247377.685521269973833, 2694880.509899025317281 ], [ 247377.207397810940165, 2694904.245903349481523 ], [ 247526.494802604574943, 2694906.723691069986671 ], [ 247526.366872706654249, 2694914.317423519212753 ], [ 247548.680324582994217, 2694914.693423442542553 ], [ 247549.334196202806197, 2694884.315953417215496 ] ] ] } },
{ "type": "Feature", "properties": { "rank": 76, "osm_id": 483128806, "area_m2": 9094.1658193680832, "albedo": 0.46956480117071242, "lst_c": 55.278384254092259, "lst_anomaly_c": 1.2159045991443449, "albedo_gap": 0.13043519882928756, "delta_T_est_c": 0.59439400314560664, "delta_T_lo_c": 0.38386255216155873, "delta_T_hi_c": 0.78876609391209707, "cooling_c_m2": 5405.5176266441413, "dQ_mean_kW": 355.859798050736, "dQ_peak_kW": 1126.8893604939974, "rank_benefit": 76, "rank_hottest": 295, "rank_intensity": 3515 }, "geometry": { "type": "Polygon", "coordinates": [ [ [ 247786.877086053806124, 2693623.255884586367756 ], [ 247788.189911584340734, 2693569.494066733401269 ], [ 247625.530767945834668, 2693565.589019132778049 ], [ 247625.068542988650734, 2693584.58138736570254 ], [ 247587.99993315586471, 2693583.693425271194428 ], [ 247587.452572473906912, 2693605.867965060286224 ], [ 247602.883357678452739, 2693606.234499262645841 ], [ 247602.619142420619028, 2693617.000209752004594 ], [ 247694.198390927660512, 2693619.195585819892585 ], [ 247694.766297431953717, 2693595.89029888343066 ], [ 247717.958147003606427, 2693596.439466186333448 ], [ 247717.34210100636119, 2693621.596363667398691 ], [ 247786.877086053806124, 2693623.255884586367756 ] ] ] } },
{ "type": "Feature", "properties": { "rank": 77, "osm_id": 1077443327, "area_m2": 4966.1934112852468, "albedo": 0.36522078514099121, "lst_c": 50.736842564174104, "lst_anomaly_c": -3.3256370907738102, "albedo_gap": 0.23477921485900877, "delta_T_est_c": 1.0698903258320043, "delta_T_lo_c": 0.69094040120426525, "delta_T_hi_c": 1.4197539153404364, "cooling_c_m2": 5313.2822869447255, "dQ_mean_kW": 349.78769698185988, "dQ_peak_kW": 1107.661040442556, "rank_benefit": 77, "rank_hottest": 3488, "rank_intensity": 1731 }, "geometry": { "type": "Polygon", "coordinates": [ [ [ 245097.352126484969631, 2693833.884610924404114 ], [ 245125.328836836648406, 2693834.542468561325222 ], [ 245126.230589399143355, 2693796.801068309228867 ], [ 245127.998258838517359, 2693796.846689726691693 ], [ 245127.866734055947745, 2693802.490099811460823 ], [ 245141.052490787900751, 2693802.794775055255741 ], [ 245141.179677930893376, 2693797.472838800866157 ], [ 245142.937196076993132, 2693797.518645580857992 ], [ 245142.038603767374298, 2693835.437304157298058 ], [ 245169.53780521909357, 2693836.081715802196413 ], [ 245171.512385658774292, 2693753.757908094674349 ], [ 245144.084081825480098, 2693753.112193983513862 ], [ 245143.499435334437294, 2693777.504430757369846 ], [ 245126.697103806625819, 2693777.109975620172918 ], [ 245127.287065584590891, 2693752.451657117344439 ], [ 245099.310193595418241, 2693751.793781261425465 ], [ 245097.352126484969631, 2693833.884610924404114 ] ] ] } },
{ "type": "Feature", "properties": { "rank": 78, "osm_id": 1077443326, "area_m2": 4965.8381744507633, "albedo": 0.36758205625745988, "lst_c": 50.9810791015625, "lst_anomaly_c": -3.0814005533854143, "albedo_gap": 0.2324179437425401, "delta_T_est_c": 1.0591299988341758, "delta_T_lo_c": 0.68399132944105712, "delta_T_hi_c": 1.405474866341998, "cooling_c_m2": 5259.4681799167429, "dQ_mean_kW": 346.24496923921663, "dQ_peak_kW": 1096.4424025908527, "rank_benefit": 78, "rank_hottest": 3446, "rank_intensity": 1800 }, "geometry": { "type": "Polygon", "coordinates": [ [ [ 244985.068673773552291, 2693830.085788931231946 ], [ 245013.045420660608215, 2693830.743425108958036 ], [ 245013.947075811185641, 2693793.013070243410766 ], [ 245015.724898560758447, 2693793.058494078926742 ], [ 245015.583066961728036, 2693798.691013787407428 ], [ 245028.7690412364027, 2693799.006663614418358 ], [ 245028.896186387981288, 2693793.684722626116127 ], [ 245030.663657468219753, 2693793.719252952840179 ], [ 245029.755213386262767, 2693831.638128785416484 ], [ 245057.264601670147385, 2693832.282139183953404 ], [ 245059.228381621593144, 2693749.958441751543432 ], [ 245031.800242327939486, 2693749.324023713357747 ], [ 245031.215788295317907, 2693773.716282202862203 ], [ 245014.413434844755102, 2693773.321960066445172 ], [ 245015.003202063642675, 2693748.663619620259851 ], [ 244987.026293561269995, 2693748.00596521794796 ], [ 244985.068673773552291, 2693830.085788931231946 ] ] ] } },
{ "type": "Feature", "properties": { "rank": 79, "osm_id": 473856286, "area_m2": 5053.9685554744874, "albedo": 0.37260739008585614, "lst_c": 56.178548177083336, "lst_anomaly_c": 2.1160685221354214, "albedo_gap": 0.22739260991414384, "delta_T_est_c": 1.0362295216760669, "delta_T_lo_c": 0.66920208937283976, "delta_T_hi_c": 1.3750857308171904, "cooling_c_m2": 5237.0714188052107, "dQ_mean_kW": 344.77053007600773, "dQ_peak_kW": 1091.7733452406912, "rank_benefit": 79, "rank_hottest": 70, "rank_intensity": 1952 }, "geometry": { "type": "Polygon", "coordinates": [ [ [ 248590.559676933742594, 2697202.663687040098011 ], [ 248692.20954326732317, 2697205.658477235585451 ], [ 248693.698244425118901, 2697155.983057660516351 ], [ 248592.048022761067841, 2697152.988225687295198 ], [ 248590.559676933742594, 2697202.663687040098011 ] ] ] } },
{ "type": "Feature", "properties": { "rank": 80, "osm_id": 499254566, "area_m2": 4966.340623097667, "albedo": 0.37217929146506568, "lst_c": 50.37073308771307, "lst_anomaly_c": -3.6917465672348442, "albedo_gap": 0.2278207085349343, "delta_T_est_c": 1.0381803697235006, "delta_T_lo_c": 0.67046195657608254, "delta_T_hi_c": 1.3776745234127534, "cooling_c_m2": 5155.957344260376, "dQ_mean_kW": 339.43057187398131, "dQ_peak_kW": 1074.8634776009408, "rank_benefit": 80, "rank_hottest": 3536, "rank_intensity": 1937 }, "geometry": { "type": "Polygon", "coordinates": [ [ [ 245206.276547712855972, 2693936.125026148743927 ], [ 245234.253027961472981, 2693936.783081403467804 ], [ 245235.155030106543563, 2693899.041708827018738 ], [ 245236.932835860410705, 2693899.087159288115799 ], [ 245236.791122851107502, 2693904.730748699046671 ], [ 245249.976771170768188, 2693905.035517083480954 ], [ 245250.103993507305859, 2693899.713584732729942 ], [ 245251.871648047148483, 2693899.759220495354384 ], [ 245250.96265404188307, 2693937.678034748882055 ], [ 245278.471780185645912, 2693938.322457228787243 ], [ 245280.436754124850268, 2693855.998893346637487 ], [ 245253.008675879740622, 2693855.352985496167094 ], [ 245252.423868100682739, 2693879.745204371865839 ], [ 245235.621674761292525, 2693879.350630549713969 ], [ 245236.21179959436995, 2693854.692330135032535 ], [ 245208.235157703747973, 2693854.034256665967405 ], [ 245206.276547712855972, 2693936.125026148743927 ] ] ] } },
{ "type": "Feature", "properties": { "rank": 81, "osm_id": 1076847202, "area_m2": 8288.5228979376643, "albedo": 0.46351918307217682, "lst_c": 56.818697842684657, "lst_anomaly_c": 2.7562181877367422, "albedo_gap": 0.13648081692782316, "delta_T_est_c": 0.62194392199673842, "delta_T_lo_c": 0.40165442439794236, "delta_T_hi_c": 0.8253250796434507, "cooling_c_m2": 5154.9964387031232, "dQ_mean_kW": 339.36731287065015, "dQ_peak_kW": 1074.6631574237256, "rank_benefit": 81, "rank_hottest": 24, "rank_intensity": 3485 }, "geometry": { "type": "Polygon", "coordinates": [ [ [ 246423.644081195961917, 2693863.893951467704028 ], [ 246222.004174052970484, 2693858.855793402064592 ], [ 246220.956539811188122, 2693899.935270682442933 ], [ 246422.59586418615072, 2693904.973362326622009 ], [ 246423.644081195961917, 2693863.893951467704028 ] ] ] } },
{ "type": "Feature", "properties": { "rank": 82, "osm_id": 1076860382, "area_m2": 5858.7737806337955, "albedo": 0.40702322125434875, "lst_c": 56.336585998535156, "lst_anomaly_c": 2.274106343587242, "albedo_gap": 0.19297677874565122, "delta_T_est_c": 0.87939636740919569, "delta_T_lo_c": 0.5679184718702569, "delta_T_hi_c": 1.1669667494137226, "cooling_c_m2": 5152.1843801615996, "dQ_mean_kW": 339.18218747585718, "dQ_peak_kW": 1074.0769270068811, "rank_benefit": 82, "rank_hottest": 52, "rank_intensity": 2835 }, "geometry": { "type": "Polygon", "coordinates": [ [ [ 248115.507006686530076, 2693544.304117627441883 ], [ 248117.620919890789082, 2693480.177266432438046 ], [ 248029.827310823398875, 2693477.335127993952483 ], [ 248029.646681138401618, 2693482.569216628558934 ], [ 248025.877292836346896, 2693482.448177874088287 ], [ 248023.934269148565363, 2693541.341171538922936 ], [ 248115.507006686530076, 2693544.304117627441883 ] ] ] } },
{ "type": "Feature", "properties": { "rank": 83, "osm_id": 1077443329, "area_m2": 4965.9527241499927, "albedo": 0.37556441624959308, "lst_c": 51.231475830078125, "lst_anomaly_c": -2.8310038248697893, "albedo_gap": 0.2244355837504069, "delta_T_est_c": 1.0227543352643815, "delta_T_lo_c": 0.66049974813206647, "delta_T_hi_c": 1.3572040393895621, "cooling_c_m2": 5078.9496773423707, "dQ_mean_kW": 334.36094955645808, "dQ_peak_kW": 1058.8096735954505, "rank_benefit": 83, "rank_hottest": 3385, "rank_intensity": 2046 }, "geometry": { "type": "Polygon", "coordinates": [ [ [ 244982.259376955131302, 2693930.755455283913761 ], [ 245010.235925722721731, 2693931.413068302441388 ], [ 245011.137533226021333, 2693893.682707601692528 ], [ 245012.915343389991904, 2693893.728129965253174 ], [ 245012.773518955131294, 2693899.360650551505387 ], [ 245025.959399859653786, 2693899.676289464347064 ], [ 245026.086538291128818, 2693894.354347653221339 ], [ 245027.853996847348753, 2693894.388876515906304 ], [ 245026.945600665145321, 2693932.307758215349168 ], [ 245054.454794135934208, 2693932.951745843980461 ], [ 245056.418470162752783, 2693850.628035680390894 ], [ 245028.990525108412839, 2693849.993640346918255 ], [ 245028.406101888540434, 2693874.385902609676123 ], [ 245011.60386742305127, 2693873.991594383027405 ], [ 245012.193403114797547, 2693849.322171157225966 ], [ 244984.216893110773526, 2693848.67561887903139 ], [ 244982.259376955131302, 2693930.755455283913761 ] ] ] } },
{ "type": "Feature", "properties": { "rank": 84, "osm_id": 1036024098, "area_m2": 6405.9440294293026, "albedo": 0.42674309412638345, "lst_c": 55.081083170572917, "lst_anomaly_c": 1.0186035156250028, "albedo_gap": 0.17325690587361653, "delta_T_est_c": 0.78953278546861849, "delta_T_lo_c": 0.50988413147056233, "delta_T_hi_c": 1.0477169821934853, "cooling_c_m2": 5057.7028331113834, "dQ_mean_kW": 332.96221252154658, "dQ_peak_kW": 1054.3803396515641, "rank_benefit": 84, "rank_hottest": 422, "rank_intensity": 3174 }, "geometry": { "type": "Polygon", "coordinates": [ [ [ 248514.151566496497253, 2693023.435313878580928 ], [ 248570.247192932874896, 2693022.978125428315252 ], [ 248567.668648488848703, 2693138.63446047808975 ], [ 248512.288440130971139, 2693137.616087172646075 ], [ 248514.151566496497253, 2693023.435313878580928 ] ] ] } },
{ "type": "Feature", "properties": { "rank": 85, "osm_id": 1076703105, "area_m2": 9408.4055399291774, "albedo": 0.48207505544026691, "lst_c": 56.50469970703125, "lst_anomaly_c": 2.4422200520833357, "albedo_gap": 0.11792494455973307, "delta_T_est_c": 0.53738469751038387, "delta_T_lo_c": 0.34704566396570963, "delta_T_hi_c": 0.71311424163134618, "cooling_c_m2": 5055.9331651298608, "dQ_mean_kW": 332.84571050749014, "dQ_peak_kW": 1054.0114166070521, "rank_benefit": 85, "rank_hottest": 39, "rank_intensity": 3555 }, "geometry": { "type": "Polygon", "coordinates": [ [ [ 248284.853829562751343, 2693264.754001564346254 ], [ 248128.147610703017563, 2693259.428842349909246 ], [ 248126.081096124718897, 2693319.398947442881763 ], [ 248282.776504548353842, 2693324.72420711396262 ], [ 248284.853829562751343, 2693264.754001564346254 ] ] ] } },
{ "type": "Feature", "properties": { "rank": 86, "osm_id": 454798767, "area_m2": 5025.2603184472737, "albedo": 0.37932702473231722, "lst_c": 56.85404314313616, "lst_anomaly_c": 2.7915634881882454, "albedo_gap": 0.22067297526768276, "delta_T_est_c": 1.0056081052713326, "delta_T_lo_c": 0.6494266290052767, "delta_T_hi_c": 1.3344508406941464, "cooling_c_m2": 5053.4425073289767, "dQ_mean_kW": 332.68174378991483, "dQ_peak_kW": 1053.4921886680636, "rank_benefit": 86, "rank_hottest": 20, "rank_intensity": 2138 }, "geometry": { "type": "Polygon", "coordinates": [ [ [ 247690.559037174272817, 2695003.559837175998837 ], [ 247834.079833983938443, 2695006.144014587625861 ], [ 247835.732625531207304, 2694971.980736678466201 ], [ 247690.57443189661717, 2694968.129185685887933 ], [ 247690.559037174272817, 2695003.559837175998837 ] ] ] } },
{ "type": "Feature", "properties": { "rank": 87, "osm_id": 1072959491, "area_m2": 5807.6080812243872, "albedo": 0.41115477681159973, "lst_c": 55.447479248046875, "lst_anomaly_c": 1.3849995930989607, "albedo_gap": 0.18884522318840025, "delta_T_est_c": 0.86056884332877492, "delta_T_lo_c": 0.55575956480499988, "delta_T_hi_c": 1.1419824586093763, "cooling_c_m2": 4997.846568966117, "dQ_mean_kW": 329.02171328687291, "dQ_peak_kW": 1041.9020920750975, "rank_benefit": 87, "rank_hottest": 232, "rank_intensity": 2905 }, "geometry": { "type": "Polygon", "coordinates": [ [ [ 244344.381880457047373, 2695293.772297097370028 ], [ 244309.004124369763304, 2695293.00678040413186 ], [ 244305.360796436900273, 2695457.018841923214495 ], [ 244340.768593139917357, 2695457.783760566264391 ], [ 244344.381880457047373, 2695293.772297097370028 ] ] ] } },
{ "type": "Feature", "properties": { "rank": 88, "osm_id": 1076669428, "area_m2": 4166.3591432669109, "albedo": 0.33683472871780396, "lst_c": 54.102798461914062, "lst_anomaly_c": 0.040318806966148202, "albedo_gap": 0.26316527128219602, "delta_T_est_c": 1.1992457595058388, "delta_T_lo_c": 0.77447877245839047, "delta_T_hi_c": 1.5914097187389469, "cooling_c_m2": 4996.4885351412222, "dQ_mean_kW": 328.93231025906834, "dQ_peak_kW": 1041.6189824870496, "rank_benefit": 88, "rank_hottest": 1736, "rank_intensity": 994 }, "geometry": { "type": "Polygon", "coordinates": [ [ [ 248674.140929636894725, 2697545.732205793727189 ], [ 248676.454143042414216, 2697464.357628241647035 ], [ 248625.286298074235674, 2697462.932913993950933 ], [ 248622.983328028290998, 2697544.296265510842204 ], [ 248674.140929636894725, 2697545.732205793727189 ] ] ] } },
{ "type": "Feature", "properties": { "rank": 89, "osm_id": 1076703201, "area_m2": 4205.7137744606562, "albedo": 0.34375192902304907, "lst_c": 53.774735884232953, "lst_anomaly_c": -0.28774377071496104, "albedo_gap": 0.2562480709769509, "delta_T_est_c": 1.1677240351791423, "delta_T_lo_c": 0.75412188883482756, "delta_T_hi_c": 1.5495801120488342, "cooling_c_m2": 4911.1130595216982, "dQ_mean_kW": 323.31181253602028, "dQ_peak_kW": 1023.8207396973976, "rank_benefit": 89, "rank_hottest": 2177, "rank_intensity": 1162 }, "geometry": { "type": "Polygon", "coordinates": [ [ [ 247364.608913589356234, 2694596.80201656697318 ], [ 247291.289236025419086, 2694594.470413285307586 ], [ 247286.481575639918447, 2694743.10525826504454 ], [ 247307.602593875053572, 2694743.779350402299315 ], [ 247311.74980460840743, 2694615.492596276570112 ], [ 247363.948168824863387, 2694617.150071827694774 ], [ 247364.608913589356234, 2694596.80201656697318 ] ] ] } },
{ "type": "Feature", "properties": { "rank": 90, "osm_id": 1077443330, "area_m2": 4965.7950672514871, "albedo": 0.38308356602986654, "lst_c": 50.86045735677083, "lst_anomaly_c": -3.2020222981770843, "albedo_gap": 0.21691643397013344, "delta_T_est_c": 0.98848952347843411, "delta_T_lo_c": 0.63837136522126658, "delta_T_hi_c": 1.3117343314046146, "cooling_c_m2": 4908.636399718981, "dQ_mean_kW": 323.14876734440145, "dQ_peak_kW": 1023.304429923938, "rank_benefit": 90, "rank_hottest": 3469, "rank_intensity": 2226 }, "geometry": { "type": "Polygon", "coordinates": [ [ [ 245093.966844883427257, 2693933.068436251021922 ], [ 245121.943360199482413, 2693933.726269856560975 ], [ 245122.845264475297881, 2693895.995942626614124 ], [ 245124.62307248491561, 2693896.041379004716873 ], [ 245124.481203754374292, 2693901.673894537612796 ], [ 245137.667068848852068, 2693901.989637411665171 ], [ 245137.794249139958993, 2693896.667700322344899 ], [ 245139.561705639003776, 2693896.702243123669177 ], [ 245138.653011202259222, 2693934.621091169305146 ], [ 245166.162171803764068, 2693935.265295701567084 ], [ 245168.126495358184911, 2693852.941658531315625 ], [ 245140.698583014047472, 2693852.307046934962273 ], [ 245140.11396793986205, 2693876.699287548195571 ], [ 245123.311753558693454, 2693876.304846842773259 ], [ 245123.901683584001148, 2693851.646524460520595 ], [ 245095.925006647361442, 2693850.988672636449337 ], [ 245093.966844883427257, 2693933.068436251021922 ] ] ] } },
{ "type": "Feature", "properties": { "rank": 91, "osm_id": 842543027, "area_m2": 6126.3865567063076, "albedo": 0.42751776377360023, "lst_c": 54.188789876302081, "lst_anomaly_c": 0.12631022135416714, "albedo_gap": 0.17248223622639974, "delta_T_est_c": 0.78600261112260306, "delta_T_lo_c": 0.50760432762519136, "delta_T_hi_c": 1.0430324096456474, "cooling_c_m2": 4815.3558303175714, "dQ_mean_kW": 317.0078559864171, "dQ_peak_kW": 1003.8582106236541, "rank_benefit": 91, "rank_hottest": 1601, "rank_intensity": 3180 }, "geometry": { "type": "Polygon", "coordinates": [ [ [ 244606.374524626764469, 2698009.027916994411498 ], [ 244608.018291833053809, 2697953.60683616111055 ], [ 244718.472398496145615, 2697956.822826103772968 ], [ 244716.838147397997091, 2698012.232592708431184 ], [ 244606.374524626764469, 2698009.027916994411498 ] ] ] } },
{ "type": "Feature", "properties": { "rank": 92, "osm_id": 1029559972, "area_m2": 4287.3823966990867, "albedo": 0.35472941398620605, "lst_c": 53.958201090494789, "lst_anomaly_c": -0.104278564453125, "albedo_gap": 0.24527058601379392, "delta_T_est_c": 1.1176995686985767, "delta_T_lo_c": 0.72181584390145326, "delta_T_hi_c": 1.4831972030405034, "cooling_c_m2": 4792.0054556364394, "dQ_mean_kW": 315.47063787108283, "dQ_peak_kW": 998.99035325842874, "rank_benefit": 92, "rank_hottest": 1953, "rank_intensity": 1450 }, "geometry": { "type": "Polygon", "coordinates": [ [ [ 244349.46137384645408, 2697972.498126044869423 ], [ 244384.734960095083807, 2697973.486574077047408 ], [ 244387.822733088571113, 2697851.177219979465008 ], [ 244352.700489711656701, 2697851.27208757866174 ], [ 244349.46137384645408, 2697972.498126044869423 ] ] ] } },
{ "type": "Feature", "properties": { "rank": 93, "osm_id": 499254576, "area_m2": 4882.5896850517665, "albedo": 0.38722601803866302, "lst_c": 53.77741033380682, "lst_anomaly_c": -0.28506932114109418, "albedo_gap": 0.21277398196133696, "delta_T_est_c": 0.96961234420131537, "delta_T_lo_c": 0.62618039058730646, "delta_T_hi_c": 1.2866841477155238, "cooling_c_m2": 4734.2192302962058, "dQ_mean_kW": 311.66641487154436, "dQ_peak_kW": 986.94364709322372, "rank_benefit": 93, "rank_hottest": 2173, "rank_intensity": 2355 }, "geometry": { "type": "Polygon", "coordinates": [ [ [ 248216.985194635140942, 2694149.071406671777368 ], [ 248224.346236236218829, 2694149.615946847014129 ], [ 248224.647384472045815, 2694159.0859564114362 ], [ 248216.703032973397058, 2694163.971093448810279 ], [ 248213.266975397214992, 2694169.994761380366981 ], [ 248213.901978073758073, 2694174.848560174461454 ], [ 248215.757809853472281, 2694179.835704556200653 ], [ 248219.916135962499538, 2694183.551583125721663 ], [ 248225.378564508602722, 2694184.673069374635816 ], [ 248231.886388752842322, 2694182.927727780304849 ], [ 248236.697258657775819, 2694177.6996013764292 ], [ 248238.063531656633131, 2694170.626839885953814 ], [ 248246.376332189684035, 2694171.021403277292848 ], [ 248246.377344064618228, 2694178.468707123305649 ], [ 248276.601290343009168, 2694185.65331124374643 ], [ 248274.115088695660233, 2694153.326248100027442 ], [ 248269.875661208992824, 2694152.459959389641881 ], [ 248270.408645002549747, 2694120.899071188177913 ], [ 248275.438361291366164, 2694120.53219289612025 ], [ 248277.710596774413716, 2694087.998251920100302 ], [ 248248.406402695487486, 2694093.663774990011007 ], [ 248247.996182672941359, 2694101.395480445586145 ], [ 248239.822421888849931, 2694101.39739221194759 ], [ 248239.930694035865599, 2694099.500381100457162 ], [ 248239.562443976494251, 2694094.231772002764046 ], [ 248234.154572230327176, 2694088.776113721076399 ], [ 248227.045798602048308, 2694087.008003731723875 ], [ 248221.616716837015701, 2694088.324028910137713 ], [ 248215.991398612299236, 2694093.433716749306768 ], [ 248214.456301605532644, 2694099.013381560333073 ], [ 248215.509594876901247, 2694104.54681299161166 ], [ 248219.814343410282163, 2694109.06908788671717 ], [ 248225.714284619316459, 2694111.944852207321674 ], [ 248225.484773053991375, 2694121.834385605528951 ], [ 248217.859349328762619, 2694121.837599647697061 ], [ 248218.119339523778763, 2694129.003220605198294 ], [ 248218.161524381866911, 2694138.75491400109604 ], [ 248216.985194635140942, 2694149.071406671777368 ] ] ] } },
{ "type": "Feature", "properties": { "rank": 94, "osm_id": 774162495, "area_m2": 8164.3898604495944, "albedo": 0.47542331332252141, "lst_c": 54.583031063988095, "lst_anomaly_c": 0.5205514090401806, "albedo_gap": 0.12457668667747857, "delta_T_est_c": 0.567696727244272, "delta_T_lo_c": 0.36662132090920174, "delta_T_hi_c": 0.7533385729086074, "cooling_c_m2": 4634.897403723553, "dQ_mean_kW": 305.12779126740355, "dQ_peak_kW": 966.23800568011143, "rank_benefit": 94, "rank_hottest": 923, "rank_intensity": 3532 }, "geometry": { "type": "Polygon", "coordinates": [ [ [ 248506.097840432717931, 2697083.263899926096201 ], [ 248563.563716340460815, 2697084.265541065018624 ], [ 248565.392025994049618, 2696942.21270788135007 ], [ 248508.052556318871211, 2696940.931682144291699 ], [ 248506.097840432717931, 2697083.263899926096201 ] ] ] } },
{ "type": "Feature", "properties": { "rank": 95, "osm_id": 1077375588, "area_m2": 4366.8442226613424, "albedo": 0.36758311589558917, "lst_c": 53.576375325520836, "lst_anomaly_c": -0.4861043294270786, "albedo_gap": 0.2324168841044108, "delta_T_est_c": 1.0591251700567046, "delta_T_lo_c": 0.68398821099296703, "delta_T_hi_c": 1.4054684585116293, "cooling_c_m2": 4625.0346299373323, "dQ_mean_kW": 304.47849828008913, "dQ_peak_kW": 964.18191122028236, "rank_benefit": 95, "rank_hottest": 2347, "rank_intensity": 1801 }, "geometry": { "type": "Polygon", "coordinates": [ [ [ 246442.895803706225706, 2698065.001091565005481 ], [ 246444.560934131761314, 2697996.846776011865586 ], [ 246380.520263533253456, 2697995.318751107435673 ], [ 246378.855241151060909, 2698063.462022397201508 ], [ 246442.895803706225706, 2698065.001091565005481 ] ] ] } },
{ "type": "Feature", "properties": { "rank": 96, "osm_id": 1076860383, "area_m2": 7664.7586678984962, "albedo": 0.46952493567215769, "lst_c": 56.354068153782897, "lst_anomaly_c": 2.2915884988349831, "albedo_gap": 0.13047506432784228, "delta_T_est_c": 0.59457567046766402, "delta_T_lo_c": 0.3839798738059903, "delta_T_hi_c": 0.78900716805357951, "cooling_c_m2": 4557.2790239385877, "dQ_mean_kW": 300.01796407543287, "dQ_peak_kW": 950.0568862388709, "rank_benefit": 96, "rank_hottest": 50, "rank_intensity": 3514 }, "geometry": { "type": "Polygon", "coordinates": [ [ [ 248129.633837136643706, 2693588.203735228162259 ], [ 248024.119219040498137, 2693585.212825438473374 ], [ 248019.704665777710034, 2693624.556432795710862 ], [ 248059.572308773407713, 2693664.471797879319638 ], [ 248128.565957110491581, 2693665.4112125816755 ], [ 248129.633837136643706, 2693588.203735228162259 ] ] ] } },
{ "type": "Feature", "properties": { "rank": 97, "osm_id": 1076780908, "area_m2": 5928.8144459151863, "albedo": 0.43193409993098331, "lst_c": 54.800753079927887, "lst_anomaly_c": 0.7382734249799725, "albedo_gap": 0.16806590006901667, "delta_T_est_c": 0.76587734009618902, "delta_T_lo_c": 0.49460732923984613, "delta_T_hi_c": 1.0163259971777912, "cooling_c_m2": 4540.7446377613833, "dQ_mean_kW": 298.92946085847723, "dQ_peak_kW": 946.60995938517794, "rank_benefit": 97, "rank_hottest": 678, "rank_intensity": 3236 }, "geometry": { "type": "Polygon", "coordinates": [ [ [ 245293.559983438259223, 2695095.680204026866704 ], [ 245358.608524473616853, 2695097.153244361281395 ], [ 245360.708744019299047, 2695006.049753197934479 ], [ 245295.669935658253962, 2695004.576482735574245 ], [ 245293.559983438259223, 2695095.680204026866704 ] ] ] } },
{ "type": "Feature", "properties": { "rank": 98, "osm_id": 774162493, "area_m2": 6306.764565705691, "albedo": 0.44226810667249894, "lst_c": 54.293253580729164, "lst_anomaly_c": 0.23077392578125, "albedo_gap": 0.15773189332750104, "delta_T_est_c": 0.71878520782856103, "delta_T_lo_c": 0.46419500007212888, "delta_T_hi_c": 0.95383432157851766, "cooling_c_m2": 4533.2090790865695, "dQ_mean_kW": 298.43337471586608, "dQ_peak_kW": 945.03901993357579, "rank_benefit": 98, "rank_hottest": 1405, "rank_intensity": 3334 }, "geometry": { "type": "Polygon", "coordinates": [ [ [ 248387.397687358141411, 2696920.390719757881016 ], [ 248387.713490362482844, 2696885.23185379197821 ], [ 248566.07799503885326, 2696889.670175480190665 ], [ 248565.303030495415442, 2696925.291566546075046 ], [ 248387.397687358141411, 2696920.390719757881016 ] ] ] } },
{ "type": "Feature", "properties": { "rank": 99, "osm_id": 1076847394, "area_m2": 3276.4953341163318, "albedo": 0.29651124136788504, "lst_c": 54.133318219866069, "lst_anomaly_c": 0.0708385649181551, "albedo_gap": 0.30348875863211494, "delta_T_est_c": 1.3830001393192102, "delta_T_lo_c": 0.89314824898866785, "delta_T_hi_c": 1.835253404303735, "cooling_c_m2": 4531.3935035616287, "dQ_mean_kW": 298.31385048446469, "dQ_peak_kW": 944.66052653413817, "rank_benefit": 99, "rank_hottest": 1692, "rank_intensity": 388 }, "geometry": { "type": "Polygon", "coordinates": [ [ [ 247227.557794837455731, 2694900.268975059967488 ], [ 247364.905393543303944, 2694903.890164992306381 ], [ 247365.544109485665103, 2694880.051537319086492 ], [ 247228.196280404779827, 2694876.430320917163044 ], [ 247227.557794837455731, 2694900.268975059967488 ] ] ] } },
{ "type": "Feature", "properties": { "rank": 100, "osm_id": 1077443317, "area_m2": 3975.3273355106535, "albedo": 0.35181946224636501, "lst_c": 51.934672037760414, "lst_anomaly_c": -2.1278076171875, "albedo_gap": 0.24818053775363497, "delta_T_est_c": 1.1309602366710954, "delta_T_lo_c": 0.73037964808581535, "delta_T_hi_c": 1.5007942266039909, "cooling_c_m2": 4495.9371442142037, "dQ_mean_kW": 295.97966276212765, "dQ_peak_kW": 937.26893208007084, "rank_benefit": 100, "rank_hottest": 3144, "rank_intensity": 1373 }, "geometry": { "type": "Polygon", "coordinates": [ [ [ 245319.847323332505766, 2693738.63182978797704 ], [ 245341.911685689148726, 2693739.142039676662534 ], [ 245342.795207074988866, 2693702.043838085606694 ], [ 245345.111439846950816, 2693702.101744587067515 ], [ 245344.984170688927406, 2693707.423671529628336 ], [ 245357.723144952266011, 2693707.725545100402087 ], [ 245357.850418881454971, 2693702.403618695680052 ], [ 245360.318916497781174, 2693702.458777570631355 ], [ 245359.428800214634975, 2693739.756578340660781 ], [ 245382.214673167094588, 2693740.298149452079087 ], [ 245384.111630128347315, 2693660.912794314324856 ], [ 245361.813280246657087, 2693660.384566640947014 ], [ 245361.212588812864851, 2693685.597149919718504 ], [ 245346.258869897254044, 2693685.235530669800937 ], [ 245346.847236930887448, 2693660.46646884130314 ], [ 245321.735037060629111, 2693659.878302001394331 ], [ 245319.847323332505766, 2693738.63182978797704 ] ] ] } },
{ "type": "Feature", "properties": { "rank": 101, "osm_id": 1077443318, "area_m2": 3975.4636886380645, "albedo": 0.35234912236531574, "lst_c": 52.310160319010414, "lst_anomaly_c": -1.7523193359375, "albedo_gap": 0.24765087763468424, "delta_T_est_c": 1.1285465722520167, "delta_T_lo_c": 0.72882089180788212, "delta_T_hi_c": 1.4975912725940645, "cooling_c_m2": 4486.4959189248466, "dQ_mean_kW": 295.35812144881072, "dQ_peak_kW": 935.30071792123397, "rank_benefit": 101, "rank_hottest": 2980, "rank_intensity": 1391 }, "geometry": { "type": "Polygon", "coordinates": [ [ [ 245409.781758638651809, 2693741.883837903849781 ], [ 245431.846097663132241, 2693742.394187657628208 ], [ 245432.7400044251699, 2693705.295829162467271 ], [ 245435.056234720861539, 2693705.353750344831496 ], [ 245434.928931938338792, 2693710.675673499237746 ], [ 245447.657741680188337, 2693710.977811102289706 ], [ 245447.785049230005825, 2693705.655888486187905 ], [ 245450.263695255998755, 2693705.710879735182971 ], [ 245449.36319233852555, 2693743.008837244939059 ], [ 245472.149041104450589, 2693743.55055278679356 ], [ 245474.046299567155074, 2693664.154175201896578 ], [ 245451.758324386290042, 2693663.636701855808496 ], [ 245451.147122611728264, 2693688.838371536694467 ], [ 245436.193619634432252, 2693688.487736444920301 ], [ 245436.792294183425838, 2693663.718508938793093 ], [ 245411.669969876937103, 2693663.130366205237806 ], [ 245409.781758638651809, 2693741.883837903849781 ] ] ] } },
{ "type": "Feature", "properties": { "rank": 102, "osm_id": 1076847393, "area_m2": 3580.9687489628504, "albedo": 0.32507599724663627, "lst_c": 53.244316948784721, "lst_anomaly_c": -0.81816270616319287, "albedo_gap": 0.27492400275336371, "delta_T_est_c": 1.2528303711275004, "delta_T_lo_c": 0.80908397652307251, "delta_T_hi_c": 1.6625169718049928, "cooling_c_m2": 4486.3464067591085, "dQ_mean_kW": 295.3482786598716, "dQ_peak_kW": 935.2695490895934, "rank_benefit": 102, "rank_hottest": 2562, "rank_intensity": 770 }, "geometry": { "type": "Polygon", "coordinates": [ [ [ 247443.675320456182817, 2694984.942339827306569 ], [ 247445.388299436715897, 2694921.331897436641157 ], [ 247389.132880896446295, 2694919.846710418816656 ], [ 247387.420153699553339, 2694983.45718176336959 ], [ 247443.675320456182817, 2694984.942339827306569 ] ] ] } },
{ "type": "Feature", "properties": { "rank": 103, "osm_id": 1077443319, "area_m2": 3975.2218516152975, "albedo": 0.35837112154279438, "lst_c": 53.586207798549104, "lst_anomaly_c": -0.4762718563988102, "albedo_gap": 0.2416288784572056, "delta_T_est_c": 1.1011042849693806, "delta_T_lo_c": 0.71109852856445122, "delta_T_hi_c": 1.4611751149050778, "cooling_c_m2": 4377.1338145175196, "dQ_mean_kW": 288.15851928731416, "dQ_peak_kW": 912.50197774316155, "rank_benefit": 103, "rank_hottest": 2337, "rank_intensity": 1535 }, "geometry": { "type": "Polygon", "coordinates": [ [ [ 245497.293905631260714, 2693746.521128139458597 ], [ 245519.358419639291242, 2693747.042692723218352 ], [ 245520.242402868927456, 2693709.944543109741062 ], [ 245522.558630512561649, 2693710.002478554844856 ], [ 245522.431295101356227, 2693715.324398033320904 ], [ 245535.160090369201498, 2693715.626614019274712 ], [ 245535.28743054709048, 2693710.304695077240467 ], [ 245537.766073777456768, 2693710.359701591543853 ], [ 245536.875493169325637, 2693747.657450085040182 ], [ 245559.651165047864197, 2693748.199489156715572 ], [ 245561.559061309264507, 2693668.802983177825809 ], [ 245539.260960374376737, 2693668.285555772483349 ], [ 245538.659755111380946, 2693693.487024792935699 ], [ 245523.696118101855973, 2693693.136480827815831 ], [ 245524.294944499561097, 2693668.367270461283624 ], [ 245499.17264871156658, 2693667.778973024338484 ], [ 245497.293905631260714, 2693746.521128139458597 ] ] ] } },
{ "type": "Feature", "properties": { "rank": 104, "osm_id": 1077457847, "area_m2": 3352.1709838910765, "albedo": 0.31349492073059082, "lst_c": 52.70721435546875, "lst_anomaly_c": -1.3552652994791643, "albedo_gap": 0.28650507926940916, "delta_T_est_c": 1.3056054080262227, "delta_T_lo_c": 0.84316635327511613, "delta_T_hi_c": 1.7325499120607424, "cooling_c_m2": 4376.6125651967732, "dQ_mean_kW": 288.12420403929787, "dQ_peak_kW": 912.39331279110991, "rank_benefit": 104, "rank_hottest": 2813, "rank_intensity": 586 }, "geometry": { "type": "Polygon", "coordinates": [ [ [ 250493.55190699614468, 2693921.136805519461632 ], [ 250491.318023767409613, 2694002.020527996122837 ], [ 250489.70447227844852, 2694084.101234981324524 ], [ 250491.544246847624891, 2694084.212737886235118 ], [ 250491.216361377271824, 2694104.122061976231635 ], [ 250509.565195274772123, 2694104.196245756465942 ], [ 250509.986179160478059, 2694083.808745158836246 ], [ 250508.148954026546562, 2694083.841262517962605 ], [ 250510.663210858881939, 2693941.346992498729378 ], [ 250512.437198614032241, 2693941.182610963936895 ], [ 250512.45145977550419, 2693921.334256268572062 ], [ 250493.55190699614468, 2693921.136805519461632 ] ] ] } },
{ "type": "Feature", "properties": { "rank": 105, "osm_id": 1076860318, "area_m2": 3763.0145261378211, "albedo": 0.34503587086995441, "lst_c": 55.514058430989586, "lst_anomaly_c": 1.4515787760416714, "albedo_gap": 0.25496412913004557, "delta_T_est_c": 1.1618731042874966, "delta_T_lo_c": 0.75034332907025691, "delta_T_hi_c": 1.541815875060019, "cooling_c_m2": 4372.1453689626933, "dQ_mean_kW": 287.83011646813219, "dQ_peak_kW": 911.46203548241874, "rank_benefit": 105, "rank_hottest": 201, "rank_intensity": 1194 }, "geometry": { "type": "Polygon", "coordinates": [ [ [ 244462.814313637674786, 2693857.041860852856189 ], [ 244461.465901584218955, 2693900.853794152382761 ], [ 244547.275918857601937, 2693903.454618560150266 ], [ 244548.624594984343275, 2693859.642716949339956 ], [ 244462.814313637674786, 2693857.041860852856189 ] ] ] } },
{ "type": "Feature", "properties": { "rank": 106, "osm_id": 1077443333, "area_m2": 3977.8263275914396, "albedo": 0.36046128802829319, "lst_c": 50.500264485677086, "lst_anomaly_c": -3.5622151692708286, "albedo_gap": 0.23953871197170679, "delta_T_est_c": 1.0915793834419758, "delta_T_lo_c": 0.70494730060783029, "delta_T_hi_c": 1.4485354864214304, "cooling_c_m2": 4342.1132101115227, "dQ_mean_kW": 285.85301848751942, "dQ_peak_kW": 905.20122521047801, "rank_benefit": 106, "rank_hottest": 3521, "rank_intensity": 1594 }, "geometry": { "type": "Polygon", "coordinates": [ [ [ 245404.27696758750244, 2693941.990127951838076 ], [ 245426.341196058638161, 2693942.51152050960809 ], [ 245427.22485904104542, 2693905.413333925884217 ], [ 245429.022962521878071, 2693905.458441852591932 ], [ 245428.897273749782471, 2693910.868998197373003 ], [ 245441.910328421654413, 2693911.177061190828681 ], [ 245442.03602214899729, 2693905.766505401581526 ], [ 245444.74830318626482, 2693905.828355787787586 ], [ 245443.858044568420155, 2693943.126141463406384 ], [ 245466.633421735663433, 2693943.668002970516682 ], [ 245468.540632424497744, 2693864.271417751442641 ], [ 245446.242820121871773, 2693863.754164194688201 ], [ 245445.64183241216233, 2693888.95565833337605 ], [ 245430.678389069653349, 2693888.605231031309813 ], [ 245431.277001539274352, 2693863.835995914414525 ], [ 245406.155030893860385, 2693863.247894344851375 ], [ 245404.27696758750244, 2693941.990127951838076 ] ] ] } },
{ "type": "Feature", "properties": { "rank": 107, "osm_id": 1077443320, "area_m2": 3975.3045892320984, "albedo": 0.36469294808127661, "lst_c": 52.169999556107953, "lst_anomaly_c": -1.892480098839961, "albedo_gap": 0.23530705191872336, "delta_T_est_c": 1.0722956825589334, "delta_T_lo_c": 0.69249379233400687, "delta_T_hi_c": 1.4229458449694781, "cooling_c_m2": 4262.701947890293, "dQ_mean_kW": 280.62516101135304, "dQ_peak_kW": 888.6463432026178, "rank_benefit": 107, "rank_hottest": 3039, "rank_intensity": 1717 }, "geometry": { "type": "Polygon", "coordinates": [ [ [ 245496.318445418175543, 2693843.233962762635201 ], [ 245518.382808969559846, 2693843.755512516479939 ], [ 245519.266751789167756, 2693806.657357901800424 ], [ 245521.582963642547838, 2693806.715291790664196 ], [ 245521.455634031823138, 2693812.037211987189949 ], [ 245534.194293458334869, 2693812.32815726287663 ], [ 245534.321627840952715, 2693807.00623760279268 ], [ 245536.790303208632395, 2693807.072504606097937 ], [ 245535.899763238005107, 2693844.370258127804846 ], [ 245558.685230760078412, 2693844.901019753422588 ], [ 245560.583089492021827, 2693765.515765201766044 ], [ 245538.285140609485097, 2693764.998352784197778 ], [ 245537.683962800831068, 2693790.199825201649219 ], [ 245522.73057876949315, 2693789.849108065478504 ], [ 245523.319227187312208, 2693765.0800775825046 ], [ 245498.207053671736503, 2693764.480534852482378 ], [ 245496.318445418175543, 2693843.233962762635201 ] ] ] } },
{ "type": "Feature", "properties": { "rank": 108, "osm_id": 1072959480, "area_m2": 4304.3374660491791, "albedo": 0.38445532321929932, "lst_c": 54.695978800455727, "lst_anomaly_c": 0.6334991455078125, "albedo_gap": 0.21554467678070066, "delta_T_est_c": 0.98223841753089114, "delta_T_lo_c": 0.63433437044985674, "delta_T_hi_c": 1.3034390585808975, "cooling_c_m2": 4227.8856211710718, "dQ_mean_kW": 278.33310836238917, "dQ_peak_kW": 881.38817648089889, "rank_benefit": 108, "rank_hottest": 797, "rank_intensity": 2261 }, "geometry": { "type": "Polygon", "coordinates": [ [ [ 245502.654973516910104, 2695577.806238345336169 ], [ 245469.477173772553215, 2695576.798669723793864 ], [ 245465.462989953171927, 2695706.393275083974004 ], [ 245498.650637019105488, 2695707.400624134112149 ], [ 245502.654973516910104, 2695577.806238345336169 ] ] ] } },
{ "type": "Feature", "properties": { "rank": 109, "osm_id": 1077278645, "area_m2": 3417.957655946389, "albedo": 0.33107908566792804, "lst_c": 55.211074829101562, "lst_anomaly_c": 1.1485951741536482, "albedo_gap": 0.26892091433207194, "delta_T_est_c": 1.2254742602770949, "delta_T_lo_c": 0.79141726644073895, "delta_T_hi_c": 1.6262151710029837, "cooling_c_m2": 4188.6191300793344, "dQ_mean_kW": 275.74808939562251, "dQ_peak_kW": 873.20228308613798, "rank_benefit": 109, "rank_hottest": 334, "rank_intensity": 873 }, "geometry": { "type": "Polygon", "coordinates": [ [ [ 244951.061623078014236, 2693286.667736357077956 ], [ 244886.563246171746869, 2693285.207892294041812 ], [ 244885.464249304233817, 2693332.229044848121703 ], [ 244902.30755079825758, 2693332.61144657433033 ], [ 244901.745648991374765, 2693356.560007362626493 ], [ 244917.623945009341696, 2693356.926634402945638 ], [ 244918.177125171612715, 2693333.055813001468778 ], [ 244949.974167193024186, 2693333.777313021011651 ], [ 244951.061623078014236, 2693286.667736357077956 ] ] ] } },
{ "type": "Feature", "properties": { "rank": 110, "osm_id": 1077443391, "area_m2": 3100.6383993994391, "albedo": 0.30367741982142132, "lst_c": 53.753468831380211, "lst_anomaly_c": -0.3090108235677036, "albedo_gap": 0.29632258017857865, "delta_T_est_c": 1.3503438200397184, "delta_T_lo_c": 0.87205863839958242, "delta_T_hi_c": 1.7919181800866069, "cooling_c_m2": 4186.927900806877, "dQ_mean_kW": 275.63675121324604, "dQ_peak_kW": 872.84971217527902, "rank_benefit": 110, "rank_hottest": 2191, "rank_intensity": 475 }, "geometry": { "type": "Polygon", "coordinates": [ [ [ 245776.062175091152312, 2694109.87478254456073 ], [ 245771.004131680063438, 2694109.799766224808991 ], [ 245771.055047164059943, 2694106.429759138263762 ], [ 245762.655624170874944, 2694106.315265449695289 ], [ 245762.64055792929139, 2694107.168891966342926 ], [ 245724.654760951234493, 2694106.623882942367345 ], [ 245724.684888868097914, 2694104.916629424318671 ], [ 245715.686170494242106, 2694104.790808770805597 ], [ 245715.654286794655491, 2694106.963560508564115 ], [ 245710.646993219765136, 2694106.887650158256292 ], [ 245710.57411814169609, 2694111.853940048255026 ], [ 245708.583382183453068, 2694111.823356739711016 ], [ 245708.081978390779113, 2694145.944443282205611 ], [ 245709.950701615016442, 2694145.966144552454352 ], [ 245709.891292491403874, 2694149.990176375489682 ], [ 245714.410938960441854, 2694150.052716645877808 ], [ 245714.364593071892159, 2694153.112332190386951 ], [ 245723.81011001765728, 2694153.2411715448834 ], [ 245723.828329415875487, 2694151.999599125701934 ], [ 245760.960749460035004, 2694152.526737013366073 ], [ 245760.933015846298076, 2694154.366937288083136 ], [ 245770.663146408216562, 2694154.512839528732002 ], [ 245770.713860501826275, 2694151.131753317080438 ], [ 245775.446868043858558, 2694151.201547496486455 ], [ 245775.513649107102538, 2694147.022229568101466 ], [ 245776.722178074938711, 2694147.033681264612824 ], [ 245777.209479263634421, 2694113.810553904157132 ], [ 245776.000747654819861, 2694113.78802298894152 ], [ 245776.062175091152312, 2694109.87478254456073 ] ] ] } },
{ "type": "Feature", "properties": { "rank": 111, "osm_id": 1077443321, "area_m2": 3975.368858061855, "albedo": 0.36911794874403214, "lst_c": 50.170701768663193, "lst_anomaly_c": -3.8917778862847214, "albedo_gap": 0.23088205125596784, "delta_T_est_c": 1.0521309273282566, "delta_T_lo_c": 0.67947129485658109, "delta_T_hi_c": 1.3961870366137044, "cooling_c_m2": 4182.6085231044917, "dQ_mean_kW": 275.35239493452468, "dQ_peak_kW": 871.94925062599475, "rank_benefit": 111, "rank_hottest": 3555, "rank_intensity": 1849 }, "geometry": { "type": "Polygon", "coordinates": [ [ [ 245407.505091634258861, 2693841.856346214655787 ], [ 245429.569475435651839, 2693842.377757593523711 ], [ 245430.453186080558226, 2693805.279576842207462 ], [ 245432.769400079501793, 2693805.33749620616436 ], [ 245432.642103774211137, 2693810.65942015638575 ], [ 245445.380974869040074, 2693810.961364476941526 ], [ 245445.50807590407203, 2693805.628362124785781 ], [ 245447.97675358763081, 2693805.694613650906831 ], [ 245447.086447039648192, 2693842.992393461056054 ], [ 245469.872135446843458, 2693843.534091123379767 ], [ 245471.769297338410979, 2693764.137701669707894 ], [ 245449.471328054118203, 2693763.620429093483835 ], [ 245448.870307963137748, 2693788.82191926939413 ], [ 245433.916910226020264, 2693788.471295912750065 ], [ 245434.505403630289948, 2693763.702247987966985 ], [ 245409.39340709609678, 2693763.113941680639982 ], [ 245407.505091634258861, 2693841.856346214655787 ] ] ] } },
{ "type": "Feature", "properties": { "rank": 112, "osm_id": 1077443322, "area_m2": 3975.4707223175615, "albedo": 0.36923213799794513, "lst_c": 50.050374348958336, "lst_anomaly_c": -4.0121053059895786, "albedo_gap": 0.23076786200205485, "delta_T_est_c": 1.0516105661959954, "delta_T_lo_c": 0.679135243094251, "delta_T_hi_c": 1.3954965127935692, "cooling_c_m2": 4180.6470171919736, "dQ_mean_kW": 275.2232637122965, "dQ_peak_kW": 871.54033508893895, "rank_benefit": 112, "rank_hottest": 3568, "rank_intensity": 1852 }, "geometry": { "type": "Polygon", "coordinates": [ [ [ 245318.672247002978111, 2693839.404629164841026 ], [ 245340.736652735969983, 2693839.925902287475765 ], [ 245341.619931454479229, 2693802.816616493742913 ], [ 245343.936147776723374, 2693802.874521345831454 ], [ 245343.808884724625386, 2693808.196449041832238 ], [ 245356.547768496529898, 2693808.498313543386757 ], [ 245356.675036320113577, 2693803.17638638522476 ], [ 245359.143516398238717, 2693803.23154350137338 ], [ 245358.253643008793006, 2693840.540428503416479 ], [ 245381.039153988938779, 2693841.070904447231442 ], [ 245382.936019880406093, 2693761.685538056772202 ], [ 245360.63782839270425, 2693761.157326257787645 ], [ 245360.037165870337049, 2693786.369913110043854 ], [ 245345.083753288607113, 2693786.019383450970054 ], [ 245345.671891812526155, 2693761.239239167422056 ], [ 245320.559870329801925, 2693760.651090210303664 ], [ 245318.672247002978111, 2693839.404629164841026 ] ] ] } },
{ "type": "Feature", "properties": { "rank": 113, "osm_id": 633556107, "area_m2": 6539.2328223128416, "albedo": 0.45981661478678387, "lst_c": 54.998738606770836, "lst_anomaly_c": 0.9362589518229214, "albedo_gap": 0.14018338521321611, "delta_T_est_c": 0.63881654844134594, "delta_T_lo_c": 0.41255084901598998, "delta_T_hi_c": 0.84771520401267475, "cooling_c_m2": 4177.3701410042504, "dQ_mean_kW": 275.0075381187562, "dQ_peak_kW": 870.85720404272809, "rank_benefit": 113, "rank_hottest": 483, "rank_intensity": 3462 }, "geometry": { "type": "Polygon", "coordinates": [ [ [ 246025.562466914911056, 2694496.822666126769036 ], [ 246112.323249317094451, 2694498.373686406761408 ], [ 246113.707581675465917, 2694423.032041297294199 ], [ 246026.936187913932372, 2694421.481154702138156 ], [ 246025.562466914911056, 2694496.822666126769036 ] ] ] } },
{ "type": "Feature", "properties": { "rank": 114, "osm_id": 1077428171, "area_m2": 6188.9747132526609, "albedo": 0.45197161038716632, "lst_c": 54.823771158854164, "lst_anomaly_c": 0.76129150390625, "albedo_gap": 0.14802838961283366, "delta_T_est_c": 0.67456628173141053, "delta_T_lo_c": 0.43563820149127658, "delta_T_hi_c": 0.89515541595353421, "cooling_c_m2": 4174.8736600485699, "dQ_mean_kW": 274.84318804720215, "dQ_peak_kW": 870.33676214947343, "rank_benefit": 114, "rank_hottest": 655, "rank_intensity": 3410 }, "geometry": { "type": "Polygon", "coordinates": [ [ [ 247189.73956480337074, 2693337.828739535529166 ], [ 247191.953660311963176, 2693249.495572809129953 ], [ 247121.937961696909042, 2693247.769819837063551 ], [ 247119.714150101586711, 2693336.103217884898186 ], [ 247189.73956480337074, 2693337.828739535529166 ] ] ] } },
{ "type": "Feature", "properties": { "rank": 115, "osm_id": 1072959503, "area_m2": 4780.9289652669486, "albedo": 0.4088157018025716, "lst_c": 55.202056884765625, "lst_anomaly_c": 1.1395772298177107, "albedo_gap": 0.19118429819742838, "delta_T_est_c": 0.87122802252850706, "delta_T_lo_c": 0.5626433148258666, "delta_T_hi_c": 1.1561272835860548, "cooling_c_m2": 4165.2792882587846, "dQ_mean_kW": 274.21156468689571, "dQ_peak_kW": 868.33662150850307, "rank_benefit": 115, "rank_hottest": 337, "rank_intensity": 2866 }, "geometry": { "type": "Polygon", "coordinates": [ [ [ 244303.485192715685116, 2695646.245195834897459 ], [ 244394.959647844225401, 2695648.807653000112623 ], [ 244396.448775534692686, 2695596.581275242846459 ], [ 244304.964035734534264, 2695594.030041782185435 ], [ 244303.485192715685116, 2695646.245195834897459 ] ] ] } },
{ "type": "Feature", "properties": { "rank": 116, "osm_id": 1156501389, "area_m2": 3491.53086554539, "albedo": 0.33860375881195071, "lst_c": 52.215747070312503, "lst_anomaly_c": -1.8467325846354115, "albedo_gap": 0.26139624118804927, "delta_T_est_c": 1.191184278488578, "delta_T_lo_c": 0.76927262861926826, "delta_T_hi_c": 1.5807120622022377, "cooling_c_m2": 4159.0566748952861, "dQ_mean_kW": 273.80191327368635, "dQ_peak_kW": 867.03939203334016, "rank_benefit": 116, "rank_hottest": 3012, "rank_intensity": 1043 }, "geometry": { "type": "Polygon", "coordinates": [ [ [ 249668.044562341150595, 2694363.810853000264615 ], [ 249685.836229458072921, 2694369.11354865366593 ], [ 249693.414813116047299, 2694344.188059362117201 ], [ 249695.230729257396888, 2694344.100399747956544 ], [ 249694.980361512076342, 2694358.589291072450578 ], [ 249723.907443302421598, 2694358.009114162996411 ], [ 249723.87497186427936, 2694344.744291317183524 ], [ 249726.058461578708375, 2694344.7720130183734 ], [ 249731.319033406383824, 2694368.848892153706402 ], [ 249749.082026618969394, 2694364.532821032218635 ], [ 249743.290327790338779, 2694337.417762865778059 ], [ 249750.595880983251845, 2694311.976301870774478 ], [ 249733.74205754781724, 2694306.313319630920887 ], [ 249726.91264612993109, 2694327.690250589046627 ], [ 249724.456276322976919, 2694327.733867124188691 ], [ 249724.580273490137188, 2694315.275267445482314 ], [ 249696.053213751874864, 2694315.515863765031099 ], [ 249695.940134804783156, 2694326.300859187729657 ], [ 249693.120714728895109, 2694326.483914908953011 ], [ 249687.485617108322913, 2694304.763122020754963 ], [ 249670.067667520226678, 2694309.073136216495186 ], [ 249675.955774248723174, 2694333.604312465060502 ], [ 249676.073308113613166, 2694337.93536867480725 ], [ 249668.044562341150595, 2694363.810853000264615 ] ] ] } },
{ "type": "Feature", "properties": { "rank": 117, "osm_id": 1036597409, "area_m2": 4122.6566258272342, "albedo": 0.37984906302558052, "lst_c": 54.162105984157989, "lst_anomaly_c": 0.099626329210074971, "albedo_gap": 0.22015093697441945, "delta_T_est_c": 1.0032291735587802, "delta_T_lo_c": 0.64789030327896424, "delta_T_hi_c": 1.3312939772926595, "cooling_c_m2": 4135.9693995952857, "dQ_mean_kW": 272.28201569989926, "dQ_peak_kW": 862.22638304968098, "rank_benefit": 117, "rank_hottest": 1644, "rank_intensity": 2153 }, "geometry": { "type": "Polygon", "coordinates": [ [ [ 244353.953617218707222, 2697807.927042103372514 ], [ 244353.336249852698529, 2697829.826592769473791 ], [ 244400.70663871592842, 2697831.149533789604902 ], [ 244396.59851337861619, 2697974.977840267587453 ], [ 244415.194986989808967, 2697975.493472758214921 ], [ 244419.931119034037692, 2697809.776544452644885 ], [ 244353.953617218707222, 2697807.927042103372514 ] ] ] } },
{ "type": "Feature", "properties": { "rank": 118, "osm_id": 1026166946, "area_m2": 3824.2407657213002, "albedo": 0.36343145370483398, "lst_c": 53.711736043294273, "lst_anomaly_c": -0.3507436116536411, "albedo_gap": 0.23656854629516599, "delta_T_est_c": 1.078044320189645, "delta_T_lo_c": 0.69620629061073724, "delta_T_hi_c": 1.4305743378972269, "cooling_c_m2": 4122.7010365235465, "dQ_mean_kW": 271.40852358882017, "dQ_peak_kW": 859.46032469793033, "rank_benefit": 118, "rank_hottest": 2230, "rank_intensity": 1684 }, "geometry": { "type": "Polygon", "coordinates": [ [ [ 248408.721112401981372, 2698209.298246916849166 ], [ 248440.50856091818423, 2698210.159584011416882 ], [ 248445.029189102206146, 2698093.946656370069832 ], [ 248411.173980040533934, 2698092.70111865689978 ], [ 248408.721112401981372, 2698209.298246916849166 ] ] ] } },
{ "type": "Feature", "properties": { "rank": 119, "osm_id": 499254551, "area_m2": 3975.6743865134385, "albedo": 0.37375285890367294, "lst_c": 52.063191731770836, "lst_anomaly_c": -1.9992879231770786, "albedo_gap": 0.22624714109632704, "delta_T_est_c": 1.0310096132294848, "delta_T_lo_c": 0.6658310469872325, "delta_T_hi_c": 1.3681588661883417, "cooling_c_m2": 4098.95851156559, "dQ_mean_kW": 269.84548916356783, "dQ_peak_kW": 854.51071568463135, "rank_benefit": 119, "rank_hottest": 3089, "rank_intensity": 1983 }, "geometry": { "type": "Polygon", "coordinates": [ [ [ 245493.266109664255055, 2693944.140262227039784 ], [ 245515.340467476868071, 2693944.661610088776797 ], [ 245516.22436282876879, 2693907.56344966031611 ], [ 245518.540358256839681, 2693907.610302655491978 ], [ 245518.41303545946721, 2693912.932223686948419 ], [ 245531.141653619997669, 2693913.234420371241868 ], [ 245531.268981185043231, 2693907.912499876692891 ], [ 245533.747589920909377, 2693907.967502630781382 ], [ 245532.857297664857469, 2693945.276340936310589 ], [ 245555.63245266067679, 2693945.80726653477177 ], [ 245557.540360609913478, 2693866.421816322021186 ], [ 245535.242369988758583, 2693865.893343797884881 ], [ 245534.641424403205747, 2693891.105899100657552 ], [ 245519.677995615114924, 2693890.755377829540521 ], [ 245520.276563234569039, 2693865.975081293378025 ], [ 245495.154617004096508, 2693865.386821956839412 ], [ 245493.266109664255055, 2693944.140262227039784 ] ] ] } },
{ "type": "Feature", "properties": { "rank": 120, "osm_id": 1071647277, "area_m2": 4567.7098185438235, "albedo": 0.40430001417795819, "lst_c": 53.361785888671875, "lst_anomaly_c": -0.7006937662760393, "albedo_gap": 0.19569998582204179, "delta_T_est_c": 0.89180603880202824, "delta_T_lo_c": 0.57593269830445615, "delta_T_hi_c": 1.1834344929970297, "cooling_c_m2": 4073.5111996726987, "dQ_mean_kW": 268.17022401846816, "dQ_peak_kW": 849.20570939181596, "rank_benefit": 120, "rank_hottest": 2499, "rank_intensity": 2772 }, "geometry": { "type": "Polygon", "coordinates": [ [ [ 244843.46044763023383, 2697865.828435675241053 ], [ 244903.326656929741148, 2697866.582947302609682 ], [ 244903.653110891929828, 2697850.429599516559392 ], [ 244908.596927492471877, 2697849.874522232916206 ], [ 244911.947534896462457, 2697796.140493757557124 ], [ 244844.803746157471323, 2697794.897216279059649 ], [ 244843.46044763023383, 2697865.828435675241053 ] ] ] } },
{ "type": "Feature", "properties": { "rank": 121, "osm_id": 1076780853, "area_m2": 3824.4589522616552, "albedo": 0.3662736713886261, "lst_c": 55.161312103271484, "lst_anomaly_c": 1.0988324483235701, "albedo_gap": 0.23372632861137388, "delta_T_est_c": 1.0650923167270558, "delta_T_lo_c": 0.68784182347539702, "delta_T_hi_c": 1.4133869148656055, "cooling_c_m2": 4073.4018456918952, "dQ_mean_kW": 268.16302495110551, "dQ_peak_kW": 849.18291234516732, "rank_benefit": 121, "rank_hottest": 358, "rank_intensity": 1760 }, "geometry": { "type": "Polygon", "coordinates": [ [ [ 244482.033058199274819, 2695938.247644860297441 ], [ 244338.36572257935768, 2695934.049794639460742 ], [ 244337.569108061899897, 2695960.640510884579271 ], [ 244481.246525457012467, 2695964.849224005825818 ], [ 244482.033058199274819, 2695938.247644860297441 ] ] ] } },
{ "type": "Feature", "properties": { "rank": 122, "osm_id": 392713316, "area_m2": 2936.417559429598, "albedo": 0.2972804175482856, "lst_c": 53.699896918402779, "lst_anomaly_c": -0.36258273654513573, "albedo_gap": 0.30271958245171438, "delta_T_est_c": 1.3794949987352572, "delta_T_lo_c": 0.89088461206918212, "delta_T_hi_c": 1.8306020517793382, "cooling_c_m2": 4050.7733374315203, "dQ_mean_kW": 266.67332924832306, "dQ_peak_kW": 844.46554261968959, "rank_benefit": 122, "rank_hottest": 2240, "rank_intensity": 398 }, "geometry": { "type": "Polygon", "coordinates": [ [ [ 244736.524256474600406, 2697560.123731782659888 ], [ 244758.07768000185024, 2697560.209439260885119 ], [ 244758.131902588676894, 2697548.084021183662117 ], [ 244772.071117379469797, 2697548.141582645010203 ], [ 244772.123843068431597, 2697536.492747754324228 ], [ 244777.128958266315749, 2697536.512822843156755 ], [ 244777.287067129887873, 2697499.881757296621799 ], [ 244761.855400106986053, 2697499.817999251652509 ], [ 244761.993149080954026, 2697468.784044997766614 ], [ 244736.926653656468261, 2697468.673360643908381 ], [ 244736.524256474600406, 2697560.123731782659888 ] ] ] } },
{ "type": "Feature", "properties": { "rank": 123, "osm_id": 1026140669, "area_m2": 4688.220378204187, "albedo": 0.41186914443969724, "lst_c": 54.173516845703126, "lst_anomaly_c": 0.11103719075521212, "albedo_gap": 0.18813085556030273, "delta_T_est_c": 0.85731346565469901, "delta_T_lo_c": 0.55365722599335743, "delta_T_hi_c": 1.1376625436731542, "cooling_c_m2": 4019.2744601912154, "dQ_mean_kW": 264.5996732420399, "dQ_peak_kW": 837.89896526645975, "rank_benefit": 123, "rank_hottest": 1626, "rank_intensity": 2923 }, "geometry": { "type": "Polygon", "coordinates": [ [ [ 244843.156710629002191, 2698551.684782886877656 ], [ 244843.465557286283001, 2698551.923000861424953 ], [ 244865.515578830090817, 2698552.609251925256103 ], [ 244948.07448240465601, 2698554.947053518611938 ], [ 244948.812696473964024, 2698509.993474175222218 ], [ 244844.988419999572216, 2698507.154639801476151 ], [ 244843.156710629002191, 2698551.684782886877656 ] ] ] } },
{ "type": "Feature", "properties": { "rank": 124, "osm_id": 666273778, "area_m2": 3338.457024003897, "albedo": 0.33608632087707518, "lst_c": 51.665429687500001, "lst_anomaly_c": -2.3970499674479129, "albedo_gap": 0.26391367912292479, "delta_T_est_c": 1.2026562586381975, "delta_T_lo_c": 0.77668128946590365, "delta_T_hi_c": 1.5959354812208779, "cooling_c_m2": 4015.0162341129376, "dQ_mean_kW": 264.31934273959166, "dQ_peak_kW": 837.01125200870706, "rank_benefit": 124, "rank_hottest": 3245, "rank_intensity": 985 }, "geometry": { "type": "Polygon", "coordinates": [ [ [ 248481.162387645948911, 2696393.711635481566191 ], [ 248548.289125484647229, 2696395.471883837599307 ], [ 248546.09287454027799, 2696445.315100800711662 ], [ 248479.732481740211369, 2696443.818258711602539 ], [ 248481.162387645948911, 2696393.711635481566191 ] ] ] } },
{ "type": "Feature", "properties": { "rank": 125, "osm_id": 1076860376, "area_m2": 4323.6386460949261, "albedo": 0.39804589748382568, "lst_c": 56.090352376302086, "lst_anomaly_c": 2.0278727213541714, "albedo_gap": 0.20195410251617429, "delta_T_est_c": 0.92030608703540806, "delta_T_lo_c": 0.59433816873938028, "delta_T_hi_c": 1.2212543088134462, "cooling_c_m2": 3979.0709641426911, "dQ_mean_kW": 261.95296871290429, "dQ_peak_kW": 829.51773425753026, "rank_benefit": 125, "rank_hottest": 80, "rank_intensity": 2640 }, "geometry": { "type": "Polygon", "coordinates": [ [ [ 247881.878214097407181, 2693343.788886880502105 ], [ 247688.963607362733455, 2693338.573079343885183 ], [ 247688.556497756915633, 2693353.275571072939783 ], [ 247706.599354366015177, 2693353.761743502691388 ], [ 247706.399161112756701, 2693361.301328190136701 ], [ 247714.648405038198689, 2693361.519449844956398 ], [ 247714.492944424593588, 2693367.019080108962953 ], [ 247730.016322811425198, 2693367.439535249955952 ], [ 247730.188764646649361, 2693361.186001839581877 ], [ 247736.365594774193596, 2693361.352554345503449 ], [ 247736.305508056189865, 2693363.669841425027698 ], [ 247827.97264194721356, 2693366.152823087759316 ], [ 247828.047101883421419, 2693363.502810519188643 ], [ 247836.824786797049455, 2693363.74479964049533 ], [ 247881.291810797731159, 2693364.944481121376157 ], [ 247881.878214097407181, 2693343.788886880502105 ] ] ] } },
{ "type": "Feature", "properties": { "rank": 126, "osm_id": 455122053, "area_m2": 3697.6474670566149, "albedo": 0.36408030986785889, "lst_c": 54.927837371826172, "lst_anomaly_c": 0.86535771687825758, "albedo_gap": 0.23591969013214109, "delta_T_est_c": 1.0750874786647524, "delta_T_lo_c": 0.69429674790324714, "delta_T_hi_c": 1.4266505830686718, "cooling_c_m2": 3975.294492349004, "dQ_mean_kW": 261.70435339376792, "dQ_peak_kW": 828.7304524135983, "rank_benefit": 126, "rank_hottest": 551, "rank_intensity": 1703 }, "geometry": { "type": "Polygon", "coordinates": [ [ [ 248867.740092339459807, 2694344.135922183282673 ], [ 248874.810446569579653, 2694344.331334372982383 ], [ 248874.622988909482956, 2694350.906463325954974 ], [ 248890.480475530755939, 2694351.344287286978215 ], [ 248890.657592817238765, 2694344.758261264767498 ], [ 248897.87024717539316, 2694344.962232005316764 ], [ 248901.167712694441434, 2694226.844045219477266 ], [ 248892.319597645226168, 2694226.602708193939179 ], [ 248892.383207548933569, 2694224.473778835497797 ], [ 248877.775264692521887, 2694224.080169774126261 ], [ 248877.721610013366444, 2694226.19783979607746 ], [ 248871.027157156378962, 2694226.017887331545353 ], [ 248867.740092339459807, 2694344.135922183282673 ] ] ] } },
{ "type": "Feature", "properties": { "rank": 127, "osm_id": 1076669426, "area_m2": 9109.6878442300804, "albedo": 0.50448947906494146, "lst_c": 53.678823242187498, "lst_anomaly_c": -0.38365641276041629, "albedo_gap": 0.095510520935058518, "delta_T_est_c": 0.43524203122052146, "delta_T_lo_c": 0.2810814308827454, "delta_T_hi_c": 0.57757002098838417, "cooling_c_m2": 3964.9190411075933, "dQ_mean_kW": 261.02130946745558, "dQ_peak_kW": 826.56747998027595, "rank_benefit": 127, "rank_hottest": 2263, "rank_intensity": 3590 }, "geometry": { "type": "Polygon", "coordinates": [ [ [ 248812.518300334369997, 2697488.016749575734138 ], [ 248714.560263870400377, 2697485.287872471380979 ], [ 248712.402251147112111, 2697561.15173185383901 ], [ 248810.370110071788076, 2697563.891445976216346 ], [ 248828.027512376458617, 2697540.813253975473344 ], [ 248828.237192408443661, 2697529.239564666990191 ], [ 248835.991478473704774, 2697529.167693078983575 ], [ 248835.988778584112879, 2697525.034034148789942 ], [ 248845.180068010726245, 2697525.280078884214163 ], [ 248845.166664641321404, 2697493.806518830358982 ], [ 248836.6524410462589, 2697493.958436940331012 ], [ 248836.826214759406867, 2697488.336597958579659 ], [ 248812.518300334369997, 2697488.016749575734138 ] ] ] } },
{ "type": "Feature", "properties": { "rank": 128, "osm_id": 1156504621, "area_m2": 4282.3888668412364, "albedo": 0.39692271839488635, "lst_c": 53.282309792258523, "lst_anomaly_c": -0.78016986268939092, "albedo_gap": 0.20307728160511362, "delta_T_est_c": 0.92542442105042988, "delta_T_lo_c": 0.59764361386067022, "delta_T_hi_c": 1.2280463832741593, "cooling_c_m2": 3963.0272378093578, "dQ_mean_kW": 260.89676695623638, "dQ_peak_kW": 826.17309536141522, "rank_benefit": 128, "rank_hottest": 2548, "rank_intensity": 2615 }, "geometry": { "type": "Polygon", "coordinates": [ [ [ 249585.136219685256947, 2694050.316006108187139 ], [ 249622.907413737673778, 2694045.710890064481646 ], [ 249623.311349797557341, 2694053.017973353620619 ], [ 249645.365499059815193, 2694053.036312817130238 ], [ 249646.456567932880716, 2694045.292637041769922 ], [ 249681.175918908877065, 2694052.943387913517654 ], [ 249686.316690503823338, 2694035.386548095848411 ], [ 249681.377799926354783, 2694033.435123900417238 ], [ 249687.962348795292201, 2694006.266542750876397 ], [ 249669.931117329513654, 2694002.364411084912717 ], [ 249663.456797753489809, 2694028.877196295186877 ], [ 249656.783192138449522, 2694028.729739416856319 ], [ 249659.813592662598239, 2693999.828941774088889 ], [ 249639.664791945368052, 2694000.186773302033544 ], [ 249637.821717187849572, 2694026.76139291189611 ], [ 249630.480027693323791, 2694027.301828518044204 ], [ 249629.835374269750901, 2693999.009319438133389 ], [ 249611.467634553846437, 2693999.601531076710671 ], [ 249611.280491116980556, 2694027.365789592266083 ], [ 249604.342460511747049, 2694027.766082451678813 ], [ 249601.246753168379655, 2693999.251133580692112 ], [ 249579.917750568041811, 2694002.334073833189905 ], [ 249584.797122836345807, 2694031.227378798183054 ], [ 249580.982975926774088, 2694032.004396463744342 ], [ 249585.136219685256947, 2694050.316006108187139 ] ] ] } },
{ "type": "Feature", "properties": { "rank": 129, "osm_id": 1077278650, "area_m2": 4042.4833150491095, "albedo": 0.38594381014506024, "lst_c": 56.023284912109375, "lst_anomaly_c": 1.9608052571614607, "albedo_gap": 0.21405618985493974, "delta_T_est_c": 0.97545537345709876, "delta_T_lo_c": 0.62995384743682015, "delta_T_hi_c": 1.2944378991637351, "cooling_c_m2": 3943.2620717753198, "dQ_mean_kW": 259.5955727914735, "dQ_peak_kW": 822.0526471729994, "rank_benefit": 129, "rank_hottest": 93, "rank_intensity": 2315 }, "geometry": { "type": "Polygon", "coordinates": [ [ [ 244304.283858155045891, 2693660.439705326687545 ], [ 244430.114530599297723, 2693662.502637504134327 ], [ 244430.65951510425657, 2693630.386366684455425 ], [ 244304.81840658094734, 2693628.323588400147855 ], [ 244304.283858155045891, 2693660.439705326687545 ] ] ] } },
{ "type": "Feature", "properties": { "rank": 130, "osm_id": 1076703104, "area_m2": 4672.3339187062138, "albedo": 0.4151911735534668, "lst_c": 56.647313435872398, "lst_anomaly_c": 2.5848337809244839, "albedo_gap": 0.18480882644653318, "delta_T_est_c": 0.84217495855521529, "delta_T_lo_c": 0.5438807041234015, "delta_T_hi_c": 1.1175736109966325, "cooling_c_m2": 3934.9226243425323, "dQ_mean_kW": 259.04656448472809, "dQ_peak_kW": 820.31412086830551, "rank_benefit": 130, "rank_hottest": 32, "rank_intensity": 3000 }, "geometry": { "type": "Polygon", "coordinates": [ [ [ 248102.459805858874461, 2693271.524133363272995 ], [ 248043.44727404290461, 2693269.519712982699275 ], [ 248040.717252358037513, 2693348.596578122116625 ], [ 248099.729654692782788, 2693350.612037157639861 ], [ 248102.459805858874461, 2693271.524133363272995 ] ] ] } },
{ "type": "Feature", "properties": { "rank": 131, "osm_id": 1076781249, "area_m2": 6226.3706377417921, "albedo": 0.46136800448099774, "lst_c": 53.473785400390625, "lst_anomaly_c": -0.5886942545572893, "albedo_gap": 0.13863199551900224, "delta_T_est_c": 0.63174685606490766, "delta_T_lo_c": 0.40798520712819336, "delta_T_hi_c": 0.838333659765235, "cooling_c_m2": 3933.4900750882312, "dQ_mean_kW": 258.95225590532016, "dQ_peak_kW": 820.01547703351378, "rank_benefit": 131, "rank_hottest": 2419, "rank_intensity": 3470 }, "geometry": { "type": "Polygon", "coordinates": [ [ [ 245024.78556172651588, 2697382.830089648719877 ], [ 245022.537471121031558, 2697473.371650476474315 ], [ 245091.263895542069804, 2697475.041662614326924 ], [ 245093.512424655025825, 2697384.500151600688696 ], [ 245024.78556172651588, 2697382.830089648719877 ] ] ] } },
{ "type": "Feature", "properties": { "rank": 132, "osm_id": 1036597478, "area_m2": 2890.1325360694013, "albedo": 0.30152859687805178, "lst_c": 54.310614013671874, "lst_anomaly_c": 0.24813435872395928, "albedo_gap": 0.2984714031219482, "delta_T_est_c": 1.3601360194063341, "delta_T_lo_c": 0.87838248860710733, "delta_T_hi_c": 1.8049125151645837, "cooling_c_m2": 3930.9733631661688, "dQ_mean_kW": 258.78657397470863, "dQ_peak_kW": 819.49081758657724, "rank_benefit": 132, "rank_hottest": 1374, "rank_intensity": 441 }, "geometry": { "type": "Polygon", "coordinates": [ [ [ 245312.335944220831152, 2698015.285385179333389 ], [ 245353.70826630393276, 2698016.742163414601237 ], [ 245353.870226249506231, 2698012.228606014978141 ], [ 245413.902278101770207, 2698014.345375009346753 ], [ 245414.697893940698123, 2697992.110337262507528 ], [ 245371.456503418972716, 2697990.58744635200128 ], [ 245371.724109923176002, 2697982.935597241856158 ], [ 245313.560923696000827, 2697980.884915663395077 ], [ 245312.335944220831152, 2698015.285385179333389 ] ] ] } },
{ "type": "Feature", "properties": { "rank": 133, "osm_id": 1077443398, "area_m2": 3175.6369217385436, "albedo": 0.32853362560272215, "lst_c": 55.104626464843747, "lst_anomaly_c": 1.0421468098958329, "albedo_gap": 0.27146637439727783, "delta_T_est_c": 1.2370739374469457, "delta_T_lo_c": 0.79890839464712204, "delta_T_hi_c": 1.6416080450957311, "cooling_c_m2": 3928.4976706769985, "dQ_mean_kW": 258.62359246394828, "dQ_peak_kW": 818.97470946916962, "rank_benefit": 133, "rank_hottest": 398, "rank_intensity": 827 }, "geometry": { "type": "Polygon", "coordinates": [ [ [ 246105.855144543020288, 2694002.858497195411474 ], [ 246160.751291800261242, 2694004.175050441175699 ], [ 246160.824424095655559, 2694001.469604802317917 ], [ 246166.472429625020595, 2694001.600636396091431 ], [ 246166.571181145380251, 2693997.498335313983262 ], [ 246168.359109778073616, 2693997.543718979228288 ], [ 246169.189890179637587, 2693963.605245979037136 ], [ 246167.392005987290759, 2693963.571123506873846 ], [ 246167.493153247021837, 2693959.601769481319934 ], [ 246161.84513102110941, 2693959.470736004877836 ], [ 246161.909709964354988, 2693956.854104545898736 ], [ 246107.00342863186961, 2693955.548792365938425 ], [ 246106.933697346044937, 2693958.442580414935946 ], [ 246102.17953908542404, 2693958.32871952932328 ], [ 246102.090331074985443, 2693961.832395963836461 ], [ 246099.824911032104865, 2693961.773455133661628 ], [ 246098.989134057541378, 2693995.989102323073894 ], [ 246101.264499863027595, 2693996.036780807189643 ], [ 246101.151252392010065, 2694000.460737934336066 ], [ 246105.905396555754123, 2694000.574597228318453 ], [ 246105.855144543020288, 2694002.858497195411474 ] ] ] } },
{ "type": "Feature", "properties": { "rank": 134, "osm_id": 1077278293, "area_m2": 4858.9178220896392, "albedo": 0.42273811499277753, "lst_c": 54.948115030924477, "lst_anomaly_c": 0.8856353759765625, "albedo_gap": 0.17726188500722245, "delta_T_est_c": 0.80778350000813692, "delta_T_lo_c": 0.52167053211531345, "delta_T_hi_c": 1.0719358416406828, "cooling_c_m2": 3924.9536445794829, "dQ_mean_kW": 258.39027967163918, "dQ_peak_kW": 818.23588562685757, "rank_benefit": 134, "rank_hottest": 525, "rank_intensity": 3107 }, "geometry": { "type": "Polygon", "coordinates": [ [ [ 245890.362053135118913, 2696309.769544806797057 ], [ 245825.331103294854984, 2696307.817787344567478 ], [ 245823.053983904857887, 2696382.466661874670535 ], [ 245888.08459235628834, 2696384.41837866185233 ], [ 245890.362053135118913, 2696309.769544806797057 ] ] ] } },
{ "type": "Feature", "properties": { "rank": 135, "osm_id": 1077278647, "area_m2": 4438.5214796329819, "albedo": 0.40762615203857422, "lst_c": 54.848027547200523, "lst_anomaly_c": 0.7855478922526089, "albedo_gap": 0.19237384796142576, "delta_T_est_c": 0.87664880811789936, "delta_T_lo_c": 0.56614408465203014, "delta_T_hi_c": 1.1633207139582527, "cooling_c_m2": 3891.0245649259487, "dQ_mean_kW": 256.1566368889313, "dQ_peak_kW": 811.16268348161589, "rank_benefit": 135, "rank_hottest": 624, "rank_intensity": 2849 }, "geometry": { "type": "Polygon", "coordinates": [ [ [ 244829.565394251112593, 2693368.837778069544584 ], [ 244831.009695385640953, 2693283.109925529919565 ], [ 244779.246119698451366, 2693282.26240883115679 ], [ 244777.801930893270764, 2693367.979215478058904 ], [ 244829.565394251112593, 2693368.837778069544584 ] ] ] } },
{ "type": "Feature", "properties": { "rank": 136, "osm_id": 1077443331, "area_m2": 3977.5622309141645, "albedo": 0.38563558790418839, "lst_c": 50.394917805989586, "lst_anomaly_c": -3.6675618489583286, "albedo_gap": 0.21436441209581159, "delta_T_est_c": 0.97685994410409183, "delta_T_lo_c": 0.63086092602508437, "delta_T_hi_c": 1.2963017768223073, "cooling_c_m2": 3885.5212185613577, "dQ_mean_kW": 255.79433676132587, "dQ_peak_kW": 810.0153997441987, "rank_benefit": 136, "rank_hottest": 3532, "rank_intensity": 2307 }, "geometry": { "type": "Polygon", "coordinates": [ [ [ 245314.483162572199944, 2693939.145803907420486 ], [ 245336.547413783002412, 2693939.667056758422405 ], [ 245337.430842585221399, 2693902.568843814078718 ], [ 245339.23909880843712, 2693902.613756989594549 ], [ 245339.10329332051333, 2693908.024500525556505 ], [ 245352.116361406631768, 2693908.332481124904007 ], [ 245352.251971727033379, 2693902.91065920656547 ], [ 245354.954304796672659, 2693902.983754721935838 ], [ 245354.064281615981599, 2693940.281566910911351 ], [ 245376.83948217073339, 2693940.81220526387915 ], [ 245378.746391798660625, 2693861.426642478909343 ], [ 245356.44855657874723, 2693860.909530109725893 ], [ 245355.847727947751991, 2693886.111042158678174 ], [ 245340.894420089636697, 2693885.760526238940656 ], [ 245341.4827253324911, 2693860.991456831339747 ], [ 245316.370679588639177, 2693860.392251999117434 ], [ 245314.483162572199944, 2693939.145803907420486 ] ] ] } },
{ "type": "Feature", "properties": { "rank": 137, "osm_id": 1077443392, "area_m2": 3100.9333560302161, "albedo": 0.32531717419624329, "lst_c": 52.570178985595703, "lst_anomaly_c": -1.4923006693522112, "albedo_gap": 0.27468282580375669, "delta_T_est_c": 1.2517313262850804, "delta_T_lo_c": 0.80837420799257131, "delta_T_hi_c": 1.6610585295885469, "cooling_c_m2": 3881.5354224653479, "dQ_mean_kW": 255.53194105905195, "dQ_peak_kW": 809.18448002033119, "rank_benefit": 137, "rank_hottest": 2865, "rank_intensity": 776 }, "geometry": { "type": "Polygon", "coordinates": [ [ [ 245779.737954044307116, 2693951.09561990108341 ], [ 245774.679854024318047, 2693951.02059725439176 ], [ 245774.73097548953956, 2693947.661669854540378 ], [ 245766.321107868046965, 2693947.536269795615226 ], [ 245766.316190847574035, 2693948.389713054057211 ], [ 245728.329968707577791, 2693947.844656501896679 ], [ 245728.360299637221033, 2693946.148482302203774 ], [ 245719.361280708864797, 2693946.011571462731808 ], [ 245719.32939303125022, 2693948.184322707820684 ], [ 245714.322243259404786, 2693948.119485020171851 ], [ 245714.249159246130148, 2693953.074694859795272 ], [ 245712.258401009021327, 2693953.044109060894698 ], [ 245711.756934726086911, 2693987.165187881328166 ], [ 245713.615727932541631, 2693987.198153520934284 ], [ 245713.556111594225513, 2693991.211105505470186 ], [ 245718.075808655237779, 2693991.273651428520679 ], [ 245718.02945715043461, 2693994.333266279194504 ], [ 245727.485430445958627, 2693994.473013281822205 ], [ 245727.503452283184743, 2693993.220362215302885 ], [ 245764.636487759678857, 2693993.758625489659607 ], [ 245764.608750768646132, 2693995.598825348075479 ], [ 245774.338790422130842, 2693995.733660835307091 ], [ 245774.389510719134705, 2693992.352575391530991 ], [ 245779.122571234533098, 2693992.422375490888953 ], [ 245779.179209227120737, 2693988.243241569958627 ], [ 245780.398102306964574, 2693988.265590648632497 ], [ 245780.885264527547406, 2693955.031391881406307 ], [ 245779.676719189214054, 2693955.019938378594816 ], [ 245779.737954044307116, 2693951.09561990108341 ] ] ] } },
{ "type": "Feature", "properties": { "rank": 138, "osm_id": 1076703134, "area_m2": 4871.2904379390557, "albedo": 0.42627611160278323, "lst_c": 56.184399414062497, "lst_anomaly_c": 2.1219197591145829, "albedo_gap": 0.17372388839721675, "delta_T_est_c": 0.7916608277002638, "delta_T_lo_c": 0.51125843154395456, "delta_T_hi_c": 1.0505409130370871, "cooling_c_m2": 3856.4098200672133, "dQ_mean_kW": 253.87785491728607, "dQ_peak_kW": 803.94654057140599, "rank_benefit": 138, "rank_hottest": 69, "rank_intensity": 3165 }, "geometry": { "type": "Polygon", "coordinates": [ [ [ 247173.734070284612244, 2693615.197946276515722 ], [ 247222.240863064129371, 2693616.334119836334139 ], [ 247224.655393732391531, 2693515.96186347771436 ], [ 247176.158210678724572, 2693514.814390611834824 ], [ 247173.734070284612244, 2693615.197946276515722 ] ] ] } },
{ "type": "Feature", "properties": { "rank": 139, "osm_id": 1077278648, "area_m2": 4167.676276362341, "albedo": 0.39900374412536621, "lst_c": 55.957931518554688, "lst_anomaly_c": 1.8954518636067732, "albedo_gap": 0.20099625587463377, "delta_T_est_c": 0.91594117399985553, "delta_T_lo_c": 0.59151928656876052, "delta_T_hi_c": 1.2154620306493016, "cooling_c_m2": 3817.3463014226691, "dQ_mean_kW": 251.30619817390979, "dQ_peak_kW": 795.80296088404771, "rank_benefit": 139, "rank_hottest": 107, "rank_intensity": 2666 }, "geometry": { "type": "Polygon", "coordinates": [ [ [ 244828.445106963306898, 2693382.123919839970767 ], [ 244775.909793046826962, 2693381.257171898148954 ], [ 244774.573125469498336, 2693460.566302651073784 ], [ 244827.108145631238585, 2693461.433019532356411 ], [ 244828.445106963306898, 2693382.123919839970767 ] ] ] } },
{ "type": "Feature", "properties": { "rank": 140, "osm_id": 1077443401, "area_m2": 3130.8010739759202, "albedo": 0.33312078317006427, "lst_c": 54.169448852539062, "lst_anomaly_c": 0.1069691975911482, "albedo_gap": 0.26687921682993571, "delta_T_est_c": 1.2161702322049222, "delta_T_lo_c": 0.78540867964096228, "delta_T_hi_c": 1.6138686435459453, "cooling_c_m2": 3807.5870691247146, "dQ_mean_kW": 250.66372160190454, "dQ_peak_kW": 793.76845173936442, "rank_benefit": 140, "rank_hottest": 1630, "rank_intensity": 920 }, "geometry": { "type": "Polygon", "coordinates": [ [ [ 245897.554612149862805, 2694058.610826934687793 ], [ 245863.485076112905517, 2694057.329887237865478 ], [ 245861.215680598805193, 2694116.750948960427195 ], [ 245934.227512083452893, 2694118.138956364244223 ], [ 245934.930013306118781, 2694099.651741681620479 ], [ 245927.332402864907635, 2694097.827073551248759 ], [ 245921.162609912804328, 2694095.223062572535127 ], [ 245915.110395486990456, 2694091.818993518594652 ], [ 245910.066857820900623, 2694088.042104654014111 ], [ 245904.430611440504435, 2694081.239291377365589 ], [ 245900.61586212288239, 2694073.528127080295235 ], [ 245898.105827492370736, 2694066.657881250139326 ], [ 245897.554612149862805, 2694058.610826934687793 ] ] ] } },
{ "type": "Feature", "properties": { "rank": 141, "osm_id": 1154655782, "area_m2": 3885.2879295184221, "albedo": 0.38598875204722088, "lst_c": 52.520314534505211, "lst_anomaly_c": -1.5421651204427036, "albedo_gap": 0.21401124795277909, "delta_T_est_c": 0.97525057293259299, "delta_T_lo_c": 0.62982158625719065, "delta_T_hi_c": 1.2941661270582114, "cooling_c_m2": 3789.1292792709291, "dQ_mean_kW": 249.44859553563202, "dQ_peak_kW": 789.92055252950138, "rank_benefit": 141, "rank_hottest": 2893, "rank_intensity": 2318 }, "geometry": { "type": "Polygon", "coordinates": [ [ [ 250003.480118454783224, 2694752.804136092308909 ], [ 250003.939858878089581, 2694696.875262224581093 ], [ 249931.496683549601585, 2694696.298747651278973 ], [ 249931.405802280962234, 2694707.770430184435099 ], [ 249936.929958727239864, 2694707.816475012339652 ], [ 249936.674494138307637, 2694739.194696450605989 ], [ 249930.622354442282813, 2694739.146939883474261 ], [ 249930.519384563376661, 2694752.225755805615336 ], [ 250003.480118454783224, 2694752.804136092308909 ] ] ] } },
{ "type": "Feature", "properties": { "rank": 142, "osm_id": 1077375530, "area_m2": 4272.7872214911004, "albedo": 0.40618456734551323, "lst_c": 55.217227511935761, "lst_anomaly_c": 1.1547478569878464, "albedo_gap": 0.19381543265448675, "delta_T_est_c": 0.88321811842886389, "delta_T_lo_c": 0.57038657735647014, "delta_T_hi_c": 1.1720382467837085, "cooling_c_m2": 3773.8030902122628, "dQ_mean_kW": 248.43963119215798, "dQ_peak_kW": 786.7254987751669, "rank_benefit": 142, "rank_hottest": 328, "rank_intensity": 2812 }, "geometry": { "type": "Polygon", "coordinates": [ [ [ 246222.365983992523979, 2698526.142571778967977 ], [ 246298.758817287482088, 2698527.723961777985096 ], [ 246299.943274080491392, 2698471.813308438751847 ], [ 246223.560286863939837, 2698470.23170243576169 ], [ 246222.365983992523979, 2698526.142571778967977 ] ] ] } },
{ "type": "Feature", "properties": { "rank": 143, "osm_id": 1390448633, "area_m2": 11796.420867503777, "albedo": 0.53020678626166451, "lst_c": 56.068635163483798, "lst_anomaly_c": 2.0061555085358833, "albedo_gap": 0.069793213738335469, "delta_T_est_c": 0.31804810418252927, "delta_T_lo_c": 0.20539702004992105, "delta_T_hi_c": 0.42205264434800771, "cooling_c_m2": 3751.8292930488037, "dQ_mean_kW": 246.99303688591556, "dQ_peak_kW": 782.14461680539921, "rank_benefit": 143, "rank_hottest": 84, "rank_intensity": 3599 }, "geometry": { "type": "Polygon", "coordinates": [ [ [ 248269.573605941375718, 2693546.417733264621347 ], [ 248271.333777858118992, 2693480.069749322719872 ], [ 248448.962720915180398, 2693484.690472885034978 ], [ 248447.202313121873885, 2693551.071598392911255 ], [ 248269.573605941375718, 2693546.417733264621347 ] ] ] } },
{ "type": "Feature", "properties": { "rank": 144, "osm_id": 473856285, "area_m2": 11470.371978238165, "albedo": 0.52823245886600378, "lst_c": 54.790113044507578, "lst_anomaly_c": 0.72763338955966361, "albedo_gap": 0.071767541133996193, "delta_T_est_c": 0.32704512626521665, "delta_T_lo_c": 0.21120734088128423, "delta_T_hi_c": 0.43399177214446327, "cooling_c_m2": 3751.3292519319034, "dQ_mean_kW": 246.96011783113346, "dQ_peak_kW": 782.04037313192248, "rank_benefit": 144, "rank_hottest": 695, "rank_intensity": 3598 }, "geometry": { "type": "Polygon", "coordinates": [ [ [ 248755.591277490049833, 2697279.931330112740397 ], [ 248817.430834302736912, 2697281.465388641227037 ], [ 248817.783668446529191, 2697267.672683879267424 ], [ 248824.100609117711429, 2697267.825949035584927 ], [ 248824.699533362523653, 2697244.498058089520782 ], [ 248818.372236389899626, 2697244.333894034381956 ], [ 248819.38740081540891, 2697204.50808166153729 ], [ 248826.283414049248677, 2697204.684265781659633 ], [ 248826.893166249414207, 2697180.824232972227037 ], [ 248820.626928325888002, 2697180.670057857874781 ], [ 248821.616357368882746, 2697141.675883324816823 ], [ 248827.039709282165859, 2697141.811851816251874 ], [ 248827.692319911031518, 2697115.801086850930005 ], [ 248822.228364715760108, 2697115.665841482114047 ], [ 248822.538849912409205, 2697103.480832687113434 ], [ 248760.099172149028163, 2697101.924132789485157 ], [ 248756.800364144117339, 2697232.211414747405797 ], [ 248758.943227811862016, 2697232.261830104514956 ], [ 248758.563826730445726, 2697247.407059669028968 ], [ 248756.410619381524157, 2697247.34574688738212 ], [ 248756.097772719833301, 2697259.963018700480461 ], [ 248758.149298078555148, 2697260.015063624363393 ], [ 248757.962827716139145, 2697267.19973962334916 ], [ 248755.911303396598669, 2697267.147694818675518 ], [ 248755.591277490049833, 2697279.931330112740397 ] ] ] } },
{ "type": "Feature", "properties": { "rank": 145, "osm_id": 1077278843, "area_m2": 3223.7249381737756, "albedo": 0.34477382898330688, "lst_c": 54.286609649658203, "lst_anomaly_c": 0.22412999471028883, "albedo_gap": 0.25522617101669309, "delta_T_est_c": 1.1630672307763141, "delta_T_lo_c": 0.75111450179268591, "delta_T_hi_c": 1.5434004914613237, "cooling_c_m2": 3749.4088366263177, "dQ_mean_kW": 246.83369171433554, "dQ_peak_kW": 781.64002376206247, "rank_benefit": 145, "rank_hottest": 1420, "rank_intensity": 1186 }, "geometry": { "type": "Polygon", "coordinates": [ [ [ 245549.678330897266278, 2695042.311719866935164 ], [ 245479.583079279254889, 2695040.818106750026345 ], [ 245478.585770486504771, 2695086.784445769619197 ], [ 245548.690945081063546, 2695088.277850545011461 ], [ 245549.678330897266278, 2695042.311719866935164 ] ] ] } },
{ "type": "Feature", "properties": { "rank": 146, "osm_id": 1076780994, "area_m2": 3130.7700476308983, "albedo": 0.33841037750244141, "lst_c": 54.972882080078122, "lst_anomaly_c": 0.91040242513020786, "albedo_gap": 0.26158962249755857, "delta_T_est_c": 1.1920655183051647, "delta_T_lo_c": 0.76984173759962671, "delta_T_hi_c": 1.5818814752249977, "cooling_c_m2": 3732.0830195234121, "dQ_mean_kW": 245.69308646592904, "dQ_peak_kW": 778.02810714210864, "rank_benefit": 146, "rank_hottest": 505, "rank_intensity": 1039 }, "geometry": { "type": "Polygon", "coordinates": [ [ [ 244497.021591071621515, 2695270.56702884985134 ], [ 244492.625608217698755, 2695463.739837316796184 ], [ 244508.948192625044612, 2695464.097696702927351 ], [ 244513.269904900487745, 2695274.095902149565518 ], [ 244505.793925941601628, 2695273.921152657363564 ], [ 244505.868617894506315, 2695270.7612423915416 ], [ 244497.021591071621515, 2695270.56702884985134 ] ] ] } },
{ "type": "Feature", "properties": { "rank": 147, "osm_id": 1036597485, "area_m2": 4049.4446984672632, "albedo": 0.39812374114990234, "lst_c": 55.697443644205727, "lst_anomaly_c": 1.6349639892578125, "albedo_gap": 0.20187625885009763, "delta_T_est_c": 0.91995135297041541, "delta_T_lo_c": 0.59410907974654714, "delta_T_hi_c": 1.2207835735749664, "cooling_c_m2": 3725.2921291338348, "dQ_mean_kW": 245.24602384407984, "dQ_peak_kW": 776.61240883958612, "rank_benefit": 147, "rank_hottest": 150, "rank_intensity": 2644 }, "geometry": { "type": "Polygon", "coordinates": [ [ [ 245654.281627059972379, 2697817.671617496293038 ], [ 245597.357189332367852, 2697815.663808504119515 ], [ 245594.80411943650688, 2697886.705083966720849 ], [ 245651.738421031244798, 2697888.712674124632031 ], [ 245654.281627059972379, 2697817.671617496293038 ] ] ] } },
{ "type": "Feature", "properties": { "rank": 148, "osm_id": 1156504748, "area_m2": 3895.4009508138797, "albedo": 0.39052980596368964, "lst_c": 54.041725852272727, "lst_anomaly_c": -0.020753802675187671, "albedo_gap": 0.20947019403631034, "delta_T_est_c": 0.9545569623111031, "delta_T_lo_c": 0.61645755138374858, "delta_T_hi_c": 1.2667055229261539, "cooling_c_m2": 3718.3820985926795, "dQ_mean_kW": 244.79111790486334, "dQ_peak_kW": 775.17187336540064, "rank_benefit": 148, "rank_hottest": 1833, "rank_intensity": 2448 }, "geometry": { "type": "Polygon", "coordinates": [ [ [ 249486.567468558903784, 2694770.284231671132147 ], [ 249486.463487720960984, 2694779.284851495176554 ], [ 249482.441929936467204, 2694779.234438039362431 ], [ 249482.505265030747978, 2694773.658949872944504 ], [ 249446.981910913862521, 2694773.237683237995952 ], [ 249446.241054062615149, 2694834.358296415302902 ], [ 249469.070134693203727, 2694834.628428201191127 ], [ 249468.985799945570761, 2694841.877708012703806 ], [ 249503.300542430282803, 2694842.287249472457916 ], [ 249503.647801681538112, 2694813.844074046239257 ], [ 249506.308467635681154, 2694813.874354279134423 ], [ 249506.827320846758084, 2694770.522532356902957 ], [ 249486.567468558903784, 2694770.284231671132147 ] ] ] } },
{ "type": "Feature", "properties": { "rank": 149, "osm_id": 633556083, "area_m2": 3467.8631949986711, "albedo": 0.36473104357719421, "lst_c": 55.751113891601562, "lst_anomaly_c": 1.6886342366536482, "albedo_gap": 0.23526895642280576, "delta_T_est_c": 1.0721220811497776, "delta_T_lo_c": 0.69238167969554698, "delta_T_hi_c": 1.4227154743656818, "cooling_c_m2": 3717.9727057646924, "dQ_mean_kW": 244.7641664713183, "dQ_peak_kW": 775.08652715917458, "rank_benefit": 149, "rank_hottest": 144, "rank_intensity": 1718 }, "geometry": { "type": "Polygon", "coordinates": [ [ [ 244456.193699854862643, 2694655.721584211569279 ], [ 244524.689975874091033, 2694656.241884677670896 ], [ 244525.092321148666088, 2694605.620169709436595 ], [ 244456.585649558430305, 2694605.100029562134296 ], [ 244456.193699854862643, 2694655.721584211569279 ] ] ] } },
{ "type": "Feature", "properties": { "rank": 150, "osm_id": 482265891, "area_m2": 2573.9120286496955, "albedo": 0.28534921010335285, "lst_c": 51.559773763020836, "lst_anomaly_c": -2.5027058919270786, "albedo_gap": 0.31465078989664713, "delta_T_est_c": 1.4338655844299666, "delta_T_lo_c": 0.92599740203146119, "delta_T_hi_c": 1.9027522993847525, "cooling_c_m2": 3690.6438752311165, "dQ_mean_kW": 242.96503588173243, "dQ_peak_kW": 769.38928029215265, "rank_benefit": 150, "rank_hottest": 3284, "rank_intensity": 281 }, "geometry": { "type": "Polygon", "coordinates": [ [ [ 248270.300174751260784, 2696476.485360573977232 ], [ 248270.880163931753486, 2696454.410022422205657 ], [ 248387.368313751241658, 2696457.42609610920772 ], [ 248386.788341434119502, 2696479.51249243458733 ], [ 248270.300174751260784, 2696476.485360573977232 ] ] ] } },
{ "type": "Feature", "properties": { "rank": 151, "osm_id": 1077443404, "area_m2": 3100.8884877390133, "albedo": 0.33933461796153674, "lst_c": 53.513893821022727, "lst_anomaly_c": -0.54858583392518767, "albedo_gap": 0.26066538203846323, "delta_T_est_c": 1.1878537488496681, "delta_T_lo_c": 0.76712175630145241, "delta_T_hi_c": 1.5762924199446797, "cooling_c_m2": 3683.4020149255648, "dQ_mean_kW": 242.48828469454875, "dQ_peak_kW": 767.87956819940428, "rank_benefit": 151, "rank_hottest": 2390, "rank_intensity": 1067 }, "geometry": { "type": "Polygon", "coordinates": [ [ [ 246163.259788143070182, 2694119.797887509688735 ], [ 246158.212115295755211, 2694119.733629008755088 ], [ 246158.252972045534989, 2694116.363814228679985 ], [ 246149.853383136738557, 2694116.238011959008873 ], [ 246149.838293617300224, 2694117.091636006254703 ], [ 246111.862799974129302, 2694116.54540552617982 ], [ 246111.883023319562199, 2694114.849418679252267 ], [ 246102.894292152865091, 2694114.712090232409537 ], [ 246102.852198509033769, 2694116.88501868955791 ], [ 246097.855275395093486, 2694116.819867510348558 ], [ 246097.771914612880209, 2694121.775247361045331 ], [ 246095.791337377333548, 2694121.744426789227873 ], [ 246095.278852086485131, 2694155.865600187331438 ], [ 246097.147767497343011, 2694155.898431474808604 ], [ 246097.088049039331963, 2694159.911373062524945 ], [ 246101.607876960450085, 2694159.985115827526897 ], [ 246101.561248055426404, 2694163.033643819857389 ], [ 246111.006926766829565, 2694163.173820368014276 ], [ 246111.035131124110194, 2694161.920989703852683 ], [ 246148.167601600172929, 2694162.460221852175891 ], [ 246148.139817786403, 2694164.300416932906955 ], [ 246157.869709552905988, 2694164.435506311245263 ], [ 246157.920715392916463, 2694161.065508542116731 ], [ 246162.65350435275468, 2694161.124353229999542 ], [ 246162.71024877630407, 2694156.94522999227047 ], [ 246163.918972553394269, 2694156.967793652322143 ], [ 246164.417131236928981, 2694123.733498008456081 ], [ 246163.208604130399181, 2694123.722012958489358 ], [ 246163.259788143070182, 2694119.797887509688735 ] ] ] } },
{ "type": "Feature", "properties": { "rank": 152, "osm_id": 482265890, "area_m2": 2573.6992284958478, "albedo": 0.28738172849019367, "lst_c": 53.391459147135414, "lst_anomaly_c": -0.6710205078125, "albedo_gap": 0.31261827150980631, "delta_T_est_c": 1.4246033856426397, "delta_T_lo_c": 0.92001582878826671, "delta_T_hi_c": 1.8904612797582852, "cooling_c_m2": 3666.5006345410343, "dQ_mean_kW": 241.37562125954821, "dQ_peak_kW": 764.35613398856924, "rank_benefit": 152, "rank_hottest": 2482, "rank_intensity": 303 }, "geometry": { "type": "Polygon", "coordinates": [ [ [ 248272.143533241585828, 2696413.770607084035873 ], [ 248272.723540024220711, 2696391.695271098520607 ], [ 248389.202055199013557, 2696394.711586349178106 ], [ 248388.622065293515334, 2696416.79798050923273 ], [ 248272.143533241585828, 2696413.770607084035873 ] ] ] } },
{ "type": "Feature", "properties": { "rank": 153, "osm_id": 774162497, "area_m2": 4264.6465322269351, "albedo": 0.4117529732840402, "lst_c": 53.110665457589285, "lst_anomaly_c": -0.9518141973586296, "albedo_gap": 0.18824702671595978, "delta_T_est_c": 0.85784285832539531, "delta_T_lo_c": 0.55399911036734795, "delta_T_hi_c": 1.1383650524245901, "cooling_c_m2": 3658.3965709530389, "dQ_mean_kW": 240.84210890587471, "dQ_peak_kW": 762.66667820193663, "rank_benefit": 153, "rank_hottest": 2642, "rank_intensity": 2920 }, "geometry": { "type": "Polygon", "coordinates": [ [ [ 248784.512748404144077, 2696075.299339114688337 ], [ 248812.590511497692205, 2696076.239264434669167 ], [ 248816.947379322780762, 2695927.171069829259068 ], [ 248788.032615596224787, 2695925.425942108035088 ], [ 248784.512748404144077, 2696075.299339114688337 ] ] ] } },
{ "type": "Feature", "properties": { "rank": 154, "osm_id": 1026140667, "area_m2": 4577.6446378864048, "albedo": 0.42480897903442383, "lst_c": 55.666141510009766, "lst_anomaly_c": 1.6036618550618513, "albedo_gap": 0.17519102096557615, "delta_T_est_c": 0.79834655983606384, "delta_T_lo_c": 0.51557611003185155, "delta_T_hi_c": 1.0594129386527387, "cooling_c_m2": 3654.5468488086153, "dQ_mean_kW": 240.5886713186743, "dQ_peak_kW": 761.86412584246852, "rank_benefit": 154, "rank_hottest": 155, "rank_intensity": 3138 }, "geometry": { "type": "Polygon", "coordinates": [ [ [ 246454.949866485898383, 2694458.925138733815402 ], [ 246537.808219387748977, 2694460.294095827266574 ], [ 246539.697768546611769, 2694405.57920994469896 ], [ 246456.108849120792001, 2694403.691390972584486 ], [ 246454.949866485898383, 2694458.925138733815402 ] ] ] } },
{ "type": "Feature", "properties": { "rank": 155, "osm_id": 1026166952, "area_m2": 2763.7832635240734, "albedo": 0.31167221069335938, "lst_c": 54.255115509033203, "lst_anomaly_c": 0.19263585408528883, "albedo_gap": 0.2883277893066406, "delta_T_est_c": 1.3139115088742126, "delta_T_lo_c": 0.84853047379643243, "delta_T_hi_c": 1.7435721812741549, "cooling_c_m2": 3631.3666379782107, "dQ_mean_kW": 239.0626555483766, "dQ_peak_kW": 757.03174256985926, "rank_benefit": 155, "rank_hottest": 1480, "rank_intensity": 558 }, "geometry": { "type": "Polygon", "coordinates": [ [ [ 248436.243129269190831, 2698074.897973806131631 ], [ 248452.07680899015395, 2698075.368541779462248 ], [ 248455.738962214032654, 2697956.544477329589427 ], [ 248383.109980600536801, 2697954.351864478550851 ], [ 248382.635562310810201, 2697969.831332955509424 ], [ 248439.420522170257755, 2697971.553536212071776 ], [ 248436.243129269190831, 2698074.897973806131631 ] ] ] } },
{ "type": "Feature", "properties": { "rank": 156, "osm_id": 1077418812, "area_m2": 3697.5921444214782, "albedo": 0.38568536440531415, "lst_c": 55.315511067708336, "lst_anomaly_c": 1.2530314127604214, "albedo_gap": 0.21431463559468583, "delta_T_est_c": 0.97663311228237293, "delta_T_lo_c": 0.63071443692604279, "delta_T_hi_c": 1.2960007689907254, "cooling_c_m2": 3611.1909239572014, "dQ_mean_kW": 237.73443390283862, "dQ_peak_kW": 752.82570735898889, "rank_benefit": 156, "rank_hottest": 280, "rank_intensity": 2309 }, "geometry": { "type": "Polygon", "coordinates": [ [ [ 248824.591346000612248, 2694345.492148926015943 ], [ 248831.661702428566059, 2694345.687539487611502 ], [ 248831.484612650907366, 2694352.273568659089506 ], [ 248847.331756448635133, 2694352.700446228962392 ], [ 248847.519201310584322, 2694346.125315788667649 ], [ 248854.731660512275994, 2694346.318185710348189 ], [ 248858.01861405611271, 2694228.200137984007597 ], [ 248849.180646682565566, 2694227.958647168241441 ], [ 248849.234297052404145, 2694225.840976659208536 ], [ 248834.636302705301205, 2694225.436152660753578 ], [ 248834.572701504395809, 2694227.565083043184131 ], [ 248827.888397004280705, 2694227.384970184415579 ], [ 248824.591346000612248, 2694345.492148926015943 ] ] ] } },
{ "type": "Feature", "properties": { "rank": 157, "osm_id": 774162494, "area_m2": 7719.070149279979, "albedo": 0.49906539916992188, "lst_c": 53.540835731907897, "lst_anomaly_c": -0.52164392304001694, "albedo_gap": 0.1009346008300781, "delta_T_est_c": 0.45995959665622788, "delta_T_lo_c": 0.29704415544113283, "delta_T_hi_c": 0.61037044871235446, "cooling_c_m2": 3550.4603924239477, "dQ_mean_kW": 233.73637928908383, "dQ_peak_kW": 740.16520108209875, "rank_benefit": 157, "rank_hottest": 2370, "rank_intensity": 3583 }, "geometry": { "type": "Polygon", "coordinates": [ [ [ 248384.571769508271245, 2697078.663992824032903 ], [ 248438.772966700751567, 2697079.324511484708637 ], [ 248443.370047186617739, 2696940.602177585475147 ], [ 248387.104765767842764, 2696938.083389881066978 ], [ 248384.571769508271245, 2697078.663992824032903 ] ] ] } },
{ "type": "Feature", "properties": { "rank": 158, "osm_id": 1076703184, "area_m2": 3594.3395684517627, "albedo": 0.38342392444610596, "lst_c": 54.715184529622398, "lst_anomaly_c": 0.6527048746744839, "albedo_gap": 0.21657607555389402, "delta_T_est_c": 0.98693850808267714, "delta_T_lo_c": 0.63736971189854408, "delta_T_hi_c": 1.3096761202705276, "cooling_c_m2": 3547.3921312303164, "dQ_mean_kW": 233.53438738300798, "dQ_peak_kW": 739.5255600461918, "rank_benefit": 158, "rank_hottest": 779, "rank_intensity": 2242 }, "geometry": { "type": "Polygon", "coordinates": [ [ [ 247517.656725267443107, 2694599.86650678422302 ], [ 247483.859310139028821, 2694598.931576634291559 ], [ 247480.869434165681014, 2694705.198818441480398 ], [ 247514.666596707946155, 2694706.133719238452613 ], [ 247517.656725267443107, 2694599.86650678422302 ] ] ] } },
{ "type": "Feature", "properties": { "rank": 159, "osm_id": 633556054, "area_m2": 3504.1546926981782, "albedo": 0.37795941034952801, "lst_c": 55.912740071614586, "lst_anomaly_c": 1.8502604166666714, "albedo_gap": 0.22204058965047196, "delta_T_est_c": 1.0118403324235257, "delta_T_lo_c": 0.65345143175838483, "delta_T_hi_c": 1.3427210611896314, "cooling_c_m2": 3545.6450491231822, "dQ_mean_kW": 233.41937225795155, "dQ_peak_kW": 739.16134548351329, "rank_benefit": 159, "rank_hottest": 116, "rank_intensity": 2116 }, "geometry": { "type": "Polygon", "coordinates": [ [ [ 244466.188349649135489, 2694215.703504713717848 ], [ 244538.388723862037295, 2694217.110057064797729 ], [ 244539.347365518944571, 2694168.595079753082246 ], [ 244467.146744465106167, 2694167.188500555232167 ], [ 244466.188349649135489, 2694215.703504713717848 ] ] ] } },
{ "type": "Feature", "properties": { "rank": 160, "osm_id": 842543057, "area_m2": 6269.5984616915957, "albedo": 0.47627932684762136, "lst_c": 53.632625034877229, "lst_anomaly_c": -0.4298546200706852, "albedo_gap": 0.12372067315237861, "delta_T_est_c": 0.56379586834653794, "delta_T_lo_c": 0.36410212716871659, "delta_T_hi_c": 0.74816209868547456, "cooling_c_m2": 3534.7737088935319, "dQ_mean_kW": 232.7036826226805, "dQ_peak_kW": 736.89499497182169, "rank_benefit": 160, "rank_hottest": 2301, "rank_intensity": 3539 }, "geometry": { "type": "Polygon", "coordinates": [ [ [ 245281.770096475054743, 2698380.346275654155761 ], [ 245282.136034519702662, 2698339.998869684990495 ], [ 245435.204874723684043, 2698342.914260448422283 ], [ 245432.970356151286978, 2698384.92456633085385 ], [ 245281.770096475054743, 2698380.346275654155761 ] ] ] } },
{ "type": "Feature", "properties": { "rank": 161, "osm_id": 1026166950, "area_m2": 3198.3939789056749, "albedo": 0.35832087198893231, "lst_c": 54.253667195638023, "lst_anomaly_c": 0.1911875406901089, "albedo_gap": 0.24167912801106767, "delta_T_est_c": 1.101333272495328, "delta_T_lo_c": 0.71124640982781884, "delta_T_hi_c": 1.4614789833752173, "cooling_c_m2": 3522.4977075175398, "dQ_mean_kW": 231.89552035733178, "dQ_peak_kW": 734.33581446488404, "rank_benefit": 161, "rank_hottest": 1484, "rank_intensity": 1533 }, "geometry": { "type": "Polygon", "coordinates": [ [ [ 248323.81754147913307, 2698073.528010616544634 ], [ 248351.250471756909974, 2698073.247994717210531 ], [ 248353.934554082312388, 2697957.677356102969497 ], [ 248326.270069026446436, 2697956.941905609797686 ], [ 248323.81754147913307, 2698073.528010616544634 ] ] ] } },
{ "type": "Feature", "properties": { "rank": 162, "osm_id": 1152312401, "area_m2": 6366.0027916841873, "albedo": 0.47960406541824341, "lst_c": 52.736976623535156, "lst_anomaly_c": -1.325503031412758, "albedo_gap": 0.12039593458175657, "delta_T_est_c": 0.54864501423551626, "delta_T_lo_c": 0.35431763153836698, "delta_T_hi_c": 0.72805678141555064, "cooling_c_m2": 3492.6756922669074, "dQ_mean_kW": 229.93225669646674, "dQ_peak_kW": 728.11881287214476, "rank_benefit": 162, "rank_hottest": 2801, "rank_intensity": 3548 }, "geometry": { "type": "Polygon", "coordinates": [ [ [ 250918.123704484081827, 2693600.171528203878552 ], [ 250932.958382770535536, 2693607.633677898906171 ], [ 250952.658501952217193, 2693604.847616656217724 ], [ 250967.153447217890061, 2693593.077289026696235 ], [ 250970.81991580867907, 2693577.032152339350432 ], [ 250975.167543782270513, 2693576.556406911928207 ], [ 250975.426668067841092, 2693583.178920660167933 ], [ 250971.734438933694037, 2693590.292345033492893 ], [ 250980.066313672839897, 2693591.763169146608561 ], [ 250981.173694440774852, 2693600.420887643005699 ], [ 250988.199032552540302, 2693596.905687289778143 ], [ 251001.683341580530396, 2693597.4765316657722 ], [ 251008.27793598381686, 2693600.618202421348542 ], [ 251010.316736960056005, 2693592.447943930979818 ], [ 251017.778853202267783, 2693591.241202348843217 ], [ 251014.80441339747631, 2693584.378506765235215 ], [ 251014.685070350300521, 2693577.620540677569807 ], [ 251006.222821731236763, 2693576.816923438571393 ], [ 251006.456679666240234, 2693567.060555603355169 ], [ 251011.917222350981319, 2693567.50714527303353 ], [ 251019.460542534128763, 2693570.898038227576762 ], [ 251020.956106198311318, 2693563.014428005553782 ], [ 251029.098708642355632, 2693561.241573128849268 ], [ 251025.852742654067697, 2693554.52773725381121 ], [ 251026.442565416306024, 2693541.928071543108672 ], [ 251029.303233021579217, 2693534.297409852501005 ], [ 251021.788655587210087, 2693532.535069196484983 ], [ 251020.830084652086953, 2693524.827781985513866 ], [ 251011.892027971684001, 2693527.556664116680622 ], [ 251006.158158542064484, 2693526.582959551364183 ], [ 251006.058604607358575, 2693536.469940082635731 ], [ 250996.781920370907756, 2693535.547723719850183 ], [ 250999.84014575619949, 2693523.580469088628888 ], [ 250991.353993097902276, 2693521.425264636054635 ], [ 250991.212924003251828, 2693513.437569915316999 ], [ 250983.639765984669793, 2693516.408334724139422 ], [ 250970.294577699358342, 2693516.245079637039453 ], [ 250962.748304729146184, 2693513.264298412948847 ], [ 250961.729655795410508, 2693521.128411302343011 ], [ 250953.021645739878295, 2693521.359797552693635 ], [ 250956.98647742025787, 2693529.6789086679928 ], [ 250953.223901577934157, 2693544.307238075416535 ], [ 250940.089817505300744, 2693541.148120081052184 ], [ 250928.688809105224209, 2693542.978586880490184 ], [ 250936.158440938103013, 2693565.188136070035398 ], [ 250930.63922053022543, 2693583.837061079218984 ], [ 250918.123704484081827, 2693600.171528203878552 ] ] ] } },
{ "type": "Feature", "properties": { "rank": 163, "osm_id": 1077428186, "area_m2": 4435.7384224704647, "albedo": 0.42731225490570068, "lst_c": 56.067372639973961, "lst_anomaly_c": 2.0048929850260464, "albedo_gap": 0.17268774509429929, "delta_T_est_c": 0.78693911629734969, "delta_T_lo_c": 0.50820912724394307, "delta_T_hi_c": 1.04427516028698, "cooling_c_m2": 3490.6560743051073, "dQ_mean_kW": 229.79929980137067, "dQ_peak_kW": 727.6977827043404, "rank_benefit": 163, "rank_hottest": 85, "rank_intensity": 3178 }, "geometry": { "type": "Polygon", "coordinates": [ [ [ 247636.295972378808074, 2693339.316100129857659 ], [ 247569.521598434133921, 2693337.663162170443684 ], [ 247569.036883066408336, 2693357.099231041502208 ], [ 247567.846615491900593, 2693404.054371361155063 ], [ 247634.630630363739328, 2693405.696013500448316 ], [ 247636.295972378808074, 2693339.316100129857659 ] ] ] } },
{ "type": "Feature", "properties": { "rank": 164, "osm_id": 1076781298, "area_m2": 3573.0946743957061, "albedo": 0.38647111256917316, "lst_c": 54.120185004340279, "lst_anomaly_c": 0.057705349392364269, "albedo_gap": 0.21352888743082682, "delta_T_est_c": 0.97305245306789412, "delta_T_lo_c": 0.62840202970588799, "delta_T_hi_c": 1.29124920257638, "cooling_c_m2": 3476.8085379645704, "dQ_mean_kW": 228.88767915261826, "dQ_peak_kW": 724.81098398329118, "rank_benefit": 164, "rank_hottest": 1712, "rank_intensity": 2331 }, "geometry": { "type": "Polygon", "coordinates": [ [ [ 246555.506144862185465, 2698414.676508390344679 ], [ 246616.620127385132946, 2698416.135919009801 ], [ 246618.335468172444962, 2698358.065866513643414 ], [ 246557.518649613397429, 2698355.64797236258164 ], [ 246555.506144862185465, 2698414.676508390344679 ] ] ] } },
{ "type": "Feature", "properties": { "rank": 165, "osm_id": 1164090407, "area_m2": 3295.1966257176805, "albedo": 0.37027671337127688, "lst_c": 54.591699218750001, "lst_anomaly_c": 0.52921956380208712, "albedo_gap": 0.2297232866287231, "delta_T_est_c": 1.0468504297963521, "delta_T_lo_c": 0.67606112374356075, "delta_T_hi_c": 1.3891797697333008, "cooling_c_m2": 3449.5780038960429, "dQ_mean_kW": 227.09501968432318, "dQ_peak_kW": 719.13422900035675, "rank_benefit": 165, "rank_hottest": 909, "rank_intensity": 1881 }, "geometry": { "type": "Polygon", "coordinates": [ [ [ 249548.362551690574037, 2696399.682211620267481 ], [ 249546.931502425315557, 2696460.781942054629326 ], [ 249546.795022865611827, 2696466.236836608033627 ], [ 249545.181234511284856, 2696534.753850474953651 ], [ 249545.057864232599968, 2696540.374746341723949 ], [ 249543.645246515632607, 2696600.22186906542629 ], [ 249549.027978138212347, 2696600.347776096314192 ], [ 249548.882440109387971, 2696606.434521194081753 ], [ 249553.767490851285402, 2696606.547117040026933 ], [ 249553.906429075024789, 2696600.659970127977431 ], [ 249559.908622389571974, 2696600.79702829523012 ], [ 249564.632759511034237, 2696400.057798367924988 ], [ 249548.362551690574037, 2696399.682211620267481 ] ] ] } },
{ "type": "Feature", "properties": { "rank": 166, "osm_id": 1077278334, "area_m2": 6046.1381288263519, "albedo": 0.47549492972237722, "lst_c": 53.196807861328125, "lst_anomaly_c": -0.8656717936197893, "albedo_gap": 0.12450507027762275, "delta_T_est_c": 0.56737037086974085, "delta_T_lo_c": 0.36641055836755643, "delta_T_hi_c": 0.7529054951160995, "cooling_c_m2": 3430.3996324818881, "dQ_mean_kW": 225.83245579132185, "dQ_peak_kW": 715.13611000585252, "rank_benefit": 166, "rank_hottest": 2595, "rank_intensity": 3535 }, "geometry": { "type": "Polygon", "coordinates": [ [ [ 244969.459928657772252, 2696057.24096158053726 ], [ 245017.254099642916117, 2696058.669750016182661 ], [ 245021.118445706961211, 2695932.269013934768736 ], [ 244973.333999382302864, 2695930.839990966022015 ], [ 244969.459928657772252, 2696057.24096158053726 ] ] ] } },
{ "type": "Feature", "properties": { "rank": 167, "osm_id": 1076669416, "area_m2": 2918.8815640319035, "albedo": 0.34471223354339597, "lst_c": 53.545806884765625, "lst_anomaly_c": -0.5166727701822893, "albedo_gap": 0.255287766456604, "delta_T_est_c": 1.1633479215747549, "delta_T_lo_c": 0.75129577328211472, "delta_T_hi_c": 1.5437729706308836, "cooling_c_m2": 3395.6748008393847, "dQ_mean_kW": 223.54642650991909, "dQ_peak_kW": 707.8970172814104, "rank_benefit": 167, "rank_hottest": 2368, "rank_intensity": 1183 }, "geometry": { "type": "Polygon", "coordinates": [ [ [ 248190.855197432421846, 2697964.295822743792087 ], [ 248191.165936619014246, 2697950.459447258152068 ], [ 248090.556998157786438, 2697947.505595471244305 ], [ 248082.204073132423218, 2697956.088812476955354 ], [ 248079.783410190575523, 2698055.62987819686532 ], [ 248094.853509852924617, 2698055.969646754674613 ], [ 248097.011877337790793, 2697962.185051132459193 ], [ 248190.855197432421846, 2697964.295822743792087 ] ] ] } },
{ "type": "Feature", "properties": { "rank": 168, "osm_id": 482265889, "area_m2": 2574.4817820198823, "albedo": 0.31179211139678953, "lst_c": 52.786883544921878, "lst_anomaly_c": -1.2755961100260365, "albedo_gap": 0.28820788860321045, "delta_T_est_c": 1.3133651206313803, "delta_T_lo_c": 0.84817761359889554, "delta_T_hi_c": 1.742847119248331, "cooling_c_m2": 3381.2345762058339, "dQ_mean_kW": 222.59578759301428, "dQ_peak_kW": 704.88666071121202, "rank_benefit": 168, "rank_hottest": 2780, "rank_intensity": 562 }, "geometry": { "type": "Polygon", "coordinates": [ [ [ 248139.793576778902207, 2696411.116691577248275 ], [ 248140.373179504444124, 2696389.030253295321018 ], [ 248256.862009187054355, 2696392.045297960285097 ], [ 248256.272076411551097, 2696414.131897016894072 ], [ 248139.793576778902207, 2696411.116691577248275 ] ] ] } },
{ "type": "Feature", "properties": { "rank": 169, "osm_id": 1036597447, "area_m2": 4120.7776266910141, "albedo": 0.42079679171244305, "lst_c": 53.600596110026039, "lst_anomaly_c": -0.461883544921875, "albedo_gap": 0.17920320828755693, "delta_T_est_c": 0.8166301221343315, "delta_T_lo_c": 0.52738372391973698, "delta_T_hi_c": 1.0836753873660214, "cooling_c_m2": 3365.1511365731035, "dQ_mean_kW": 221.53697140278427, "dQ_peak_kW": 701.53374277548369, "rank_benefit": 169, "rank_hottest": 2331, "rank_intensity": 3076 }, "geometry": { "type": "Polygon", "coordinates": [ [ [ 245350.815463981503854, 2697132.412909142207354 ], [ 245348.556644624855835, 2697210.142857646103948 ], [ 245401.535628750076285, 2697211.644982514437288 ], [ 245403.784789749450283, 2697133.926330663263798 ], [ 245350.815463981503854, 2697132.412909142207354 ] ] ] } },
{ "type": "Feature", "properties": { "rank": 170, "osm_id": 482265893, "area_m2": 2573.6785229754423, "albedo": 0.31384956836700439, "lst_c": 50.639480590820312, "lst_anomaly_c": -3.4229990641276018, "albedo_gap": 0.28615043163299558, "delta_T_est_c": 1.303989276566264, "delta_T_lo_c": 0.84212264767989597, "delta_T_hi_c": 1.7304052913341299, "cooling_c_m2": 3356.0491952888779, "dQ_mean_kW": 220.93776607019802, "dQ_peak_kW": 699.63625922229369, "rank_benefit": 170, "rank_hottest": 3504, "rank_intensity": 591 }, "geometry": { "type": "Polygon", "coordinates": [ [ [ 248135.308828707318753, 2696555.99911091895774 ], [ 248135.888588539703051, 2696533.92374641308561 ], [ 248252.366081593412673, 2696536.938831426203251 ], [ 248251.786338748264825, 2696559.02525411080569 ], [ 248135.308828707318753, 2696555.99911091895774 ] ] ] } },
{ "type": "Feature", "properties": { "rank": 171, "osm_id": 454798762, "area_m2": 3228.0318861421538, "albedo": 0.37206617991129559, "lst_c": 56.087158203125, "lst_anomaly_c": 2.0246785481770857, "albedo_gap": 0.22793382008870439, "delta_T_est_c": 1.0386958197695837, "delta_T_lo_c": 0.67079483673495721, "delta_T_hi_c": 1.3783585301781385, "cooling_c_m2": 3352.9432262187797, "dQ_mean_kW": 220.73329175295802, "dQ_peak_kW": 698.98875721770048, "rank_benefit": 171, "rank_hottest": 81, "rank_intensity": 1934 }, "geometry": { "type": "Polygon", "coordinates": [ [ [ 247676.840630890103057, 2694911.622222038451582 ], [ 247642.288545623159735, 2694910.456693351268768 ], [ 247639.29150692204712, 2695005.03203662019223 ], [ 247672.812434504303383, 2695006.459811151027679 ], [ 247676.840630890103057, 2694911.622222038451582 ] ] ] } },
{ "type": "Feature", "properties": { "rank": 172, "osm_id": 1150342137, "area_m2": 3589.4691491423432, "albedo": 0.39566552639007568, "lst_c": 55.091114044189453, "lst_anomaly_c": 1.0286343892415388, "albedo_gap": 0.20433447360992429, "delta_T_est_c": 0.93115345274715833, "delta_T_lo_c": 0.60134345052941585, "delta_T_hi_c": 1.2356488589542849, "cooling_c_m2": 3342.3465917532976, "dQ_mean_kW": 220.03568673871905, "dQ_peak_kW": 696.77967467261033, "rank_benefit": 172, "rank_hottest": 412, "rank_intensity": 2588 }, "geometry": { "type": "Polygon", "coordinates": [ [ [ 250057.595916373131331, 2694077.737470271531492 ], [ 250117.142154832516098, 2694078.610072015784681 ], [ 250117.365231620409759, 2694063.70060076052323 ], [ 250087.099591732228873, 2694063.261914564296603 ], [ 250087.374522169062402, 2694044.406267766840756 ], [ 250107.087777857290348, 2694044.68847358552739 ], [ 250107.360640036000405, 2694026.287236052099615 ], [ 250087.342647842771839, 2694025.999347560107708 ], [ 250087.619745934731327, 2694007.26556724589318 ], [ 250114.909839520900277, 2694007.668355552013963 ], [ 250115.139871092687827, 2693992.005174844991416 ], [ 250055.146448163344758, 2693991.129390113055706 ], [ 250054.82092243724037, 2694012.856220477260649 ], [ 250068.024029192310991, 2694013.043247095774859 ], [ 250067.906978313141735, 2694020.758514030370861 ], [ 250061.203727419604547, 2694020.655720583628863 ], [ 250061.025243288808269, 2694032.350577273406088 ], [ 250060.809361295716371, 2694046.517421816010028 ], [ 250067.888167330500437, 2694046.613555138465017 ], [ 250067.716688255604822, 2694058.130972636397928 ], [ 250057.895691796322353, 2694057.994803997687995 ], [ 250057.595916373131331, 2694077.737470271531492 ] ] ] } },
{ "type": "Feature", "properties": { "rank": 173, "osm_id": 633556087, "area_m2": 3679.2503508164968, "albedo": 0.40206654866536456, "lst_c": 55.340610080295136, "lst_anomaly_c": 1.2781304253472214, "albedo_gap": 0.19793345133463541, "delta_T_est_c": 0.9019839548770876, "delta_T_lo_c": 0.58250564624737367, "delta_T_hi_c": 1.1969406775550915, "cooling_c_m2": 3318.6247824123757, "dQ_mean_kW": 218.47401607838319, "dQ_peak_kW": 691.8343842482135, "rank_benefit": 173, "rank_hottest": 274, "rank_intensity": 2729 }, "geometry": { "type": "Polygon", "coordinates": [ [ [ 244472.643760040606139, 2694459.205096154939383 ], [ 244534.215602818410844, 2694460.261142388917506 ], [ 244535.254907476075459, 2694400.517972726374865 ], [ 244473.68300613903557, 2694399.472977904602885 ], [ 244472.643760040606139, 2694459.205096154939383 ] ] ] } },
{ "type": "Feature", "properties": { "rank": 174, "osm_id": 454798765, "area_m2": 3224.5525738529245, "albedo": 0.37444505095481873, "lst_c": 56.195274353027344, "lst_anomaly_c": 2.1327946980794295, "albedo_gap": 0.22555494904518125, "delta_T_est_c": 1.0278552897959414, "delta_T_lo_c": 0.66379396949799951, "delta_T_hi_c": 1.3639730511221657, "cooling_c_m2": 3314.3734202598466, "dQ_mean_kW": 218.19413744667133, "dQ_peak_kW": 690.94810191445924, "rank_benefit": 174, "rank_hottest": 67, "rank_intensity": 2004 }, "geometry": { "type": "Polygon", "coordinates": [ [ [ 248011.99349097252707, 2695012.946459649130702 ], [ 248045.700928631005809, 2695014.593424397986382 ], [ 248049.543023475038353, 2694921.133743648882955 ], [ 248014.21691743293195, 2694919.825997698586434 ], [ 248011.99349097252707, 2695012.946459649130702 ] ] ] } },
{ "type": "Feature", "properties": { "rank": 175, "osm_id": 482265895, "area_m2": 2573.0030997632721, "albedo": 0.31742584705352783, "lst_c": 50.932195027669273, "lst_anomaly_c": -3.1302846272786411, "albedo_gap": 0.28257415294647215, "delta_T_est_c": 1.2876921526002929, "delta_T_lo_c": 0.83159788537515511, "delta_T_hi_c": 1.7087788638388794, "cooling_c_m2": 3313.2359001813938, "dQ_mean_kW": 218.11925143327613, "dQ_peak_kW": 690.71096287204114, "rank_benefit": 175, "rank_hottest": 3457, "rank_intensity": 648 }, "geometry": { "type": "Polygon", "coordinates": [ [ [ 248264.895872938854154, 2696670.512148301117122 ], [ 248265.475808127812343, 2696648.436803497374058 ], [ 248381.952217903803103, 2696651.452874632086605 ], [ 248381.372101631161058, 2696673.528198801912367 ], [ 248264.895872938854154, 2696670.512148301117122 ] ] ] } },
{ "type": "Feature", "properties": { "rank": 176, "osm_id": 1077443334, "area_m2": 2478.3915245522667, "albedo": 0.30669828255971271, "lst_c": 54.260599772135414, "lst_anomaly_c": 0.1981201171875, "albedo_gap": 0.29330171744028727, "delta_T_est_c": 1.3365777299652404, "delta_T_lo_c": 0.86316843015166955, "delta_T_hi_c": 1.7736504569281883, "cooling_c_m2": 3312.5629178511599, "dQ_mean_kW": 218.07494719218951, "dQ_peak_kW": 690.57066610860011, "rank_benefit": 176, "rank_hottest": 1467, "rank_intensity": 510 }, "geometry": { "type": "Polygon", "coordinates": [ [ [ 246015.656038624612847, 2694265.43208287935704 ], [ 246015.910741735744523, 2694257.026950191706419 ], [ 246014.671173934882972, 2694256.982790823094547 ], [ 246015.557479666022118, 2694227.841982739046216 ], [ 246016.797050003369804, 2694227.886142408940941 ], [ 246017.049162126088049, 2694219.336984357796609 ], [ 246014.327403655683156, 2694219.308449135627598 ], [ 246014.398752713110298, 2694213.688330801203847 ], [ 246010.275411025504582, 2694213.640720943920314 ], [ 246010.29402354566264, 2694211.856101362966001 ], [ 245980.148252877756022, 2694211.357572607230395 ], [ 245980.129644154891139, 2694213.142192563973367 ], [ 245976.138259029714391, 2694213.092214631848037 ], [ 245976.066925148013979, 2694218.71233450062573 ], [ 245973.436521070369054, 2694218.68216079287231 ], [ 245973.195352345908759, 2694226.710247049573809 ], [ 245973.754234239895595, 2694226.733422603923827 ], [ 245972.902594296756433, 2694254.975934024900198 ], [ 245972.343913173652254, 2694254.96383751835674 ], [ 245972.043339492200175, 2694264.766197232529521 ], [ 245974.95815067490912, 2694264.802326737903059 ], [ 245974.901298746379325, 2694269.535584934055805 ], [ 245978.425542231008876, 2694269.58289696322754 ], [ 245978.39521899173269, 2694271.844276312738657 ], [ 246008.825077019224409, 2694272.337668529246002 ], [ 246008.855405114241876, 2694270.076289674732834 ], [ 246013.293597530806437, 2694270.129306526388973 ], [ 246013.360812485654606, 2694265.406945627182722 ], [ 246015.656038624612847, 2694265.43208287935704 ] ] ] } },
{ "type": "Feature", "properties": { "rank": 177, "osm_id": 1077428194, "area_m2": 2643.9900600628125, "albedo": 0.32770056724548341, "lst_c": 54.2046875, "lst_anomaly_c": 0.14220784505208428, "albedo_gap": 0.27229943275451657, "delta_T_est_c": 1.2408701895035787, "delta_T_lo_c": 0.8013600327783883, "delta_T_hi_c": 1.6466457051164747, "cooling_c_m2": 3280.8484468757206, "dQ_mean_kW": 215.9870980691052, "dQ_peak_kW": 683.95914388549977, "rank_benefit": 177, "rank_hottest": 1575, "rank_intensity": 813 }, "geometry": { "type": "Polygon", "coordinates": [ [ [ 248277.50182394834701, 2692961.5292749973014 ], [ 248263.347133395756828, 2692974.659566672518849 ], [ 248357.079241650586482, 2693074.544939969200641 ], [ 248371.223746535833925, 2693061.414920743554831 ], [ 248277.50182394834701, 2692961.5292749973014 ] ] ] } },
{ "type": "Feature", "properties": { "rank": 178, "osm_id": 1390448635, "area_m2": 2969.8070205372032, "albedo": 0.35768592357635498, "lst_c": 53.518669128417969, "lst_anomaly_c": -0.54381052652994555, "albedo_gap": 0.242314076423645, "delta_T_est_c": 1.1042267363159086, "delta_T_lo_c": 0.71311502290412387, "delta_T_hi_c": 1.4653186354301797, "cooling_c_m2": 3279.3403137758687, "dQ_mean_kW": 215.88781360137881, "dQ_peak_kW": 683.64474307103285, "rank_benefit": 178, "rank_hottest": 2386, "rank_intensity": 1519 }, "geometry": { "type": "Polygon", "coordinates": [ [ [ 246284.525288641161751, 2694174.3459806824103 ], [ 246341.952153157471912, 2694175.27405750984326 ], [ 246342.940935568243731, 2694115.11163523234427 ], [ 246314.420547079964308, 2694114.660702384542674 ], [ 246314.144026704365388, 2694131.45564197935164 ], [ 246285.237540629459545, 2694130.989554957021028 ], [ 246284.525288641161751, 2694174.3459806824103 ] ] ] } },
{ "type": "Feature", "properties": { "rank": 179, "osm_id": 117601193, "area_m2": 2938.490628935886, "albedo": 0.35629534721374512, "lst_c": 54.524499511718751, "lst_anomaly_c": 0.46201985677083712, "albedo_gap": 0.24370465278625486, "delta_T_est_c": 1.1105636013513436, "delta_T_lo_c": 0.71720740131361738, "delta_T_hi_c": 1.4737277113212497, "cooling_c_m2": 3263.3807354082123, "dQ_mean_kW": 214.83715153214516, "dQ_peak_kW": 680.31764651845958, "rank_benefit": 179, "rank_hottest": 1005, "rank_intensity": 1492 }, "geometry": { "type": "Polygon", "coordinates": [ [ [ 248230.072582952358061, 2697736.405400146264583 ], [ 248321.18393259550794, 2697738.366580884903669 ], [ 248321.896629480295815, 2697706.126304748933762 ], [ 248230.775122851511696, 2697704.176361638586968 ], [ 248230.072582952358061, 2697736.405400146264583 ] ] ] } },
{ "type": "Feature", "properties": { "rank": 180, "osm_id": 1036231416, "area_m2": 2363.5053487953578, "albedo": 0.2970120906829834, "lst_c": 53.303924560546875, "lst_anomaly_c": -0.7585550944010393, "albedo_gap": 0.30298790931701658, "delta_T_est_c": 1.3807177659104521, "delta_T_lo_c": 0.89167428108684677, "delta_T_hi_c": 1.832224674624519, "cooling_c_m2": 3263.3338249061303, "dQ_mean_kW": 214.83406328732747, "dQ_peak_kW": 680.30786707653704, "rank_benefit": 180, "rank_hottest": 2533, "rank_intensity": 394 }, "geometry": { "type": "Polygon", "coordinates": [ [ [ 246180.153642787772696, 2694171.548163957428187 ], [ 246266.61676844683825, 2694173.382763050496578 ], [ 246267.569568395032547, 2694146.213515762705356 ], [ 246180.737463005556492, 2694144.197134810499847 ], [ 246180.153642787772696, 2694171.548163957428187 ] ] ] } },
{ "type": "Feature", "properties": { "rank": 181, "osm_id": 1072959493, "area_m2": 4336.8292102557707, "albedo": 0.43528207143147785, "lst_c": 55.292124430338539, "lst_anomaly_c": 1.229644775390625, "albedo_gap": 0.16471792856852213, "delta_T_est_c": 0.75062061338087305, "delta_T_lo_c": 0.48475446056422122, "delta_T_hi_c": 0.99608018602653647, "cooling_c_m2": 3255.3134019302738, "dQ_mean_kW": 214.30605722063709, "dQ_peak_kW": 678.6358478653508, "rank_benefit": 181, "rank_hottest": 289, "rank_intensity": 3269 }, "geometry": { "type": "Polygon", "coordinates": [ [ [ 244393.330478011252126, 2695404.564189285039902 ], [ 244432.617629017942818, 2695405.369797105435282 ], [ 244435.380225024826359, 2695295.712185889948159 ], [ 244395.547287234629039, 2695295.060513928066939 ], [ 244393.330478011252126, 2695404.564189285039902 ] ] ] } },
{ "type": "Feature", "properties": { "rank": 182, "osm_id": 1036231410, "area_m2": 2363.816019041024, "albedo": 0.2982544183731079, "lst_c": 52.687762451171878, "lst_anomaly_c": -1.3747172037760365, "albedo_gap": 0.30174558162689208, "delta_T_est_c": 1.3750564709871531, "delta_T_lo_c": 0.88801818915742592, "delta_T_hi_c": 1.8247120862412189, "cooling_c_m2": 3250.3805132054517, "dQ_mean_kW": 213.98131185734954, "dQ_peak_kW": 677.60748754827353, "rank_benefit": 182, "rank_hottest": 2821, "rank_intensity": 409 }, "geometry": { "type": "Polygon", "coordinates": [ [ [ 246355.176988150109537, 2694174.393296622671187 ], [ 246441.63995957680163, 2694176.228964637964964 ], [ 246442.582744256651495, 2694149.048862452153116 ], [ 246355.761145819124067, 2694147.042304516304284 ], [ 246355.176988150109537, 2694174.393296622671187 ] ] ] } },
{ "type": "Feature", "properties": { "rank": 183, "osm_id": 483051904, "area_m2": 3671.2313624875096, "albedo": 0.40573702918158638, "lst_c": 53.174858940972221, "lst_anomaly_c": -0.88762071397569287, "albedo_gap": 0.19426297081841359, "delta_T_est_c": 0.88525755259390915, "delta_T_lo_c": 0.57170365390740563, "delta_T_hi_c": 1.1747445939400398, "cooling_c_m2": 3249.9852909616952, "dQ_mean_kW": 213.95529331156675, "dQ_peak_kW": 677.52509548662817, "rank_benefit": 183, "rank_hottest": 2610, "rank_intensity": 2800 }, "geometry": { "type": "Polygon", "coordinates": [ [ [ 244803.884163315669866, 2697712.641029293648899 ], [ 244804.407745116914157, 2697659.21310319704935 ], [ 244873.115131843136624, 2697659.873783405404538 ], [ 244872.591290298383683, 2697713.301683936268091 ], [ 244803.884163315669866, 2697712.641029293648899 ] ] ] } },
{ "type": "Feature", "properties": { "rank": 184, "osm_id": 1026140670, "area_m2": 4328.848338843597, "albedo": 0.435365629196167, "lst_c": 53.563873291015625, "lst_anomaly_c": -0.4986063639322893, "albedo_gap": 0.16463437080383297, "delta_T_est_c": 0.75023984013336575, "delta_T_lo_c": 0.48450855534006104, "delta_T_hi_c": 0.99557489656279163, "cooling_c_m2": 3247.6744856956061, "dQ_mean_kW": 213.80316677121996, "dQ_peak_kW": 677.04336144219656, "rank_benefit": 184, "rank_hottest": 2354, "rank_intensity": 3273 }, "geometry": { "type": "Polygon", "coordinates": [ [ [ 245057.938698547368404, 2698557.82123985979706 ], [ 245156.716778580390383, 2698560.065870555117726 ], [ 245157.740560748963617, 2698516.270878227893263 ], [ 245058.961974850361003, 2698514.015134325716645 ], [ 245057.938698547368404, 2698557.82123985979706 ] ] ] } },
{ "type": "Feature", "properties": { "rank": 185, "osm_id": 1072959494, "area_m2": 3890.0953204837497, "albedo": 0.41680717468261719, "lst_c": 55.414545694986977, "lst_anomaly_c": 1.3520660400390625, "albedo_gap": 0.18319282531738279, "delta_T_est_c": 0.83481083147245849, "delta_T_lo_c": 0.53912491486329928, "delta_T_hi_c": 1.1078013492924454, "cooling_c_m2": 3247.493709000159, "dQ_mean_kW": 213.79126575400434, "dQ_peak_kW": 677.00567488768036, "rank_benefit": 185, "rank_hottest": 247, "rank_intensity": 3021 }, "geometry": { "type": "Polygon", "coordinates": [ [ [ 244352.030006906192284, 2695293.92167139891535 ], [ 244387.294288593693636, 2695294.589610023889691 ], [ 244385.141759572405135, 2695404.834665693342686 ], [ 244349.857251267123502, 2695404.156046151183546 ], [ 244352.030006906192284, 2695293.92167139891535 ] ] ] } },
{ "type": "Feature", "properties": { "rank": 186, "osm_id": 1072959479, "area_m2": 3914.3872107124071, "albedo": 0.41801772798810688, "lst_c": 54.86566162109375, "lst_anomaly_c": 0.8031819661458357, "albedo_gap": 0.1819822720118931, "delta_T_est_c": 0.82929433261532948, "delta_T_lo_c": 0.53556233294106015, "delta_T_hi_c": 1.100480906568291, "cooling_c_m2": 3246.1791295057269, "dQ_mean_kW": 213.70472344192223, "dQ_peak_kW": 676.7316242327538, "rank_benefit": 186, "rank_hottest": 605, "rank_intensity": 3036 }, "geometry": { "type": "Polygon", "coordinates": [ [ [ 245423.564336613169871, 2695704.834139494225383 ], [ 245453.890624171006493, 2695705.937424748204648 ], [ 245456.355429889576044, 2695638.943031340837479 ], [ 245458.638340104080271, 2695577.049918607342988 ], [ 245428.301628619577968, 2695575.94678225973621 ], [ 245423.564336613169871, 2695704.834139494225383 ] ] ] } },
{ "type": "Feature", "properties": { "rank": 187, "osm_id": 1076703185, "area_m2": 3020.5558491771103, "albedo": 0.36433627388694068, "lst_c": 55.170981667258523, "lst_anomaly_c": 1.1085020123106091, "albedo_gap": 0.2356637261130593, "delta_T_est_c": 1.0739210490558062, "delta_T_lo_c": 0.69354346196119965, "delta_T_hi_c": 1.4251027206716709, "cooling_c_m2": 3243.8385062799339, "dQ_mean_kW": 213.55063390490216, "dQ_peak_kW": 676.24367403219014, "rank_benefit": 187, "rank_hottest": 349, "rank_intensity": 1710 }, "geometry": { "type": "Polygon", "coordinates": [ [ [ 247532.807193014392396, 2694708.202519610524178 ], [ 247560.641232511785347, 2694708.967298803851008 ], [ 247563.694509012275375, 2694600.537935602478683 ], [ 247535.86005879251752, 2694599.762052907142788 ], [ 247532.807193014392396, 2694708.202519610524178 ] ] ] } },
{ "type": "Feature", "properties": { "rank": 188, "osm_id": 1071647275, "area_m2": 4672.9119628232229, "albedo": 0.44770952065785724, "lst_c": 54.506866455078125, "lst_anomaly_c": 0.4443868001302107, "albedo_gap": 0.15229047934214274, "delta_T_est_c": 0.69398865083658923, "delta_T_lo_c": 0.44818126238065664, "delta_T_hi_c": 0.9209290713614573, "cooling_c_m2": 3242.9478685578465, "dQ_mean_kW": 213.49200082259452, "dQ_peak_kW": 676.05800260488274, "rank_benefit": 188, "rank_hottest": 1029, "rank_intensity": 3376 }, "geometry": { "type": "Polygon", "coordinates": [ [ [ 244591.406086112401681, 2697867.208469494711608 ], [ 244605.208359215263044, 2697867.567550145089626 ], [ 244618.350604223203845, 2697867.916455290745944 ], [ 244653.003720780019648, 2697868.828196712769568 ], [ 244653.046214355679695, 2697867.253685503266752 ], [ 244655.029078911204124, 2697793.019187498837709 ], [ 244593.421168235130608, 2697791.410685423761606 ], [ 244591.406086112401681, 2697867.208469494711608 ] ] ] } },
{ "type": "Feature", "properties": { "rank": 189, "osm_id": 1077278649, "area_m2": 3159.1032344831106, "albedo": 0.37535635630289715, "lst_c": 56.035120646158852, "lst_anomaly_c": 1.9726409912109375, "albedo_gap": 0.22464364369710282, "delta_T_est_c": 1.0237024657208904, "delta_T_lo_c": 0.6611120554145955, "delta_T_hi_c": 1.3584622168825078, "cooling_c_m2": 3233.9817706072004, "dQ_mean_kW": 212.90173842287669, "dQ_peak_kW": 674.18883833910957, "rank_benefit": 189, "rank_hottest": 90, "rank_intensity": 2035 }, "geometry": { "type": "Polygon", "coordinates": [ [ [ 244587.127631930779899, 2693637.569708902388811 ], [ 244476.269099526340142, 2693635.754889690317214 ], [ 244475.976386434602318, 2693652.661206316202879 ], [ 244466.032227091345703, 2693652.497870611492544 ], [ 244465.949414750066353, 2693657.453307849355042 ], [ 244461.845958744437667, 2693657.394688662141562 ], [ 244461.752283578389324, 2693662.871206707321107 ], [ 244586.668560539925238, 2693664.91885227849707 ], [ 244587.127631930779899, 2693637.569708902388811 ] ] ] } },
{ "type": "Feature", "properties": { "rank": 190, "osm_id": 1072959502, "area_m2": 3146.6025635278593, "albedo": 0.3745588991377089, "lst_c": 54.624823676215279, "lst_anomaly_c": 0.56234402126736427, "albedo_gap": 0.22544110086229108, "delta_T_est_c": 1.0273364829264284, "delta_T_lo_c": 0.66345892148614827, "delta_T_hi_c": 1.3632845898224302, "cooling_c_m2": 3232.6196107819947, "dQ_mean_kW": 212.81206376934833, "dQ_peak_kW": 673.9048686029364, "rank_benefit": 190, "rank_hottest": 866, "rank_intensity": 2011 }, "geometry": { "type": "Polygon", "coordinates": [ [ [ 244410.037836522387806, 2695598.495843591634184 ], [ 244470.342070135870017, 2695599.906560271512717 ], [ 244469.09485697519267, 2695652.050934526603669 ], [ 244408.791045850754017, 2695650.651321882382035 ], [ 244410.037836522387806, 2695598.495843591634184 ] ] ] } },
{ "type": "Feature", "properties": { "rank": 191, "osm_id": 1036231415, "area_m2": 2363.3322132278236, "albedo": 0.30055499076843262, "lst_c": 52.805493164062497, "lst_anomaly_c": -1.2569864908854171, "albedo_gap": 0.29944500923156736, "delta_T_est_c": 1.3645727484348302, "delta_T_lo_c": 0.88124774989695009, "delta_T_hi_c": 1.8108000937858908, "cooling_c_m2": 3224.9387336688615, "dQ_mean_kW": 212.30641092217988, "dQ_peak_kW": 672.30363458690294, "rank_benefit": 191, "rank_hottest": 2770, "rank_intensity": 431 }, "geometry": { "type": "Polygon", "coordinates": [ [ [ 246177.774862013146048, 2694276.276262445840985 ], [ 246264.237349920062115, 2694278.110790646169335 ], [ 246265.179962528258329, 2694250.941721579991281 ], [ 246178.35864797825343, 2694248.925229076296091 ], [ 246177.774862013146048, 2694276.276262445840985 ] ] ] } },
{ "type": "Feature", "properties": { "rank": 192, "osm_id": 1164090412, "area_m2": 3358.4103208918659, "albedo": 0.38963417573408649, "lst_c": 54.135753284801133, "lst_anomaly_c": 0.073273629853218836, "albedo_gap": 0.21036582426591349, "delta_T_est_c": 0.95863835477487191, "delta_T_lo_c": 0.61909333458348503, "delta_T_hi_c": 1.2721215667865098, "cooling_c_m2": 3219.500944678728, "dQ_mean_kW": 211.9484266132705, "dQ_peak_kW": 671.17001760868993, "rank_benefit": 192, "rank_hottest": 1690, "rank_intensity": 2420 }, "geometry": { "type": "Polygon", "coordinates": [ [ [ 249458.809946287627099, 2696397.307697167620063 ], [ 249454.08090232021641, 2696598.257769685704261 ], [ 249458.722194931848207, 2696598.363587878644466 ], [ 249458.585070255765459, 2696604.350447938311845 ], [ 249464.973113525222288, 2696604.491682758089155 ], [ 249465.110438009549398, 2696598.515901746693999 ], [ 249470.594857913674787, 2696598.65105205681175 ], [ 249472.007364526827587, 2696538.814973929896951 ], [ 249472.137306748802075, 2696532.99447683012113 ], [ 249473.755766742251581, 2696464.18919584620744 ], [ 249473.883054947014898, 2696458.789872443303466 ], [ 249475.323938654240919, 2696397.689926691353321 ], [ 249458.809946287627099, 2696397.307697167620063 ] ] ] } },
{ "type": "Feature", "properties": { "rank": 193, "osm_id": 1036597486, "area_m2": 4340.2199281243238, "albedo": 0.43722375233968097, "lst_c": 54.569132486979164, "lst_anomaly_c": 0.50665283203125, "albedo_gap": 0.16277624766031901, "delta_T_est_c": 0.74177236154228177, "delta_T_lo_c": 0.47904021628356719, "delta_T_hi_c": 0.9843384776584484, "cooling_c_m2": 3219.4551856976523, "dQ_mean_kW": 211.94541417618507, "dQ_peak_kW": 671.16047822458609, "rank_benefit": 193, "rank_hottest": 945, "rank_intensity": 3292 }, "geometry": { "type": "Polygon", "coordinates": [ [ [ 245840.133743669692194, 2697879.025400450918823 ], [ 245841.638881105784094, 2697837.017413551453501 ], [ 245794.059801223047543, 2697835.33878045110032 ], [ 245767.710650582128437, 2697834.418309258297086 ], [ 245763.180235020117834, 2697834.256328451447189 ], [ 245763.457814681431046, 2697826.582165962085128 ], [ 245737.057699410448549, 2697825.651588072534651 ], [ 245735.465777519799303, 2697870.143685867078602 ], [ 245787.991638639185112, 2697871.998740295879543 ], [ 245787.811095860495698, 2697877.177567548584193 ], [ 245840.133743669692194, 2697879.025400450918823 ] ] ] } },
{ "type": "Feature", "properties": { "rank": 194, "osm_id": 1076847286, "area_m2": 4330.8874508450772, "albedo": 0.43691830201582477, "lst_c": 55.619706587357953, "lst_anomaly_c": 1.557226932410039, "albedo_gap": 0.16308169798417521, "delta_T_est_c": 0.74316430054638938, "delta_T_lo_c": 0.47993913729512233, "delta_T_hi_c": 0.98618559301530517, "cooling_c_m2": 3218.5609431524172, "dQ_mean_kW": 211.8865437786514, "dQ_peak_kW": 670.9740552990628, "rank_benefit": 194, "rank_hottest": 164, "rank_intensity": 3289 }, "geometry": { "type": "Polygon", "coordinates": [ [ [ 248488.929142269917065, 2693102.658021145034581 ], [ 248489.804931258113356, 2693061.80416957847774 ], [ 248383.843388696928741, 2693059.571738483384252 ], [ 248382.96790453203721, 2693100.425623309798539 ], [ 248488.929142269917065, 2693102.658021145034581 ] ] ] } },
{ "type": "Feature", "properties": { "rank": 195, "osm_id": 482265894, "area_m2": 2573.7966846841427, "albedo": 0.32602969805399579, "lst_c": 51.487711588541664, "lst_anomaly_c": -2.57476806640625, "albedo_gap": 0.27397030194600419, "delta_T_est_c": 1.2484843506838046, "delta_T_lo_c": 0.80627729528060588, "delta_T_hi_c": 1.6567497642771667, "cooling_c_m2": 3213.344882670011, "dQ_mean_kW": 211.54315645516172, "dQ_peak_kW": 669.88666210801216, "rank_benefit": 195, "rank_hottest": 3311, "rank_intensity": 787 }, "geometry": { "type": "Polygon", "coordinates": [ [ [ 248134.63768325894489, 2696666.047958984039724 ], [ 248135.217416194704128, 2696643.97259113099426 ], [ 248251.704152843012707, 2696646.987410102039576 ], [ 248251.114288186974591, 2696669.074017576407641 ], [ 248134.63768325894489, 2696666.047958984039724 ] ] ] } },
{ "type": "Feature", "properties": { "rank": 196, "osm_id": 1077428188, "area_m2": 4402.108711468537, "albedo": 0.43984150886535645, "lst_c": 55.757542928059898, "lst_anomaly_c": 1.6950632731119839, "albedo_gap": 0.16015849113464353, "delta_T_est_c": 0.72984322895750131, "delta_T_lo_c": 0.47133632416010357, "delta_T_hi_c": 0.96850841331920257, "cooling_c_m2": 3212.8492362001425, "dQ_mean_kW": 211.51052671184124, "dQ_peak_kW": 669.78333458749717, "rank_benefit": 196, "rank_hottest": 142, "rank_intensity": 3312 }, "geometry": { "type": "Polygon", "coordinates": [ [ [ 248452.203253904823214, 2693253.101342962123454 ], [ 248389.163541845424334, 2693251.887666894588619 ], [ 248387.789170463860501, 2693321.686348344665021 ], [ 248450.828770150634227, 2693322.911069903988391 ], [ 248452.203253904823214, 2693253.101342962123454 ] ] ] } },
{ "type": "Feature", "properties": { "rank": 197, "osm_id": 1392676943, "area_m2": 3490.9448296735281, "albedo": 0.40123122930526733, "lst_c": 52.419761657714844, "lst_anomaly_c": -1.6427179972330705, "albedo_gap": 0.19876877069473264, "delta_T_est_c": 0.90579051033765046, "delta_T_lo_c": 0.58496393836725269, "delta_T_hi_c": 1.2019920102838848, "cooling_c_m2": 3162.0646988305675, "dQ_mean_kW": 208.167243707202, "dQ_peak_kW": 659.19627173947299, "rank_benefit": 197, "rank_hottest": 2933, "rank_intensity": 2710 }, "geometry": { "type": "Polygon", "coordinates": [ [ [ 248595.724767465522746, 2698070.396725413389504 ], [ 248596.288213627587538, 2698022.9541927552782 ], [ 248669.856981879856903, 2698023.80119699286297 ], [ 248669.283339018467814, 2698071.254965205211192 ], [ 248595.724767465522746, 2698070.396725413389504 ] ] ] } },
{ "type": "Feature", "properties": { "rank": 198, "osm_id": 427630725, "area_m2": 4409.6866665783045, "albedo": 0.444278081258138, "lst_c": 54.218393961588539, "lst_anomaly_c": 0.155914306640625, "albedo_gap": 0.15572191874186198, "delta_T_est_c": 0.70962574128193845, "delta_T_lo_c": 0.45827977181205559, "delta_T_hi_c": 0.94167962854315024, "cooling_c_m2": 3129.2271695917093, "dQ_mean_kW": 206.00546063099367, "dQ_peak_kW": 652.35062533148005, "rank_benefit": 198, "rank_hottest": 1547, "rank_intensity": 3354 }, "geometry": { "type": "Polygon", "coordinates": [ [ [ 245572.573273934045574, 2698650.277412767056376 ], [ 245632.241118877631379, 2698652.057845005299896 ], [ 245633.782876578799915, 2698578.441462873946875 ], [ 245573.400661331048468, 2698577.028552627656609 ], [ 245572.573273934045574, 2698650.277412767056376 ] ] ] } },
{ "type": "Feature", "properties": { "rank": 199, "osm_id": 1026140675, "area_m2": 6657.3568066992693, "albedo": 0.49711185031467015, "lst_c": 52.64251708984375, "lst_anomaly_c": -1.4199625651041643, "albedo_gap": 0.10288814968532983, "delta_T_est_c": 0.46886193080249872, "delta_T_lo_c": 0.30279332634039813, "delta_T_hi_c": 0.62218392478057483, "cooling_c_m2": 3121.3811664301766, "dQ_mean_kW": 205.48893709089714, "dQ_peak_kW": 650.7149674545077, "rank_benefit": 199, "rank_hottest": 2838, "rank_intensity": 3579 }, "geometry": { "type": "Polygon", "coordinates": [ [ [ 245021.805606596783036, 2698401.756159028969705 ], [ 245149.815115976380184, 2698404.313473040238023 ], [ 245150.811088624061085, 2698353.935901732649654 ], [ 245022.199145740742097, 2698348.408212517388165 ], [ 245021.805606596783036, 2698401.756159028969705 ] ] ] } },
{ "type": "Feature", "properties": { "rank": 200, "osm_id": 1077428193, "area_m2": 3041.9186175044642, "albedo": 0.37487547397613524, "lst_c": 54.818676757812497, "lst_anomaly_c": 0.75619710286458286, "albedo_gap": 0.22512452602386473, "delta_T_est_c": 1.025893849441017, "delta_T_lo_c": 0.66252726173081244, "delta_T_hi_c": 1.3613702024409751, "cooling_c_m2": 3120.6856001979513, "dQ_mean_kW": 205.44314609065873, "dQ_peak_kW": 650.56996262041935, "rank_benefit": 200, "rank_hottest": 661, "rank_intensity": 2021 }, "geometry": { "type": "Polygon", "coordinates": [ [ [ 248352.683453247562284, 2693091.679038607515395 ], [ 248258.133632467826828, 2692990.921712974086404 ], [ 248242.001461524982005, 2693005.904829324223101 ], [ 248336.540972761489684, 2693106.651152346748859 ], [ 248352.683453247562284, 2693091.679038607515395 ] ] ] } },
{ "type": "Feature", "properties": { "rank": 201, "osm_id": 1036231428, "area_m2": 2796.919297747495, "albedo": 0.35540887287684847, "lst_c": 51.7052001953125, "lst_anomaly_c": -2.3572794596354143, "albedo_gap": 0.24459112712315151, "delta_T_est_c": 1.1146032703557469, "delta_T_lo_c": 0.71981623929938399, "delta_T_hi_c": 1.4790883877823822, "cooling_c_m2": 3117.4553961904571, "dQ_mean_kW": 205.23049305256595, "dQ_peak_kW": 649.89656133312553, "rank_benefit": 201, "rank_hottest": 3231, "rank_intensity": 1468 }, "geometry": { "type": "Polygon", "coordinates": [ [ [ 248860.929507995140739, 2694001.194412646815181 ], [ 248900.914799673861125, 2693964.12119791470468 ], [ 248910.126630399929127, 2693973.942239630501717 ], [ 248907.719409022916807, 2693976.179405269678682 ], [ 248909.7688900999201, 2693978.370435954537243 ], [ 248915.202803860622225, 2693973.330958942882717 ], [ 248920.274467535753502, 2693978.737430730834603 ], [ 248918.316721120325383, 2693980.55654506618157 ], [ 248924.982968122290913, 2693988.838170448783785 ], [ 248915.171206191735109, 2693998.920474600512534 ], [ 248924.528074108442524, 2694008.905173372477293 ], [ 248916.906520769145573, 2694015.96733877575025 ], [ 248924.06903491175035, 2694023.608433994930238 ], [ 248917.057005190610653, 2694030.116712966468185 ], [ 248918.847583528637188, 2694032.024216691497713 ], [ 248912.944116682832828, 2694037.493184726219624 ], [ 248908.244992294814438, 2694032.479042941704392 ], [ 248898.625715431320714, 2694041.394296805839986 ], [ 248860.929507995140739, 2694001.194412646815181 ] ] ] } },
{ "type": "Feature", "properties": { "rank": 202, "osm_id": 1076703168, "area_m2": 4097.1681023415322, "albedo": 0.43338541551069781, "lst_c": 54.221768465909093, "lst_anomaly_c": 0.15928881096117919, "albedo_gap": 0.16661458448930216, "delta_T_est_c": 0.75926368607490657, "delta_T_lo_c": 0.49033619915056575, "delta_T_hi_c": 1.0075496198569467, "cooling_c_m2": 3110.830955852362, "dQ_mean_kW": 204.79438828633712, "dQ_peak_kW": 648.5155629067342, "rank_benefit": 202, "rank_hottest": 1539, "rank_intensity": 3251 }, "geometry": { "type": "Polygon", "coordinates": [ [ [ 246737.381726803578204, 2693931.509199142456055 ], [ 246839.073997419560328, 2693934.315091600641608 ], [ 246840.199036966194399, 2693894.054559031035751 ], [ 246738.516629293182632, 2693891.248450740706176 ], [ 246737.381726803578204, 2693931.509199142456055 ] ] ] } },
{ "type": "Feature", "properties": { "rank": 203, "osm_id": 1077443283, "area_m2": 4475.3062685760342, "albedo": 0.44840662819998606, "lst_c": 56.17636980329241, "lst_anomaly_c": 2.1138901483444954, "albedo_gap": 0.15159337180001392, "delta_T_est_c": 0.69081192748040954, "delta_T_lo_c": 0.446129718911912, "delta_T_hi_c": 0.91671353140002976, "cooling_c_m2": 3091.5949494601696, "dQ_mean_kW": 203.5280301273539, "dQ_peak_kW": 644.50542873662084, "rank_benefit": 203, "rank_hottest": 71, "rank_intensity": 3381 }, "geometry": { "type": "Polygon", "coordinates": [ [ [ 247883.160760589991696, 2693649.483508102595806 ], [ 247913.547830974421231, 2693650.380863810889423 ], [ 247915.295180391549366, 2693592.499788091983646 ], [ 247917.994522623630473, 2693503.238670685794204 ], [ 247887.606940006429795, 2693502.330199034418911 ], [ 247883.160760589991696, 2693649.483508102595806 ] ] ] } },
{ "type": "Feature", "properties": { "rank": 204, "osm_id": 1072959478, "area_m2": 3459.9560394919936, "albedo": 0.40455504826136995, "lst_c": 54.529610770089285, "lst_anomaly_c": 0.4671311151413704, "albedo_gap": 0.19544495173863002, "delta_T_est_c": 0.89064384691564868, "delta_T_lo_c": 0.57518214910435295, "delta_T_hi_c": 1.181892254095317, "cooling_c_m2": 3081.588557172181, "dQ_mean_kW": 202.86928234688824, "dQ_peak_kW": 642.41939409847942, "rank_benefit": 204, "rank_hottest": 996, "rank_intensity": 2776 }, "geometry": { "type": "Polygon", "coordinates": [ [ [ 245388.546217696246458, 2695575.025017291307449 ], [ 245414.9074183323537, 2695575.812021298799664 ], [ 245410.882367499551037, 2695707.024948783218861 ], [ 245384.551658494572621, 2695706.226344522088766 ], [ 245388.546217696246458, 2695575.025017291307449 ] ] ] } },
{ "type": "Feature", "properties": { "rank": 205, "osm_id": 482026686, "area_m2": 4396.9757928177796, "albedo": 0.44646058082580564, "lst_c": 53.156140136718747, "lst_anomaly_c": -0.90633951822916714, "albedo_gap": 0.15353941917419434, "delta_T_est_c": 0.69968007733130977, "delta_T_lo_c": 0.45185681342616102, "delta_T_hi_c": 0.92848164460625981, "cooling_c_m2": 3076.476362742641, "dQ_mean_kW": 202.53273280567035, "dQ_peak_kW": 641.35365388462287, "rank_benefit": 205, "rank_hottest": 2619, "rank_intensity": 3364 }, "geometry": { "type": "Polygon", "coordinates": [ [ [ 249476.07191615368356, 2693147.801123538520187 ], [ 249478.196936964784982, 2693133.666803853120655 ], [ 249473.192055967025226, 2693128.591408358886838 ], [ 249476.608036247052951, 2693107.674008077941835 ], [ 249483.869975319074001, 2693100.330484652426094 ], [ 249489.914704138936941, 2693059.906040074769408 ], [ 249509.350639881828101, 2693062.785719301085919 ], [ 249503.032219528424321, 2693104.95491782668978 ], [ 249555.70947557798354, 2693112.75207506865263 ], [ 249548.846625566773582, 2693158.576957166194916 ], [ 249476.07191615368356, 2693147.801123538520187 ] ] ] } },
{ "type": "Feature", "properties": { "rank": 206, "osm_id": 1076780855, "area_m2": 2734.5266281770291, "albedo": 0.35347986221313477, "lst_c": 54.534106445312503, "lst_anomaly_c": 0.47162679036458854, "albedo_gap": 0.24652013778686521, "delta_T_est_c": 1.1233937838122872, "delta_T_lo_c": 0.72549319585072969, "delta_T_hi_c": 1.490753476807344, "cooling_c_m2": 3071.9502157632478, "dQ_mean_kW": 202.23476434801597, "dQ_peak_kW": 640.4100871020504, "rank_benefit": 206, "rank_hottest": 986, "rank_intensity": 1419 }, "geometry": { "type": "Polygon", "coordinates": [ [ [ 244702.490147404081654, 2696006.553378294222057 ], [ 244703.380035596317612, 2695976.669517827220261 ], [ 244611.977005877066404, 2695973.993174291681498 ], [ 244611.077361253555864, 2696003.888320624362677 ], [ 244702.490147404081654, 2696006.553378294222057 ] ] ] } },
{ "type": "Feature", "properties": { "rank": 207, "osm_id": 1076703037, "area_m2": 2999.2421057916054, "albedo": 0.37536513805389404, "lst_c": 53.534200032552086, "lst_anomaly_c": -0.5282796223958286, "albedo_gap": 0.22463486194610593, "delta_T_est_c": 1.0236624472275964, "delta_T_lo_c": 0.66108621127604728, "delta_T_hi_c": 1.3584091119883253, "cooling_c_m2": 3070.2115138426843, "dQ_mean_kW": 202.12030091323362, "dQ_peak_kW": 640.04761955857305, "rank_benefit": 207, "rank_hottest": 2372, "rank_intensity": 2036 }, "geometry": { "type": "Polygon", "coordinates": [ [ [ 247409.246628455905011, 2697641.418270078022033 ], [ 247410.630352171952836, 2697537.506612326949835 ], [ 247381.773286947514862, 2697537.126795072108507 ], [ 247380.389974059129599, 2697641.049553129822016 ], [ 247409.246628455905011, 2697641.418270078022033 ] ] ] } },
{ "type": "Feature", "properties": { "rank": 208, "osm_id": 659272641, "area_m2": 2513.8642839023314, "albedo": 0.3326331575711568, "lst_c": 52.387364705403648, "lst_anomaly_c": -1.6751149495442661, "albedo_gap": 0.26736684242884318, "delta_T_est_c": 1.2183923450576823, "delta_T_lo_c": 0.78684373098121374, "delta_T_hi_c": 1.6168174069349226, "cooling_c_m2": 3062.8730000205128, "dQ_mean_kW": 201.6371867644834, "dQ_peak_kW": 638.51775808753086, "rank_benefit": 208, "rank_hottest": 2953, "rank_intensity": 912 }, "geometry": { "type": "Polygon", "coordinates": [ [ [ 249430.68184465248487, 2693289.517902807798237 ], [ 249488.384422750736121, 2693290.432051398325711 ], [ 249489.093181149801239, 2693246.877462648320943 ], [ 249431.390425816585775, 2693245.963295710738748 ], [ 249430.68184465248487, 2693289.517902807798237 ] ] ] } },
{ "type": "Feature", "properties": { "rank": 209, "osm_id": 1036231408, "area_m2": 2518.9994509965736, "albedo": 0.33353042602539062, "lst_c": 52.484460449218751, "lst_anomaly_c": -1.5780192057291629, "albedo_gap": 0.26646957397460935, "delta_T_est_c": 1.2143034871941978, "delta_T_lo_c": 0.78420312658985591, "delta_T_hi_c": 1.6113914564231837, "cooling_c_m2": 3058.8298175854093, "dQ_mean_kW": 201.37101316479956, "dQ_peak_kW": 637.6748750218652, "rank_benefit": 209, "rank_hottest": 2905, "rank_intensity": 925 }, "geometry": { "type": "Polygon", "coordinates": [ [ [ 246352.94396686903201, 2694251.744872818700969 ], [ 246440.68069433895289, 2694254.987203081138432 ], [ 246440.292066999914823, 2694283.055022126995027 ], [ 246352.026523126085522, 2694280.886147203855217 ], [ 246352.94396686903201, 2694251.744872818700969 ] ] ] } },
{ "type": "Feature", "properties": { "rank": 210, "osm_id": 1036597564, "area_m2": 4084.8585371899981, "albedo": 0.43581800990634495, "lst_c": 55.014153374565971, "lst_anomaly_c": 0.95167371961805713, "albedo_gap": 0.16418199009365503, "delta_T_est_c": 0.74817833845527615, "delta_T_lo_c": 0.48317722748135289, "delta_T_hi_c": 0.99283926562167402, "cooling_c_m2": 3056.2026731796627, "dQ_mean_kW": 201.1980611660731, "dQ_peak_kW": 637.1271936925649, "rank_benefit": 210, "rank_hottest": 474, "rank_intensity": 3276 }, "geometry": { "type": "Polygon", "coordinates": [ [ [ 245167.770913366752211, 2696602.551209012512118 ], [ 245166.237288515694672, 2696664.785690129268914 ], [ 245231.829138071130728, 2696666.380539300385863 ], [ 245233.373199430323439, 2696604.14590717619285 ], [ 245167.770913366752211, 2696602.551209012512118 ] ] ] } },
{ "type": "Feature", "properties": { "rank": 211, "osm_id": 1036231412, "area_m2": 2363.3394622248447, "albedo": 0.31639523506164552, "lst_c": 53.733264160156253, "lst_anomaly_c": -0.32921549479166146, "albedo_gap": 0.28360476493835446, "delta_T_est_c": 1.2923886577848063, "delta_T_lo_c": 0.83463091137613532, "delta_T_hi_c": 1.7150111677144606, "cooling_c_m2": 3054.3531154746329, "dQ_mean_kW": 201.07629979614421, "dQ_peak_kW": 636.74161602112338, "rank_benefit": 211, "rank_hottest": 2209, "rank_intensity": 626 }, "geometry": { "type": "Polygon", "coordinates": [ [ [ 246458.98954720646725, 2694176.604002254549414 ], [ 246545.452423988928786, 2694178.440304005984217 ], [ 246546.395606290432625, 2694151.271305164322257 ], [ 246459.573904882621719, 2694149.253032092470676 ], [ 246458.98954720646725, 2694176.604002254549414 ] ] ] } },
{ "type": "Feature", "properties": { "rank": 212, "osm_id": 1077428169, "area_m2": 2733.7010344292794, "albedo": 0.35567529996236164, "lst_c": 54.426239013671875, "lst_anomaly_c": 0.3637593587239607, "albedo_gap": 0.24432470003763834, "delta_T_est_c": 1.1133891604887327, "delta_T_lo_c": 0.71903216121365265, "delta_T_hi_c": 1.4774772532616487, "cooling_c_m2": 3043.6730997503955, "dQ_mean_kW": 200.37320556885462, "dQ_peak_kW": 634.51515096803962, "rank_benefit": 212, "rank_hottest": 1170, "rank_intensity": 1479 }, "geometry": { "type": "Polygon", "coordinates": [ [ [ 247075.893774194206344, 2693315.500100323464721 ], [ 247076.805270322627621, 2693279.13345168530941 ], [ 247001.669653582357569, 2693277.289575826376677 ], [ 247000.758150898909662, 2693313.645167392678559 ], [ 247075.893774194206344, 2693315.500100323464721 ] ] ] } },
{ "type": "Feature", "properties": { "rank": 213, "osm_id": 116691880, "area_m2": 2836.6008745866416, "albedo": 0.36526207129160565, "lst_c": 53.806447347005211, "lst_anomaly_c": -0.2560323079427036, "albedo_gap": 0.23473792870839433, "delta_T_est_c": 1.0697021845897747, "delta_T_lo_c": 0.69081889867054713, "delta_T_hi_c": 1.4195042502496855, "cooling_c_m2": 3034.3181523545959, "dQ_mean_kW": 199.7573441618664, "dQ_peak_kW": 632.56492317924369, "rank_benefit": 213, "rank_hottest": 2147, "rank_intensity": 1732 }, "geometry": { "type": "Polygon", "coordinates": [ [ [ 249455.805720276432112, 2694432.313288453966379 ], [ 249456.21789586552768, 2694385.816015403252095 ], [ 249395.216691166220699, 2694385.293583262711763 ], [ 249394.804716072336305, 2694431.790875561069697 ], [ 249455.805720276432112, 2694432.313288453966379 ] ] ] } },
{ "type": "Feature", "properties": { "rank": 214, "osm_id": 1076860492, "area_m2": 4928.359673621555, "albedo": 0.46527563441883435, "lst_c": 54.359375, "lst_anomaly_c": 0.2968953450520857, "albedo_gap": 0.13472436558116563, "delta_T_est_c": 0.61393976240913606, "delta_T_lo_c": 0.39648529901823565, "delta_T_hi_c": 0.81470348915035895, "cooling_c_m2": 3025.7159670899846, "dQ_mean_kW": 199.19103911533935, "dQ_peak_kW": 630.77162386524128, "rank_benefit": 214, "rank_hottest": 1284, "rank_intensity": 3498 }, "geometry": { "type": "Polygon", "coordinates": [ [ [ 245294.475931761786342, 2698254.550072774291039 ], [ 245383.755712452577427, 2698257.422826847061515 ], [ 245385.549454977328423, 2698202.276492964942008 ], [ 245296.279475772753358, 2698199.403513207100332 ], [ 245294.475931761786342, 2698254.550072774291039 ] ] ] } },
{ "type": "Feature", "properties": { "rank": 215, "osm_id": 1026166951, "area_m2": 3198.3957585099924, "albedo": 0.3924747109413147, "lst_c": 54.271160125732422, "lst_anomaly_c": 0.20868047078450758, "albedo_gap": 0.20752528905868528, "delta_T_est_c": 0.94569401836833045, "delta_T_lo_c": 0.61073381887041078, "delta_T_hi_c": 1.2549443180060058, "cooling_c_m2": 3024.7037371975389, "dQ_mean_kW": 199.12440129265775, "dQ_peak_kW": 630.56060409341615, "rank_benefit": 215, "rank_hottest": 1447, "rank_intensity": 2502 }, "geometry": { "type": "Polygon", "coordinates": [ [ [ 248290.567536062269937, 2698072.072449771687388 ], [ 248318.000475342356367, 2698071.792369312141091 ], [ 248320.684287491749274, 2697956.221700778696686 ], [ 248293.01979096949799, 2697955.486315179150552 ], [ 248290.567536062269937, 2698072.072449771687388 ] ] ] } },
{ "type": "Feature", "properties": { "rank": 216, "osm_id": 1164305168, "area_m2": 3079.7675564585411, "albedo": 0.38469294706980389, "lst_c": 54.394658406575523, "lst_anomaly_c": 0.3321787516276089, "albedo_gap": 0.21530705293019609, "delta_T_est_c": 0.98115556418292982, "delta_T_lo_c": 0.63363505846560841, "delta_T_hi_c": 1.3020021026206572, "cooling_c_m2": 3021.7310744093629, "dQ_mean_kW": 198.92870288733593, "dQ_peak_kW": 629.94089247656382, "rank_benefit": 216, "rank_hottest": 1227, "rank_intensity": 2269 }, "geometry": { "type": "Polygon", "coordinates": [ [ [ 249537.19810251990566, 2696835.889872367028147 ], [ 249553.447513266000897, 2696836.265763721894473 ], [ 249557.905213341582566, 2696646.835087281651795 ], [ 249552.827155723731266, 2696646.714842034503818 ], [ 249546.845278765104013, 2696646.577427553478628 ], [ 249541.655585626722313, 2696646.459171904716641 ], [ 249540.729982587770792, 2696685.740061330609024 ], [ 249540.593222723342478, 2696691.749075748492032 ], [ 249539.087511667050421, 2696755.487742028664798 ], [ 249538.962382967176381, 2696761.008931024000049 ], [ 249537.19810251990566, 2696835.889872367028147 ] ] ] } },
{ "type": "Feature", "properties": { "rank": 217, "osm_id": 427630722, "area_m2": 5446.0667937211711, "albedo": 0.47840746243794757, "lst_c": 55.223958333333336, "lst_anomaly_c": 1.1614786783854214, "albedo_gap": 0.12159253756205241, "delta_T_est_c": 0.55409794137495261, "delta_T_lo_c": 0.35783915853463161, "delta_T_hi_c": 0.73529286390864212, "cooling_c_m2": 3017.6543989913894, "dQ_mean_kW": 198.66032435429634, "dQ_peak_kW": 629.0910271219384, "rank_benefit": 217, "rank_hottest": 322, "rank_intensity": 3545 }, "geometry": { "type": "Polygon", "coordinates": [ [ [ 246223.463734967808705, 2698601.074102963320911 ], [ 246297.195739791350206, 2698602.603692160919309 ], [ 246298.615722632035613, 2698535.550822176039219 ], [ 246294.340640830952907, 2698535.461669190321118 ], [ 246294.495119942177553, 2698528.266308582853526 ], [ 246225.037812715745531, 2698526.825830323155969 ], [ 246223.463734967808705, 2698601.074102963320911 ] ] ] } },
{ "type": "Feature", "properties": { "rank": 218, "osm_id": 1076780854, "area_m2": 2653.0580117837003, "albedo": 0.35077986121177673, "lst_c": 54.601108551025391, "lst_anomaly_c": 0.53862889607747633, "albedo_gap": 0.24922013878822324, "delta_T_est_c": 1.135697704978496, "delta_T_lo_c": 0.73343912827175151, "delta_T_hi_c": 1.5070808889055707, "cooling_c_m2": 3013.07189515756, "dQ_mean_kW": 198.35864577298244, "dQ_peak_kW": 628.13571161444429, "rank_benefit": 218, "rank_hottest": 896, "rank_intensity": 1351 }, "geometry": { "type": "Polygon", "coordinates": [ [ [ 244696.841109722299734, 2695897.65794634167105 ], [ 244697.670490457996493, 2695870.036045479122549 ], [ 244648.240661879855907, 2695868.593587512150407 ], [ 244648.468066540313885, 2695860.975685404613614 ], [ 244623.407743736781413, 2695860.244157246313989 ], [ 244621.882565198437078, 2695911.639897271059453 ], [ 244646.790555402491009, 2695912.37417459115386 ], [ 244647.27923307500896, 2695896.206812712363899 ], [ 244696.841109722299734, 2695897.65794634167105 ] ] ] } },
{ "type": "Feature", "properties": { "rank": 219, "osm_id": 503329539, "area_m2": 2800.5144407766002, "albedo": 0.36645259857177737, "lst_c": 50.907962036132815, "lst_anomaly_c": -3.154517618815099, "albedo_gap": 0.23354740142822261, "delta_T_est_c": 1.064276944453165, "delta_T_lo_c": 0.68731525207602018, "delta_T_hi_c": 1.4123049086539723, "cooling_c_m2": 2980.5229519266841, "dQ_mean_kW": 196.21586109167612, "dQ_peak_kW": 621.35022679030772, "rank_benefit": 219, "rank_hottest": 3461, "rank_intensity": 1766 }, "geometry": { "type": "Polygon", "coordinates": [ [ [ 245253.839606377092423, 2694676.09127740887925 ], [ 245280.739279498695396, 2694676.801980974152684 ], [ 245283.570415590365883, 2694572.77407017396763 ], [ 245256.670345373189775, 2694572.052264804486185 ], [ 245253.839606377092423, 2694676.09127740887925 ] ] ] } },
{ "type": "Feature", "properties": { "rank": 220, "osm_id": 1076847358, "area_m2": 2135.0070999535747, "albedo": 0.29472385134015766, "lst_c": 53.633954729352681, "lst_anomaly_c": -0.4285249255952337, "albedo_gap": 0.30527614865984232, "delta_T_est_c": 1.391145286666698, "delta_T_lo_c": 0.89840842495274587, "delta_T_hi_c": 1.8460620867998849, "cooling_c_m2": 2970.1050641003512, "dQ_mean_kW": 195.53002345057391, "dQ_peak_kW": 619.17840759348394, "rank_benefit": 220, "rank_hottest": 2300, "rank_intensity": 366 }, "geometry": { "type": "Polygon", "coordinates": [ [ [ 247361.530205668852432, 2697669.404483813326806 ], [ 247365.303757723537274, 2697531.249456338118762 ], [ 247349.866274054220412, 2697530.839422900695354 ], [ 247346.082724189443979, 2697668.994649857282639 ], [ 247361.530205668852432, 2697669.404483813326806 ] ] ] } },
{ "type": "Feature", "properties": { "rank": 221, "osm_id": 1164305174, "area_m2": 3152.2928610339472, "albedo": 0.39326074719429016, "lst_c": 54.419502258300781, "lst_anomaly_c": 0.35702260335286695, "albedo_gap": 0.20673925280570982, "delta_T_est_c": 0.94211204632997647, "delta_T_lo_c": 0.60842056382218135, "delta_T_hi_c": 1.2501910094627788, "cooling_c_m2": 2969.8130779400681, "dQ_mean_kW": 195.51080121447947, "dQ_peak_kW": 619.11753717918498, "rank_benefit": 221, "rank_hottest": 1184, "rank_intensity": 2524 }, "geometry": { "type": "Polygon", "coordinates": [ [ [ 249443.016101180313854, 2696833.919483264442533 ], [ 249459.102954989735736, 2696834.287077025510371 ], [ 249460.874014700646512, 2696759.239728112239391 ], [ 249461.00009864527965, 2696753.773929550312459 ], [ 249462.533335741463816, 2696688.749186126980931 ], [ 249462.646420582343126, 2696683.693663155660033 ], [ 249463.709720301820198, 2696638.470204666256905 ], [ 249458.377939323254395, 2696638.354507304728031 ], [ 249452.639818190276856, 2696638.223877459298819 ], [ 249447.622644445276819, 2696638.102586314547807 ], [ 249443.016101180313854, 2696833.919483264442533 ] ] ] } },
{ "type": "Feature", "properties": { "rank": 222, "osm_id": 633556117, "area_m2": 2946.7895864820666, "albedo": 0.37898121561322895, "lst_c": 51.7857666015625, "lst_anomaly_c": -2.2767130533854143, "albedo_gap": 0.22101878438677103, "delta_T_est_c": 1.0071839595534897, "delta_T_lo_c": 0.65044432340222924, "delta_T_hi_c": 1.3365420132499488, "cooling_c_m2": 2967.9592036839986, "dQ_mean_kW": 195.38875567435863, "dQ_peak_kW": 618.73105963546891, "rank_benefit": 222, "rank_hottest": 3192, "rank_intensity": 2131 }, "geometry": { "type": "Polygon", "coordinates": [ [ [ 245444.803784479358001, 2694427.8822903605178 ], [ 245470.624781131074997, 2694429.000775617547333 ], [ 245470.343354245531373, 2694435.345081551000476 ], [ 245479.936010795237962, 2694435.759227481670678 ], [ 245480.217441938701086, 2694429.414922116789967 ], [ 245514.564081562362844, 2694430.900412200484425 ], [ 245514.340834472124698, 2694435.96917083626613 ], [ 245522.937539271893911, 2694436.334833175875247 ], [ 245523.16733931939234, 2694431.066470706835389 ], [ 245548.551438110589515, 2694432.170820177067071 ], [ 245549.734293081623036, 2694405.451597827486694 ], [ 245525.203788890124997, 2694404.387242441531271 ], [ 245525.456242234969977, 2694398.686251780949533 ], [ 245515.202982371527469, 2694398.239669696893543 ], [ 245514.913583104091231, 2694404.706024333368987 ], [ 245481.217112585378345, 2694403.242033641785383 ], [ 245481.463399059459334, 2694397.762802823446691 ], [ 245471.453945975139504, 2694397.322932189330459 ], [ 245471.196165423723869, 2694403.290003727655858 ], [ 245445.934000243607443, 2694402.194667419418693 ], [ 245444.803784479358001, 2694427.8822903605178 ] ] ] } },
{ "type": "Feature", "properties": { "rank": 223, "osm_id": 117601176, "area_m2": 2938.5082397187703, "albedo": 0.3791271448135376, "lst_c": 54.445910644531253, "lst_anomaly_c": 0.38343098958333854, "albedo_gap": 0.22087285518646238, "delta_T_est_c": 1.0065189592903259, "delta_T_lo_c": 0.65001486298228017, "delta_T_hi_c": 1.3356595520251546, "cooling_c_m2": 2957.6642553077841, "dQ_mean_kW": 194.71101146868915, "dQ_peak_kW": 616.58486965084887, "rank_benefit": 223, "rank_hottest": 1132, "rank_intensity": 2135 }, "geometry": { "type": "Polygon", "coordinates": [ [ [ 248233.356463464326225, 2697649.859788939822465 ], [ 248324.468170120322611, 2697651.809960710350424 ], [ 248325.181101452471921, 2697619.580767858307809 ], [ 248234.058841483143624, 2697617.619676049798727 ], [ 248233.356463464326225, 2697649.859788939822465 ] ] ] } },
{ "type": "Feature", "properties": { "rank": 224, "osm_id": 455122052, "area_m2": 2565.7184995178886, "albedo": 0.34743738174438477, "lst_c": 54.316329956054688, "lst_anomaly_c": 0.2538503011067732, "albedo_gap": 0.25256261825561521, "delta_T_est_c": 1.1509294044651917, "delta_T_lo_c": 0.74327583424082, "delta_T_hi_c": 1.5272934887033194, "cooling_c_m2": 2952.9608646754486, "dQ_mean_kW": 194.40137458353192, "dQ_peak_kW": 615.60435284785103, "rank_benefit": 224, "rank_hottest": 1360, "rank_intensity": 1266 }, "geometry": { "type": "Polygon", "coordinates": [ [ [ 248909.664164406567579, 2694349.838887600693852 ], [ 248932.822491543920478, 2694350.301851892378181 ], [ 248935.021369538648287, 2694242.886577502358705 ], [ 248930.684188951097894, 2694242.797597598284483 ], [ 248930.742365034326212, 2694239.793266525026411 ], [ 248926.070022722939029, 2694239.699175632558763 ], [ 248926.1329340863158, 2694236.960734561085701 ], [ 248924.131923077628016, 2694236.918801813386381 ], [ 248919.266524509206647, 2694236.817069638520479 ], [ 248919.210015301505337, 2694239.344833713956177 ], [ 248911.927242566336645, 2694239.197506883647293 ], [ 248909.664164406567579, 2694349.838887600693852 ] ] ] } },
{ "type": "Feature", "properties": { "rank": 225, "osm_id": 1077443394, "area_m2": 2478.259899055653, "albedo": 0.33893821239471433, "lst_c": 55.244702148437497, "lst_anomaly_c": 1.1822224934895829, "albedo_gap": 0.26106178760528564, "delta_T_est_c": 1.1896601714552806, "delta_T_lo_c": 0.76828835284852903, "delta_T_hi_c": 1.5786895587028822, "cooling_c_m2": 2948.2870964212943, "dQ_mean_kW": 194.09368781938906, "dQ_peak_kW": 614.63001142806536, "rank_benefit": 225, "rank_hottest": 311, "rank_intensity": 1053 }, "geometry": { "type": "Polygon", "coordinates": [ [ [ 246024.565544927492738, 2693894.849816862959415 ], [ 246024.820287564623868, 2693886.444689020048827 ], [ 246023.580887080053799, 2693886.411604928784072 ], [ 246024.46732993045589, 2693857.27081365371123 ], [ 246025.696582091972232, 2693857.304080918431282 ], [ 246025.958885097876191, 2693848.75474490551278 ], [ 246023.237055492238142, 2693848.726201673503965 ], [ 246023.30842838875833, 2693843.106086287181824 ], [ 246019.184978951176163, 2693843.058464296162128 ], [ 246019.203598935215268, 2693841.27384563954547 ], [ 245989.057240715657827, 2693840.786307157482952 ], [ 245989.028274037846131, 2693842.560030173975974 ], [ 245985.046935500664404, 2693842.509857603348792 ], [ 245984.975577778386651, 2693848.129974523559213 ], [ 245982.345104963780614, 2693848.099793074186891 ], [ 245982.103898538131034, 2693856.127874708734453 ], [ 245982.662794971372932, 2693856.151051898952574 ], [ 245981.811022312060231, 2693884.393547049257904 ], [ 245981.25232661087648, 2693884.38144890172407 ], [ 245980.951706736377673, 2693894.183802953455597 ], [ 245983.86659407967818, 2693894.219941036775708 ], [ 245983.809722156642238, 2693898.953196757473052 ], [ 245987.334057711675996, 2693899.000519156921655 ], [ 245987.303724837111076, 2693901.261897314805537 ], [ 246017.734377508459147, 2693901.7553790085949 ], [ 246017.754564407077851, 2693899.494184223935008 ], [ 246022.203223222284578, 2693899.558110165409744 ], [ 246022.260107969836099, 2693894.824855730403215 ], [ 246024.565544927492738, 2693894.849816862959415 ] ] ] } },
{ "type": "Feature", "properties": { "rank": 226, "osm_id": 842543053, "area_m2": 2798.1727450846956, "albedo": 0.36890727281570435, "lst_c": 54.061214447021484, "lst_anomaly_c": -0.0012652079264299232, "albedo_gap": 0.23109272718429563, "delta_T_est_c": 1.0530909788291485, "delta_T_lo_c": 0.6800913008078332, "delta_T_hi_c": 1.3974610334378739, "cooling_c_m2": 2946.7304750542876, "dQ_mean_kW": 193.99121123831679, "dQ_peak_kW": 614.3055022546697, "rank_benefit": 226, "rank_hottest": 1804, "rank_intensity": 1844 }, "geometry": { "type": "Polygon", "coordinates": [ [ [ 245274.283629728859523, 2698297.62803694140166 ], [ 245274.742633038724307, 2698262.421289515215904 ], [ 245355.10004773476976, 2698264.757165617775172 ], [ 245353.286388795648236, 2698299.722420594654977 ], [ 245274.283629728859523, 2698297.62803694140166 ] ] ] } },
{ "type": "Feature", "properties": { "rank": 227, "osm_id": 482265896, "area_m2": 2573.7968708086369, "albedo": 0.34880542755126953, "lst_c": 50.491409301757812, "lst_anomaly_c": -3.5710703531901018, "albedo_gap": 0.25119457244873045, "delta_T_est_c": 1.1446952113107423, "delta_T_lo_c": 0.73924976183384639, "delta_T_hi_c": 1.5190206593054694, "cooling_c_m2": 2946.21295290122, "dQ_mean_kW": 193.95714135979676, "dQ_peak_kW": 614.19761430602296, "rank_benefit": 227, "rank_hottest": 3523, "rank_intensity": 1300 }, "geometry": { "type": "Polygon", "coordinates": [ [ [ 248265.809893843688769, 2696639.298967235255986 ], [ 248266.399986518517835, 2696617.223442080896348 ], [ 248382.876652222505072, 2696620.239543249830604 ], [ 248382.296725147403777, 2696642.325945150572807 ], [ 248265.809893843688769, 2696639.298967235255986 ] ] ] } },
{ "type": "Feature", "properties": { "rank": 228, "osm_id": 1160099406, "area_m2": 3308.3229163224732, "albedo": 0.40459740161895752, "lst_c": 54.121219635009766, "lst_anomaly_c": 0.058739980061851327, "albedo_gap": 0.19540259838104246, "delta_T_est_c": 0.8904508424046802, "delta_T_lo_c": 0.57505750584791526, "delta_T_hi_c": 1.1816361354039802, "cooling_c_m2": 2945.8989277860546, "dQ_mean_kW": 193.93646823988783, "dQ_peak_kW": 614.13214942631134, "rank_benefit": 228, "rank_hottest": 1709, "rank_intensity": 2778 }, "geometry": { "type": "Polygon", "coordinates": [ [ [ 249975.917987322492991, 2696968.781328486744314 ], [ 250056.46459315950051, 2696970.154980500694364 ], [ 250057.177177498175297, 2696929.093803366180509 ], [ 249976.63033812737558, 2696927.720127001404762 ], [ 249975.917987322492991, 2696968.781328486744314 ] ] ] } },
{ "type": "Feature", "properties": { "rank": 229, "osm_id": 1036597617, "area_m2": 4314.8377422446802, "albedo": 0.45150423049926758, "lst_c": 54.000737508138023, "lst_anomaly_c": -0.061742146809891096, "albedo_gap": 0.1484957695007324, "delta_T_est_c": 0.67669613475460766, "delta_T_lo_c": 0.43701367098270277, "delta_T_hi_c": 0.89798174973352451, "cooling_c_m2": 2919.8340222702732, "dQ_mean_kW": 192.22054524162797, "dQ_peak_kW": 608.69839326515523, "rank_benefit": 229, "rank_hottest": 1891, "rank_intensity": 3407 }, "geometry": { "type": "Polygon", "coordinates": [ [ [ 246289.477826504647965, 2698298.98126248177141 ], [ 246229.926689742453163, 2698297.539356711320579 ], [ 246228.12643767890404, 2698369.951975957024843 ], [ 246287.677270424901508, 2698371.393847319763154 ], [ 246289.477826504647965, 2698298.98126248177141 ] ] ] } },
{ "type": "Feature", "properties": { "rank": 230, "osm_id": 1076847276, "area_m2": 3768.4770355749492, "albedo": 0.43048175175984699, "lst_c": 55.916351318359375, "lst_anomaly_c": 1.8538716634114607, "albedo_gap": 0.16951824824015299, "delta_T_est_c": 0.77249569964293041, "delta_T_lo_c": 0.49888149818046479, "delta_T_hi_c": 1.0251086187724947, "cooling_c_m2": 2911.1323041847868, "dQ_mean_kW": 191.64768768117304, "dQ_peak_kW": 606.88434432371457, "rank_benefit": 230, "rank_hottest": 114, "rank_intensity": 3223 }, "geometry": { "type": "Polygon", "coordinates": [ [ [ 247701.754857439169427, 2693115.910248760599643 ], [ 247650.70913752328488, 2693114.839850855525583 ], [ 247649.125447930709925, 2693188.63237003237009 ], [ 247700.170902602112619, 2693189.702738916967064 ], [ 247701.754857439169427, 2693115.910248760599643 ] ] ] } },
{ "type": "Feature", "properties": { "rank": 231, "osm_id": 1076669421, "area_m2": 2783.9017175287422, "albedo": 0.37070843151637484, "lst_c": 54.311270577566965, "lst_anomaly_c": 0.248790922619051, "albedo_gap": 0.22929156848362514, "delta_T_est_c": 1.0448830875543917, "delta_T_lo_c": 0.67479060450888195, "delta_T_hi_c": 1.3865690891958673, "cooling_c_m2": 2908.8518220594065, "dQ_mean_kW": 191.49755739492699, "dQ_peak_kW": 606.40893175060205, "rank_benefit": 231, "rank_hottest": 1372, "rank_intensity": 1891 }, "geometry": { "type": "Polygon", "coordinates": [ [ [ 248211.855722292937571, 2698065.17982333060354 ], [ 248237.669975103402976, 2698065.770810288377106 ], [ 248240.157785963994684, 2697958.005560113117099 ], [ 248214.333189189172117, 2697957.414732990320772 ], [ 248211.855722292937571, 2698065.17982333060354 ] ] ] } },
{ "type": "Feature", "properties": { "rank": 232, "osm_id": 1150608364, "area_m2": 2121.6132647287855, "albedo": 0.2995978423527309, "lst_c": 53.713814871651785, "lst_anomaly_c": -0.3486647832961296, "albedo_gap": 0.30040215764726907, "delta_T_est_c": 1.3689344796509417, "delta_T_lo_c": 0.88406457723302456, "delta_T_hi_c": 1.8165881496475245, "cooling_c_m2": 2904.3495505720357, "dQ_mean_kW": 191.20116072527816, "dQ_peak_kW": 605.47034229671408, "rank_benefit": 232, "rank_hottest": 2226, "rank_intensity": 425 }, "geometry": { "type": "Polygon", "coordinates": [ [ [ 250083.533554205321707, 2693298.434061008039862 ], [ 250103.676352015667362, 2693298.83066148404032 ], [ 250103.725243783323094, 2693295.859776562079787 ], [ 250093.709870180580765, 2693295.671561734285206 ], [ 250094.789074200933101, 2693240.828996054362506 ], [ 250170.880417745414888, 2693242.295557148754597 ], [ 250169.715054900356336, 2693301.461652429774404 ], [ 250179.89303000565269, 2693301.658121943939477 ], [ 250181.237525396369165, 2693233.113358491566032 ], [ 250084.85098046483472, 2693231.25282510695979 ], [ 250083.533554205321707, 2693298.434061008039862 ] ] ] } },
{ "type": "Feature", "properties": { "rank": 233, "osm_id": 1076703089, "area_m2": 4317.6289675246862, "albedo": 0.45240628719329834, "lst_c": 51.243915557861328, "lst_anomaly_c": -2.8185640970865862, "albedo_gap": 0.14759371280670164, "delta_T_est_c": 0.67258545685292426, "delta_T_lo_c": 0.43435897510403693, "delta_T_hi_c": 0.89252684383830583, "cooling_c_m2": 2903.974451644011, "dQ_mean_kW": 191.17646695162028, "dQ_peak_kW": 605.39214534679752, "rank_benefit": 233, "rank_hottest": 3381, "rank_intensity": 3414 }, "geometry": { "type": "Polygon", "coordinates": [ [ [ 245517.024990062753204, 2693414.098740111570805 ], [ 245516.411884778324747, 2693442.580851427745074 ], [ 245667.933925816934789, 2693445.776128740981221 ], [ 245668.547334998263977, 2693417.294050914235413 ], [ 245517.024990062753204, 2693414.098740111570805 ] ] ] } },
{ "type": "Feature", "properties": { "rank": 234, "osm_id": 1076669358, "area_m2": 2525.8918526032298, "albedo": 0.34880650043487549, "lst_c": 53.6136474609375, "lst_anomaly_c": -0.4488321940104143, "albedo_gap": 0.25119349956512449, "delta_T_est_c": 1.1446903221735525, "delta_T_lo_c": 0.73924660440515499, "delta_T_hi_c": 1.5190141713772209, "cooling_c_m2": 2891.3639585319424, "dQ_mean_kW": 190.34628419353228, "dQ_peak_kW": 602.76323327951877, "rank_benefit": 234, "rank_hottest": 2315, "rank_intensity": 1301 }, "geometry": { "type": "Polygon", "coordinates": [ [ [ 246671.768576202885015, 2698512.491768961306661 ], [ 246794.847112216753885, 2698515.352131759747863 ], [ 246795.330659729545005, 2698494.840789870824665 ], [ 246672.251945663971128, 2698491.980407187249511 ], [ 246671.768576202885015, 2698512.491768961306661 ] ] ] } },
{ "type": "Feature", "properties": { "rank": 235, "osm_id": 1036262211, "area_m2": 2822.7951813323084, "albedo": 0.37606453895568848, "lst_c": 52.664440917968747, "lst_anomaly_c": -1.3980387369791671, "albedo_gap": 0.2239354610443115, "delta_T_est_c": 1.0204752730173179, "delta_T_lo_c": 0.65902791859465015, "delta_T_hi_c": 1.3541797036511707, "cooling_c_m2": 2880.5926833420567, "dQ_mean_kW": 189.63718210959345, "dQ_peak_kW": 600.51774334704578, "rank_benefit": 235, "rank_hottest": 2830, "rank_intensity": 2057 }, "geometry": { "type": "Polygon", "coordinates": [ [ [ 244953.287997375649866, 2697939.199801320675761 ], [ 244896.424828758579679, 2697937.770048106089234 ], [ 244841.491149408742785, 2697936.383119500707835 ], [ 244840.842186458816286, 2697961.619026842527092 ], [ 244895.653791618009564, 2697962.997072593774647 ], [ 244952.638835618214216, 2697964.435685891192406 ], [ 244953.287997375649866, 2697939.199801320675761 ] ] ] } },
{ "type": "Feature", "properties": { "rank": 236, "osm_id": 1076703123, "area_m2": 3962.7169864832958, "albedo": 0.44048804044723511, "lst_c": 55.915702819824219, "lst_anomaly_c": 1.8532231648763045, "albedo_gap": 0.15951195955276487, "delta_T_est_c": 0.72689698056318652, "delta_T_lo_c": 0.4694336225481115, "delta_T_hi_c": 0.96459871566851951, "cooling_c_m2": 2880.4870123011574, "dQ_mean_kW": 189.63022550009333, "dQ_peak_kW": 600.49571408362885, "rank_benefit": 236, "rank_hottest": 115, "rank_intensity": 3320 }, "geometry": { "type": "Polygon", "coordinates": [ [ [ 246795.279464721796103, 2693523.267145426012576 ], [ 246750.558308349893196, 2693522.053321207407862 ], [ 246748.601256214518799, 2693593.437217816244811 ], [ 246813.782618092489429, 2693595.192345506511629 ], [ 246814.804606687306659, 2693557.671035874634981 ], [ 246794.354074826958822, 2693557.118439019657671 ], [ 246795.279464721796103, 2693523.267145426012576 ] ] ] } },
{ "type": "Feature", "properties": { "rank": 237, "osm_id": 1076669424, "area_m2": 2924.9630334195376, "albedo": 0.38495597243309021, "lst_c": 53.691661834716797, "lst_anomaly_c": -0.37081782023111742, "albedo_gap": 0.21504402756690977, "delta_T_est_c": 0.97995695598502164, "delta_T_lo_c": 0.63286099143354557, "delta_T_hi_c": 1.3004115389517914, "cooling_c_m2": 2866.3378705985251, "dQ_mean_kW": 188.69874935725892, "dQ_peak_kW": 597.5460396313199, "rank_benefit": 237, "rank_hottest": 2253, "rank_intensity": 2281 }, "geometry": { "type": "Polygon", "coordinates": [ [ [ 248576.487601802771678, 2697977.715127921197563 ], [ 248498.770244098326657, 2697975.357945013325661 ], [ 248497.615034123184159, 2698012.95887050172314 ], [ 248575.332186171261128, 2698015.316029068082571 ], [ 248576.487601802771678, 2697977.715127921197563 ] ] ] } },
{ "type": "Feature", "properties": { "rank": 238, "osm_id": 1072959511, "area_m2": 2329.1676974290667, "albedo": 0.33181197302682058, "lst_c": 54.334629603794646, "lst_anomaly_c": 0.2721499488467316, "albedo_gap": 0.26818802697317939, "delta_T_est_c": 1.2221344880759035, "delta_T_lo_c": 0.78926042523103113, "delta_T_hi_c": 1.6217832637836158, "cooling_c_m2": 2846.5561715404033, "dQ_mean_kW": 187.39646677894939, "dQ_peak_kW": 593.42214480000644, "rank_benefit": 238, "rank_hottest": 1328, "rank_intensity": 893 }, "geometry": { "type": "Polygon", "coordinates": [ [ [ 244485.742978140682681, 2695603.195833324920386 ], [ 244500.985515820444562, 2695603.351602670736611 ], [ 244500.26088933571009, 2695670.880296559538692 ], [ 244498.764256374153774, 2695674.010585529729724 ], [ 244497.129551948630251, 2695676.245683633256704 ], [ 244495.388729860918829, 2695678.227805537171662 ], [ 244493.862559775996488, 2695679.729480106849223 ], [ 244491.926787163451081, 2695681.039096263237298 ], [ 244489.996542698470876, 2695682.09371129097417 ], [ 244484.904330604185816, 2695684.02579559572041 ], [ 244407.382138407789171, 2695683.237757296767086 ], [ 244407.535647811339004, 2695668.195794011931866 ], [ 244485.03782408114057, 2695668.99528768286109 ], [ 244485.742978140682681, 2695603.195833324920386 ] ] ] } },
{ "type": "Feature", "properties": { "rank": 239, "osm_id": 666704495, "area_m2": 2702.6652856421406, "albedo": 0.36888548731803894, "lst_c": 52.267051696777344, "lst_anomaly_c": -1.7954279581705705, "albedo_gap": 0.23111451268196104, "delta_T_est_c": 1.0531902554759744, "delta_T_lo_c": 0.68015541415153957, "delta_T_hi_c": 1.3975927744253658, "cooling_c_m2": 2846.4207426514936, "dQ_mean_kW": 187.38755113009094, "dQ_peak_kW": 593.39391191195455, "rank_benefit": 239, "rank_hottest": 2995, "rank_intensity": 1842 }, "geometry": { "type": "Polygon", "coordinates": [ [ [ 248824.528010125271976, 2696681.209091740660369 ], [ 248828.907413369917776, 2696681.430195284541696 ], [ 248829.432688979548402, 2696683.559711995068938 ], [ 248834.620425882865675, 2696683.56691687554121 ], [ 248837.439294265728677, 2696685.655522545333952 ], [ 248840.347283089009579, 2696684.772479448933154 ], [ 248842.927876046247547, 2696684.316404483746737 ], [ 248845.529486131941667, 2696684.469482272397727 ], [ 248848.314744902920211, 2696686.381372423376888 ], [ 248850.283809490851127, 2696682.94398220255971 ], [ 248853.17175528415828, 2696683.213859716430306 ], [ 248853.686585331481183, 2696681.342849029693753 ], [ 248857.148657011217438, 2696681.358676518313587 ], [ 248858.963862781180069, 2696602.697313136421144 ], [ 248855.160470193775836, 2696602.898134577553719 ], [ 248855.223948027734878, 2696601.334396792575717 ], [ 248850.04968953266507, 2696601.515340043697506 ], [ 248848.245409788971301, 2696599.962750130333006 ], [ 248846.352525923080975, 2696601.980244630947709 ], [ 248843.325572142755846, 2696602.455360934603959 ], [ 248840.151272229646565, 2696602.068685770500451 ], [ 248837.499708580377046, 2696600.254151732195169 ], [ 248835.368141230894253, 2696601.411484866403043 ], [ 248829.932457740971586, 2696601.164888297673315 ], [ 248829.945951993693598, 2696603.059722888749093 ], [ 248825.439927075756714, 2696603.140097504481673 ], [ 248824.528010125271976, 2696681.209091740660369 ] ] ] } },
{ "type": "Feature", "properties": { "rank": 240, "osm_id": 1076860322, "area_m2": 1958.9441369842084, "albedo": 0.28227806091308594, "lst_c": 55.0679931640625, "lst_anomaly_c": 1.0055135091145857, "albedo_gap": 0.31772193908691404, "delta_T_est_c": 1.4478608301753217, "delta_T_lo_c": 0.93503560013155906, "delta_T_hi_c": 1.9213241141431183, "cooling_c_m2": 2836.2784844410353, "dQ_mean_kW": 186.71985892966921, "dQ_peak_kW": 591.27955327728591, "rank_benefit": 240, "rank_hottest": 436, "rank_intensity": 262 }, "geometry": { "type": "Polygon", "coordinates": [ [ [ 244385.182406942738453, 2693796.430766174569726 ], [ 244284.355340394569794, 2693793.382853456307203 ], [ 244283.763164973555831, 2693812.799312959890813 ], [ 244384.589893133088481, 2693815.836130208801478 ], [ 244385.182406942738453, 2693796.430766174569726 ] ] ] } },
{ "type": "Feature", "properties": { "rank": 241, "osm_id": 1077428178, "area_m2": 3374.5959487251221, "albedo": 0.41569010416666669, "lst_c": 54.928995768229164, "lst_anomaly_c": 0.86651611328125, "albedo_gap": 0.18430989583333329, "delta_T_est_c": 0.83990132868280709, "delta_T_lo_c": 0.54241238284008675, "delta_T_hi_c": 1.1145564840674063, "cooling_c_m2": 2834.3276211018479, "dQ_mean_kW": 186.59142833673474, "dQ_peak_kW": 590.87285639966001, "rank_benefit": 241, "rank_hottest": 549, "rank_intensity": 3004 }, "geometry": { "type": "Polygon", "coordinates": [ [ [ 247388.061688002082519, 2693409.036218374036252 ], [ 247389.819192580966046, 2693339.363034341018647 ], [ 247319.499333170446334, 2693337.630719324573874 ], [ 247318.730803472863045, 2693368.409203220624477 ], [ 247357.974593444669154, 2693369.379453874658793 ], [ 247356.995808452687925, 2693408.262920172419399 ], [ 247388.061688002082519, 2693409.036218374036252 ] ] ] } },
{ "type": "Feature", "properties": { "rank": 242, "osm_id": 633556053, "area_m2": 3044.0811682814519, "albedo": 0.39635750651359558, "lst_c": 52.996295928955078, "lst_anomaly_c": -1.0661837259928362, "albedo_gap": 0.2036424934864044, "delta_T_est_c": 0.92800009506910941, "delta_T_lo_c": 0.59930699672980103, "delta_T_hi_c": 1.2314643254541831, "cooling_c_m2": 2824.9076135632731, "dQ_mean_kW": 185.97128384515256, "dQ_peak_kW": 588.90906550964974, "rank_benefit": 242, "rank_hottest": 2683, "rank_intensity": 2604 }, "geometry": { "type": "Polygon", "coordinates": [ [ [ 244734.150003447313793, 2694018.154893026687205 ], [ 244818.34121460156166, 2694020.01081212144345 ], [ 244819.159494868101319, 2693983.877783151809126 ], [ 244734.967868900479516, 2693982.010761170182377 ], [ 244734.150003447313793, 2694018.154893026687205 ] ] ] } },
{ "type": "Feature", "properties": { "rank": 243, "osm_id": 482308039, "area_m2": 2746.1602837635191, "albedo": 0.3744807243347168, "lst_c": 55.097145080566406, "lst_anomaly_c": 1.034665425618492, "albedo_gap": 0.22551927566528318, "delta_T_est_c": 1.0276927259843809, "delta_T_lo_c": 0.66368898499400975, "delta_T_hi_c": 1.3637573275079007, "cooling_c_m2": 2822.2089480109721, "dQ_mean_kW": 185.79362341653524, "dQ_peak_kW": 588.34647415236145, "rank_benefit": 243, "rank_hottest": 405, "rank_intensity": 2009 }, "geometry": { "type": "Polygon", "coordinates": [ [ [ 248423.35188278730493, 2697375.809236300177872 ], [ 248421.411735581059474, 2697432.54124904749915 ], [ 248404.885476664727321, 2697431.983277288265526 ], [ 248405.060023303696653, 2697426.982013717293739 ], [ 248414.140774098137626, 2697427.285172772593796 ], [ 248414.401510449475609, 2697419.722344578243792 ], [ 248392.644188979029423, 2697418.991902436129749 ], [ 248392.321636682172539, 2697428.207108783069998 ], [ 248367.699973706505261, 2697427.383833741303533 ], [ 248369.517247268377105, 2697374.01194312190637 ], [ 248423.35188278730493, 2697375.809236300177872 ] ] ] } },
{ "type": "Feature", "properties": { "rank": 244, "osm_id": 1076847280, "area_m2": 3477.60253626861, "albedo": 0.42201340198516846, "lst_c": 56.052561442057289, "lst_anomaly_c": 1.990081787109375, "albedo_gap": 0.17798659801483152, "delta_T_est_c": 0.81108602164026344, "delta_T_lo_c": 0.52380331672546754, "delta_T_hi_c": 1.0763183170257762, "cooling_c_m2": 2820.6348059881971, "dQ_mean_kW": 185.68999340345991, "dQ_peak_kW": 588.01831244428968, "rank_benefit": 244, "rank_hottest": 87, "rank_intensity": 3094 }, "geometry": { "type": "Polygon", "coordinates": [ [ [ 247784.341103554266738, 2693134.613906136713922 ], [ 247714.085950771579519, 2693133.133263878058642 ], [ 247713.021491914434591, 2693182.612851058132946 ], [ 247783.286353003612021, 2693184.082206163555384 ], [ 247784.341103554266738, 2693134.613906136713922 ] ] ] } },
{ "type": "Feature", "properties": { "rank": 245, "osm_id": 117601200, "area_m2": 2938.6408398758608, "albedo": 0.38954909642537433, "lst_c": 54.7125244140625, "lst_anomaly_c": 0.6500447591145857, "albedo_gap": 0.21045090357462565, "delta_T_est_c": 0.95902606170784832, "delta_T_lo_c": 0.61934371761560758, "delta_T_hi_c": 1.2726360573121345, "cooling_c_m2": 2818.2331514399907, "dQ_mean_kW": 185.53188600995153, "dQ_peak_kW": 587.51763903151311, "rank_benefit": 245, "rank_hottest": 782, "rank_intensity": 2413 }, "geometry": { "type": "Polygon", "coordinates": [ [ [ 248131.078765786136501, 2697731.892839903011918 ], [ 248222.20017555746017, 2697733.842123851645738 ], [ 248222.902698353980668, 2697701.613083487376571 ], [ 248131.780883155966876, 2697699.652698036748916 ], [ 248131.078765786136501, 2697731.892839903011918 ] ] ] } },
{ "type": "Feature", "properties": { "rank": 246, "osm_id": 117601142, "area_m2": 2938.5127021434982, "albedo": 0.38956303596496583, "lst_c": 54.609307861328126, "lst_anomaly_c": 0.54682820638021212, "albedo_gap": 0.21043696403503415, "delta_T_est_c": 0.9589625391402119, "delta_T_lo_c": 0.61930269443097963, "delta_T_hi_c": 1.2725517623036307, "cooling_c_m2": 2817.9236021432944, "dQ_mean_kW": 185.51150754523871, "dQ_peak_kW": 587.45310722658928, "rank_benefit": 246, "rank_hottest": 887, "rank_intensity": 2414 }, "geometry": { "type": "Polygon", "coordinates": [ [ [ 248129.99025334516773, 2697648.373297559097409 ], [ 248221.112400555779459, 2697650.333700298331678 ], [ 248221.814750481571537, 2697618.093584333080798 ], [ 248130.702742299326928, 2697616.144056169316173 ], [ 248129.99025334516773, 2697648.373297559097409 ] ] ] } },
{ "type": "Feature", "properties": { "rank": 247, "osm_id": 1076780852, "area_m2": 2575.2109322836304, "albedo": 0.36007192730903625, "lst_c": 55.475799560546875, "lst_anomaly_c": 1.4133199055989607, "albedo_gap": 0.23992807269096372, "delta_T_est_c": 1.0933537026339117, "delta_T_lo_c": 0.70609316461345839, "delta_T_hi_c": 1.450890023666036, "cooling_c_m2": 2815.6164078756351, "dQ_mean_kW": 185.35961872665342, "dQ_peak_kW": 586.97212596773579, "rank_benefit": 247, "rank_hottest": 215, "rank_intensity": 1583 }, "geometry": { "type": "Polygon", "coordinates": [ [ [ 244400.729518680571346, 2695899.647820405196398 ], [ 244481.761747220502002, 2695902.023339324165136 ], [ 244482.708585218817461, 2695870.265416785608977 ], [ 244401.676376748480834, 2695867.900955361314118 ], [ 244400.729518680571346, 2695899.647820405196398 ] ] ] } },
{ "type": "Feature", "properties": { "rank": 248, "osm_id": 1076780890, "area_m2": 2739.2985022540861, "albedo": 0.37444716691970825, "lst_c": 54.474311828613281, "lst_anomaly_c": 0.41183217366536695, "albedo_gap": 0.22555283308029173, "delta_T_est_c": 1.0278456473309283, "delta_T_lo_c": 0.66378774234696925, "delta_T_hi_c": 1.3639602554858978, "cooling_c_m2": 2815.5760422819935, "dQ_mean_kW": 185.35696135080272, "dQ_peak_kW": 586.96371094420851, "rank_benefit": 248, "rank_hottest": 1073, "rank_intensity": 2005 }, "geometry": { "type": "Polygon", "coordinates": [ [ [ 244706.828983413230162, 2694938.26357977418229 ], [ 244707.741193066671258, 2694898.382833726704121 ], [ 244639.085418697621208, 2694896.833977565634996 ], [ 244638.163050945731811, 2694936.703850120306015 ], [ 244706.828983413230162, 2694938.26357977418229 ] ] ] } },
{ "type": "Feature", "properties": { "rank": 249, "osm_id": 1392676935, "area_m2": 2224.9156156374088, "albedo": 0.32314772605895997, "lst_c": 52.831579589843749, "lst_anomaly_c": -1.2309000651041657, "albedo_gap": 0.27685227394104001, "delta_T_est_c": 1.2616175147871909, "delta_T_lo_c": 0.81475875684314381, "delta_T_hi_c": 1.6741775890797614, "cooling_c_m2": 2806.9925096116804, "dQ_mean_kW": 184.79188425484367, "dQ_peak_kW": 585.17430014033823, "rank_benefit": 249, "rank_hottest": 2757, "rank_intensity": 736 }, "geometry": { "type": "Polygon", "coordinates": [ [ [ 248855.957153946772451, 2696470.53899722546339 ], [ 248878.963740119681461, 2696471.225861417595297 ], [ 248880.875631848466583, 2696408.787307968828827 ], [ 248827.213452153344406, 2696407.173214285168797 ], [ 248826.422192663652822, 2696432.820708279963583 ], [ 248857.08777867507888, 2696433.747738287318498 ], [ 248855.957153946772451, 2696470.53899722546339 ] ] ] } },
{ "type": "Feature", "properties": { "rank": 250, "osm_id": 1077443407, "area_m2": 2539.1304249457903, "albedo": 0.35759925842285156, "lst_c": 55.510879516601562, "lst_anomaly_c": 1.4483998616536482, "albedo_gap": 0.24240074157714842, "delta_T_est_c": 1.1046216699533506, "delta_T_lo_c": 0.71337007297730881, "delta_T_hi_c": 1.4658427158564813, "cooling_c_m2": 2804.7784902329799, "dQ_mean_kW": 184.64612939038787, "dQ_peak_kW": 584.7127430695615, "rank_benefit": 250, "rank_hottest": 204, "rank_intensity": 1516 }, "geometry": { "type": "Polygon", "coordinates": [ [ [ 247413.310175212740432, 2693564.047578796278685 ], [ 247411.481838214298477, 2693614.460854520089924 ], [ 247461.777444719045889, 2693616.263991235289723 ], [ 247463.605761094659101, 2693565.839658838231117 ], [ 247413.310175212740432, 2693564.047578796278685 ] ] ] } },
{ "type": "Feature", "properties": { "rank": 251, "osm_id": 1036231409, "area_m2": 2363.4875138007183, "albedo": 0.33958920836448669, "lst_c": 52.148422241210938, "lst_anomaly_c": -1.9140574137369768, "albedo_gap": 0.26041079163551328, "delta_T_est_c": 1.1866935788178814, "delta_T_lo_c": 0.76637251282492647, "delta_T_hi_c": 1.5747528640618758, "cooling_c_m2": 2804.7354562435512, "dQ_mean_kW": 184.64329634684887, "dQ_peak_kW": 584.70377176502143, "rank_benefit": 251, "rank_hottest": 3046, "rank_intensity": 1071 }, "geometry": { "type": "Polygon", "coordinates": [ [ [ 246353.007274833129486, 2694245.6705331671983 ], [ 246439.469812641007593, 2694247.506149591412395 ], [ 246440.422921155637596, 2694220.336940512992442 ], [ 246353.591408135951497, 2694218.319538070354611 ], [ 246353.007274833129486, 2694245.6705331671983 ] ] ] } },
{ "type": "Feature", "properties": { "rank": 252, "osm_id": 1154205103, "area_m2": 1862.7210517696958, "albedo": 0.26958873867988586, "lst_c": 52.140636444091797, "lst_anomaly_c": -1.9218432108561174, "albedo_gap": 0.33041126132011411, "delta_T_est_c": 1.5056861496220137, "delta_T_lo_c": 0.97237947403488834, "delta_T_hi_c": 1.9980588239615371, "cooling_c_m2": 2804.6732882589808, "dQ_mean_kW": 184.63920366082644, "dQ_peak_kW": 584.69081159261702, "rank_benefit": 252, "rank_hottest": 3053, "rank_intensity": 180 }, "geometry": { "type": "Polygon", "coordinates": [ [ [ 250313.817078903579386, 2694294.662481255363673 ], [ 250435.844299148302525, 2694297.69887628313154 ], [ 250436.224003636190901, 2694282.443120824638754 ], [ 250314.206802646571305, 2694279.406531329732388 ], [ 250313.817078903579386, 2694294.662481255363673 ] ] ] } },
{ "type": "Feature", "properties": { "rank": 253, "osm_id": 1077375464, "area_m2": 3003.4369660172174, "albedo": 0.39540155728658039, "lst_c": 54.384562174479164, "lst_anomaly_c": 0.32208251953125, "albedo_gap": 0.20459844271341959, "delta_T_est_c": 0.93235636157500223, "delta_T_lo_c": 0.60212029492930919, "delta_T_hi_c": 1.2372451295970734, "cooling_c_m2": 2800.2735618556762, "dQ_mean_kW": 184.34955781051215, "dQ_peak_kW": 583.77359973328839, "rank_benefit": 253, "rank_hottest": 1245, "rank_intensity": 2581 }, "geometry": { "type": "Polygon", "coordinates": [ [ [ 245689.81844239163911, 2696830.723902867175639 ], [ 245690.912973743339535, 2696769.350997630972415 ], [ 245641.994856022356544, 2696768.494624433573335 ], [ 245640.900736730167409, 2696829.878631161060184 ], [ 245689.81844239163911, 2696830.723902867175639 ] ] ] } },
{ "type": "Feature", "properties": { "rank": 254, "osm_id": 1076860402, "area_m2": 6475.6683152233272, "albedo": 0.50518156352796051, "lst_c": 53.465563322368418, "lst_anomaly_c": -0.59691633257949661, "albedo_gap": 0.094818436472039469, "delta_T_est_c": 0.43208819806673321, "delta_T_lo_c": 0.27904467001857441, "delta_T_hi_c": 0.57338485652777527, "cooling_c_m2": 2798.0598536026855, "dQ_mean_kW": 184.20382342830058, "dQ_peak_kW": 583.31210752295181, "rank_benefit": 254, "rank_hottest": 2422, "rank_intensity": 3591 }, "geometry": { "type": "Polygon", "coordinates": [ [ [ 248653.273955728305737, 2695949.584581016562879 ], [ 248620.512310540158069, 2695949.027759766206145 ], [ 248617.094889893603977, 2696146.631123985629529 ], [ 248649.856078153796261, 2696147.187897378578782 ], [ 248653.273955728305737, 2695949.584581016562879 ] ] ] } },
{ "type": "Feature", "properties": { "rank": 255, "osm_id": 1036597619, "area_m2": 2943.5979357701831, "albedo": 0.39293204413519967, "lst_c": 53.734836154513886, "lst_anomaly_c": -0.32764350043402857, "albedo_gap": 0.20706795586480031, "delta_T_est_c": 0.94360994819153388, "delta_T_lo_c": 0.60938791616494059, "delta_T_hi_c": 1.252178738467701, "cooling_c_m2": 2777.6082956688083, "dQ_mean_kW": 182.85744223433329, "dQ_peak_kW": 579.04856707538875, "rank_benefit": 255, "rank_hottest": 2205, "rank_intensity": 2513 }, "geometry": { "type": "Polygon", "coordinates": [ [ [ 246555.445108476880705, 2698347.040949726942927 ], [ 246615.158418101200368, 2698348.492365667130798 ], [ 246616.382747294235742, 2698299.23068079398945 ], [ 246556.659082661062712, 2698297.779424179345369 ], [ 246555.445108476880705, 2698347.040949726942927 ] ] ] } },
{ "type": "Feature", "properties": { "rank": 256, "osm_id": 1154654151, "area_m2": 3176.682876280855, "albedo": 0.40859479904174806, "lst_c": 52.641491699218747, "lst_anomaly_c": -1.4209879557291671, "albedo_gap": 0.19140520095825192, "delta_T_est_c": 0.87223467776796948, "delta_T_lo_c": 0.56329341769925001, "delta_T_hi_c": 1.1574631239830722, "cooling_c_m2": 2770.8129649638581, "dQ_mean_kW": 182.41008729455245, "dQ_peak_kW": 577.63194309941605, "rank_benefit": 256, "rank_hottest": 2839, "rank_intensity": 2858 }, "geometry": { "type": "Polygon", "coordinates": [ [ [ 249759.846903822850436, 2694791.239327622577548 ], [ 249759.179458825121401, 2694841.132202255073935 ], [ 249765.810895261325641, 2694841.213922867085785 ], [ 249765.786390847933944, 2694843.264566628262401 ], [ 249773.809151025023311, 2694843.365913361310959 ], [ 249773.75907663081307, 2694846.835533684119582 ], [ 249791.388960810523713, 2694847.065519749652594 ], [ 249791.330188349093078, 2694851.189144218340516 ], [ 249809.224158757890109, 2694851.425545095000416 ], [ 249809.27711384173017, 2694847.54583304701373 ], [ 249827.130486543435836, 2694847.782977837137878 ], [ 249827.16526879707817, 2694845.166960245463997 ], [ 249836.325403580005514, 2694845.2813969720155 ], [ 249836.346378043468576, 2694843.031337413005531 ], [ 249842.470117180608213, 2694843.111024555750191 ], [ 249843.148125180858187, 2694792.652804739773273 ], [ 249825.751629566540942, 2694792.41860377881676 ], [ 249825.376532541500637, 2694820.474319527857006 ], [ 249776.122429345094133, 2694819.830556354951113 ], [ 249776.502070644084597, 2694791.46444658562541 ], [ 249759.846903822850436, 2694791.239327622577548 ] ] ] } },
{ "type": "Feature", "properties": { "rank": 257, "osm_id": 482119399, "area_m2": 1868.9859656455933, "albedo": 0.27596458792686462, "lst_c": 51.735034942626953, "lst_anomaly_c": -2.3274447123209612, "albedo_gap": 0.32403541207313535, "delta_T_est_c": 1.4766313653967478, "delta_T_lo_c": 0.95361575238529106, "delta_T_hi_c": 1.9595028685825462, "cooling_c_m2": 2759.8032983586118, "dQ_mean_kW": 181.68529126106299, "dQ_peak_kW": 575.33675566003285, "rank_benefit": 257, "rank_hottest": 3210, "rank_intensity": 215 }, "geometry": { "type": "Polygon", "coordinates": [ [ [ 249680.884442714304896, 2693632.800154248718172 ], [ 249680.427658000146039, 2693651.681247849483043 ], [ 249779.328754931251751, 2693654.048212652560323 ], [ 249779.785474452044582, 2693635.156054998748004 ], [ 249680.884442714304896, 2693632.800154248718172 ] ] ] } },
{ "type": "Feature", "properties": { "rank": 258, "osm_id": 1036231414, "area_m2": 2363.8602018296533, "albedo": 0.34409286975860598, "lst_c": 52.509332275390626, "lst_anomaly_c": -1.5531473795572879, "albedo_gap": 0.255907130241394, "delta_T_est_c": 1.1661703661506746, "delta_T_lo_c": 0.75311852178313166, "delta_T_hi_c": 1.5475183795206942, "cooling_c_m2": 2756.6637170966942, "dQ_mean_kW": 181.47860416262071, "dQ_peak_kW": 574.68224651496553, "rank_benefit": 258, "rank_hottest": 2894, "rank_intensity": 1171 }, "geometry": { "type": "Polygon", "coordinates": [ [ [ 246179.494753716920968, 2694240.404495753347874 ], [ 246265.957658795523457, 2694242.250132671091706 ], [ 246266.910236866620835, 2694215.069803739432245 ], [ 246180.088703758665361, 2694213.053281240630895 ], [ 246179.494753716920968, 2694240.404495753347874 ] ] ] } },
{ "type": "Feature", "properties": { "rank": 259, "osm_id": 1076860381, "area_m2": 2872.7402933783142, "albedo": 0.38971886038780212, "lst_c": 56.016628265380859, "lst_anomaly_c": 1.9541486104329451, "albedo_gap": 0.21028113961219785, "delta_T_est_c": 0.95825244628714135, "delta_T_lo_c": 0.61884411299609166, "delta_T_hi_c": 1.2716094628136168, "cooling_c_m2": 2752.8104136774095, "dQ_mean_kW": 181.22493081044144, "dQ_peak_kW": 573.87894756639798, "rank_benefit": 259, "rank_hottest": 95, "rank_intensity": 2422 }, "geometry": { "type": "Polygon", "coordinates": [ [ [ 247961.840421237808187, 2693373.711333172395825 ], [ 247890.86113400553586, 2693371.411707601044327 ], [ 247889.532831355900271, 2693411.84167706919834 ], [ 247960.511917151598027, 2693414.141278283204883 ], [ 247961.840421237808187, 2693373.711333172395825 ] ] ] } },
{ "type": "Feature", "properties": { "rank": 260, "osm_id": 117601170, "area_m2": 2938.6494572729293, "albedo": 0.39593362808227539, "lst_c": 54.804145812988281, "lst_anomaly_c": 0.74166615804036695, "albedo_gap": 0.20406637191772459, "delta_T_est_c": 0.92993171168717603, "delta_T_lo_c": 0.60055444418197046, "delta_T_hi_c": 1.2340275977730577, "cooling_c_m2": 2732.7433198504059, "dQ_mean_kW": 179.90385992510315, "dQ_peak_kW": 569.69555642949319, "rank_benefit": 260, "rank_hottest": 673, "rank_intensity": 2594 }, "geometry": { "type": "Polygon", "coordinates": [ [ [ 248127.38542541465722, 2697690.577303649391979 ], [ 248218.50730272277724, 2697692.537665831390768 ], [ 248219.209632660029456, 2697660.297547445166856 ], [ 248128.087746363627957, 2697658.348241429310292 ], [ 248127.38542541465722, 2697690.577303649391979 ] ] ] } },
{ "type": "Feature", "properties": { "rank": 261, "osm_id": 1154654147, "area_m2": 3079.5255374270014, "albedo": 0.40537381172180176, "lst_c": 52.282440185546875, "lst_anomaly_c": -1.7800394694010393, "albedo_gap": 0.19462618827819822, "delta_T_est_c": 0.88691273679166793, "delta_T_lo_c": 0.57277257995155595, "delta_T_hi_c": 1.1769410379947614, "cooling_c_m2": 2731.2704224192139, "dQ_mean_kW": 179.80689511643615, "dQ_peak_kW": 569.38850120204779, "rank_benefit": 261, "rank_hottest": 2985, "rank_intensity": 2796 }, "geometry": { "type": "Polygon", "coordinates": [ [ [ 250004.857197766978061, 2694853.893595288973302 ], [ 250005.002072314586258, 2694833.444386153016239 ], [ 249961.765091110195499, 2694833.158688386436552 ], [ 249961.711418443039292, 2694841.005833092611283 ], [ 249957.52788882816094, 2694840.980324810370803 ], [ 249957.60744775616331, 2694829.442350303288549 ], [ 249942.314995077467756, 2694829.336910151410848 ], [ 249942.429522233403986, 2694813.476258327253163 ], [ 249930.873992498614825, 2694813.404258209746331 ], [ 249930.905233213678002, 2694808.871086169965565 ], [ 249939.505958011402981, 2694808.929026023019105 ], [ 249939.802449768147198, 2694765.559140954632312 ], [ 249921.991752541420283, 2694765.44298999896273 ], [ 249921.959676503349328, 2694771.073314205743372 ], [ 249919.522703870141413, 2694771.061149683780968 ], [ 249919.276289875415387, 2694808.667411551810801 ], [ 249927.328526211989811, 2694808.712913303636014 ], [ 249927.294534228247358, 2694813.09098356263712 ], [ 249918.714307593967533, 2694813.043769827578217 ], [ 249918.442794027534546, 2694852.667439271230251 ], [ 249957.607656512351241, 2694852.914431375451386 ], [ 249957.659753404790536, 2694844.978656702209264 ], [ 249961.234091200225521, 2694845.003891982603818 ], [ 249961.173487156745978, 2694853.60474895266816 ], [ 250004.857197766978061, 2694853.893595288973302 ] ] ] } },
{ "type": "Feature", "properties": { "rank": 262, "osm_id": 1164305170, "area_m2": 3001.5672909219256, "albedo": 0.40125926335652667, "lst_c": 54.390245225694443, "lst_anomaly_c": 0.32776557074652857, "albedo_gap": 0.1987407366434733, "delta_T_est_c": 0.90566275899367277, "delta_T_lo_c": 0.58488143592496389, "delta_T_hi_c": 1.2018224831216862, "cooling_c_m2": 2718.4077140015152, "dQ_mean_kW": 178.96010834483343, "dQ_peak_kW": 566.70700975863917, "rank_benefit": 262, "rank_hottest": 1235, "rank_intensity": 2711 }, "geometry": { "type": "Polygon", "coordinates": [ [ [ 249514.963407159288181, 2696645.149722916539758 ], [ 249514.012064371578163, 2696685.262248922139406 ], [ 249513.886350213026162, 2696690.750202234834433 ], [ 249512.365686070872471, 2696755.353566014673561 ], [ 249512.24884251243202, 2696760.19859123043716 ], [ 249510.492486258881399, 2696834.946422595065087 ], [ 249526.294974157906836, 2696835.308069333899766 ], [ 249528.054763963882579, 2696760.748585947323591 ], [ 249528.180085493921069, 2696755.238475237041712 ], [ 249529.685747544659534, 2696691.499803526327014 ], [ 249529.822305720415898, 2696685.479709851089865 ], [ 249530.766106473340187, 2696645.511393070220947 ], [ 249525.962257209670497, 2696645.397362163756043 ], [ 249520.213993817800656, 2696645.266885635443032 ], [ 249514.963407159288181, 2696645.149722916539758 ] ] ] } },
{ "type": "Feature", "properties": { "rank": 263, "osm_id": 1036597575, "area_m2": 3536.9270684390767, "albedo": 0.43165675799051922, "lst_c": 54.612172444661461, "lst_anomaly_c": 0.5496927897135464, "albedo_gap": 0.16834324200948075, "delta_T_est_c": 0.76714118902433281, "delta_T_lo_c": 0.49542352905434039, "delta_T_hi_c": 1.0180031358721104, "cooling_c_m2": 2713.3224367747011, "dQ_mean_kW": 178.62533083563682, "dQ_peak_kW": 565.64688097951671, "rank_benefit": 263, "rank_hottest": 881, "rank_intensity": 3233 }, "geometry": { "type": "Polygon", "coordinates": [ [ [ 245164.740919925417984, 2696901.282611893489957 ], [ 245162.868863962270552, 2696976.778064210433513 ], [ 245209.690104729961604, 2696977.914468047209084 ], [ 245211.562409742589807, 2696902.419044006615877 ], [ 245164.740919925417984, 2696901.282611893489957 ] ] ] } },
{ "type": "Feature", "properties": { "rank": 264, "osm_id": 1076847302, "area_m2": 3738.4705884049563, "albedo": 0.44113671779632568, "lst_c": 53.429725646972656, "lst_anomaly_c": -0.63275400797525805, "albedo_gap": 0.15886328220367429, "delta_T_est_c": 0.72394095389449209, "delta_T_lo_c": 0.46752460607873658, "delta_T_hi_c": 0.96067604216133939, "cooling_c_m2": 2706.4319638763873, "dQ_mean_kW": 178.17171242877387, "dQ_peak_kW": 564.21042269111717, "rank_benefit": 264, "rank_hottest": 2451, "rank_intensity": 3326 }, "geometry": { "type": "Polygon", "coordinates": [ [ [ 247641.972585012612399, 2695169.468818410299718 ], [ 247671.417525197059149, 2695170.09404374519363 ], [ 247671.896579094434856, 2695148.086927911732346 ], [ 247701.067113819502993, 2695148.694968925788999 ], [ 247701.959307188459206, 2695107.230879581999034 ], [ 247672.778537365316879, 2695106.623011004645377 ], [ 247673.261805812333478, 2695084.28335049143061 ], [ 247643.806736110855127, 2695083.669366297777742 ], [ 247641.972585012612399, 2695169.468818410299718 ] ] ] } },
{ "type": "Feature", "properties": { "rank": 265, "osm_id": 1077278646, "area_m2": 2503.5565895506925, "albedo": 0.36278536915779114, "lst_c": 54.792182922363281, "lst_anomaly_c": 0.72970326741536695, "albedo_gap": 0.23721463084220884, "delta_T_est_c": 1.080988531443464, "delta_T_lo_c": 0.69810767662744133, "delta_T_hi_c": 1.4344813322444729, "cooling_c_m2": 2706.3159611240103, "dQ_mean_kW": 178.16407565485406, "dQ_peak_kW": 564.1862395737046, "rank_benefit": 265, "rank_hottest": 690, "rank_intensity": 1662 }, "geometry": { "type": "Polygon", "coordinates": [ [ [ 244863.150839394074865, 2693255.697395944502205 ], [ 244862.679317450005328, 2693284.077364497352391 ], [ 244950.848107913305284, 2693285.530091897118837 ], [ 244951.329757248226088, 2693257.138879383448511 ], [ 244863.150839394074865, 2693255.697395944502205 ] ] ] } },
{ "type": "Feature", "properties": { "rank": 266, "osm_id": 1077375587, "area_m2": 2502.6830929248563, "albedo": 0.36332980791727704, "lst_c": 54.133560180664062, "lst_anomaly_c": 0.071080525716148202, "albedo_gap": 0.23667019208272294, "delta_T_est_c": 1.0785075206685888, "delta_T_lo_c": 0.69650542774379864, "delta_T_hi_c": 1.4311890090253694, "cooling_c_m2": 2699.1625375695821, "dQ_mean_kW": 177.69314649741267, "dQ_peak_kW": 562.69496390847348, "rank_benefit": 266, "rank_hottest": 1691, "rank_intensity": 1678 }, "geometry": { "type": "Polygon", "coordinates": [ [ [ 246294.5327742821828, 2697914.957549841608852 ], [ 246311.320064492756501, 2697915.36422211676836 ], [ 246312.815494439098984, 2697849.651056339964271 ], [ 246311.860041311272653, 2697847.329862691927701 ], [ 246310.087594958633417, 2697845.300458930898458 ], [ 246308.044747538835509, 2697843.4754150910303 ], [ 246305.069121942389756, 2697842.276724869385362 ], [ 246218.908595573011553, 2697840.217161307111382 ], [ 246218.499093357648235, 2697856.91486041713506 ], [ 246292.188438196550123, 2697858.678337474819273 ], [ 246295.758784223638941, 2697862.459618600085378 ], [ 246294.5327742821828, 2697914.957549841608852 ] ] ] } },
{ "type": "Feature", "properties": { "rank": 267, "osm_id": 1076847296, "area_m2": 3062.6620851554862, "albedo": 0.40683133261544363, "lst_c": 54.122305733816965, "lst_anomaly_c": 0.059826078869051003, "albedo_gap": 0.19316866738455635, "delta_T_est_c": 0.88027080511666034, "delta_T_lo_c": 0.56848318801530096, "delta_T_hi_c": 1.168127135977578, "cooling_c_m2": 2695.9720195000896, "dQ_mean_kW": 177.48310609160757, "dQ_peak_kW": 562.02983595675732, "rank_benefit": 267, "rank_hottest": 1708, "rank_intensity": 2830 }, "geometry": { "type": "Polygon", "coordinates": [ [ [ 248359.546088267874438, 2694453.472619424108416 ], [ 248361.267008057271596, 2694372.995345394592732 ], [ 248323.227664140606066, 2694372.200585213955492 ], [ 248321.506960040394915, 2694452.677882763091475 ], [ 248359.546088267874438, 2694453.472619424108416 ] ] ] } },
{ "type": "Feature", "properties": { "rank": 268, "osm_id": 117601148, "area_m2": 2938.1333177105171, "albedo": 0.39930880069732666, "lst_c": 54.526280721028648, "lst_anomaly_c": 0.4638010660807339, "albedo_gap": 0.20069119930267332, "delta_T_est_c": 0.9145510293255581, "delta_T_lo_c": 0.59062152434416615, "delta_T_hi_c": 1.2136172963839567, "cooling_c_m2": 2687.0728500078703, "dQ_mean_kW": 176.89724977273985, "dQ_peak_kW": 560.17462428034287, "rank_benefit": 268, "rank_hottest": 1001, "rank_intensity": 2670 }, "geometry": { "type": "Polygon", "coordinates": [ [ [ 248231.70444421650609, 2697692.002370508387685 ], [ 248322.826028558221878, 2697693.952326463069767 ], [ 248323.528794123791158, 2697661.723312885034829 ], [ 248232.407002611755161, 2697659.773334270808846 ], [ 248231.70444421650609, 2697692.002370508387685 ] ] ] } },
{ "type": "Feature", "properties": { "rank": 269, "osm_id": 1077127016, "area_m2": 2352.2380587536154, "albedo": 0.34955612818400067, "lst_c": 54.50738525390625, "lst_anomaly_c": 0.4449055989583357, "albedo_gap": 0.25044387181599931, "delta_T_est_c": 1.1412742639111297, "delta_T_lo_c": 0.7370404972842779, "delta_T_hi_c": 1.5144810318805775, "cooling_c_m2": 2684.5487590477774, "dQ_mean_kW": 176.73108206016167, "dQ_peak_kW": 559.64842652384516, "rank_benefit": 269, "rank_hottest": 1026, "rank_intensity": 1320 }, "geometry": { "type": "Polygon", "coordinates": [ [ [ 248121.127445235819323, 2697731.716286132577807 ], [ 248121.607527739251964, 2697613.325648946687579 ], [ 248101.740117787441704, 2697613.248973313719034 ], [ 248101.260400239931187, 2697731.650704588741064 ], [ 248121.127445235819323, 2697731.716286132577807 ] ] ] } },
{ "type": "Feature", "properties": { "rank": 270, "osm_id": 1076860491, "area_m2": 2625.1817546468828, "albedo": 0.37571719288825989, "lst_c": 55.054706573486328, "lst_anomaly_c": 0.99222691853841383, "albedo_gap": 0.22428280711174009, "delta_T_est_c": 1.0220581311825128, "delta_T_lo_c": 0.66005013613349806, "delta_T_hi_c": 1.3562801704216469, "cooling_c_m2": 2683.0883581688227, "dQ_mean_kW": 176.63493993321788, "dQ_peak_kW": 559.34397645518982, "rank_benefit": 270, "rank_hottest": 448, "rank_intensity": 2051 }, "geometry": { "type": "Polygon", "coordinates": [ [ [ 245390.873776837863261, 2698203.122181422542781 ], [ 245389.110907276830403, 2698257.170774315483868 ], [ 245437.630698366236174, 2698258.731135844718665 ], [ 245439.393752372881863, 2698204.682565342169255 ], [ 245390.873776837863261, 2698203.122181422542781 ] ] ] } },
{ "type": "Feature", "properties": { "rank": 271, "osm_id": 1036231413, "area_m2": 2363.2241702321689, "albedo": 0.3509381115436554, "lst_c": 54.508396148681641, "lst_anomaly_c": 0.44591649373372633, "albedo_gap": 0.24906188845634458, "delta_T_est_c": 1.1349765572430017, "delta_T_lo_c": 0.7329734075397667, "delta_T_hi_c": 1.506123919488906, "cooling_c_m2": 2682.2040327235563, "dQ_mean_kW": 176.57672240511062, "dQ_peak_kW": 559.15962094951681, "rank_benefit": 271, "rank_hottest": 1025, "rank_intensity": 1355 }, "geometry": { "type": "Polygon", "coordinates": [ [ [ 246460.587462569295894, 2694144.070369645487517 ], [ 246547.040585376409581, 2694145.917960048187524 ], [ 246547.993732135859318, 2694118.737701409496367 ], [ 246461.172031805705046, 2694116.730479863937944 ], [ 246460.587462569295894, 2694144.070369645487517 ] ] ] } },
{ "type": "Feature", "properties": { "rank": 272, "osm_id": 482265897, "area_m2": 2573.0157947904863, "albedo": 0.37174320220947266, "lst_c": 50.163833618164062, "lst_anomaly_c": -3.8986460367838518, "albedo_gap": 0.22825679779052732, "delta_T_est_c": 1.0401676311428663, "delta_T_lo_c": 0.67174533971287875, "delta_T_hi_c": 1.3803116368745985, "cooling_c_m2": 2676.3677441603995, "dQ_mean_kW": 176.19250379499752, "dQ_peak_kW": 557.94292868415869, "rank_benefit": 272, "rank_hottest": 3557, "rank_intensity": 1924 }, "geometry": { "type": "Polygon", "coordinates": [ [ [ 248267.469513296819059, 2696599.250901849009097 ], [ 248268.049469235411379, 2696577.175559593830258 ], [ 248384.526462796027772, 2696580.191703119315207 ], [ 248383.94632577750599, 2696602.267024741042405 ], [ 248267.469513296819059, 2696599.250901849009097 ] ] ] } },
{ "type": "Feature", "properties": { "rank": 273, "osm_id": 1076847201, "area_m2": 2786.6123212489993, "albedo": 0.38989512125651044, "lst_c": 52.273874918619789, "lst_anomaly_c": -1.788604736328125, "albedo_gap": 0.21010487874348954, "delta_T_est_c": 0.95744922442456293, "delta_T_lo_c": 0.61832538839172213, "delta_T_hi_c": 1.2705435803051492, "cooling_c_m2": 2668.0398057517855, "dQ_mean_kW": 175.64425315834046, "dQ_peak_kW": 556.20680166807813, "rank_benefit": 273, "rank_hottest": 2992, "rank_intensity": 2426 }, "geometry": { "type": "Polygon", "coordinates": [ [ [ 246916.386304985033348, 2693997.63723690668121 ], [ 246915.729788809432648, 2694040.249893311411142 ], [ 246951.765851515956456, 2694040.799868599977344 ], [ 246981.108634596719639, 2694041.248422109987587 ], [ 246981.765347325999755, 2693998.635786047205329 ], [ 246916.386304985033348, 2693997.63723690668121 ] ] ] } },
{ "type": "Feature", "properties": { "rank": 274, "osm_id": 1076847396, "area_m2": 1916.1869494988518, "albedo": 0.29479130109151203, "lst_c": 53.22979736328125, "lst_anomaly_c": -0.8326822916666643, "albedo_gap": 0.30520869890848795, "delta_T_est_c": 1.3908379177350099, "delta_T_lo_c": 0.89820992459448412, "delta_T_hi_c": 1.8456542055117922, "cooling_c_m2": 2665.1054668319834, "dQ_mean_kW": 175.45107771659073, "dQ_peak_kW": 555.59507943587062, "rank_benefit": 274, "rank_hottest": 2569, "rank_intensity": 368 }, "geometry": { "type": "Polygon", "coordinates": [ [ [ 247263.086871221166803, 2694907.212077144067734 ], [ 247261.156745952059282, 2694979.049675737507641 ], [ 247287.811537081870483, 2694979.757437229622155 ], [ 247289.741797077440424, 2694907.919854127336293 ], [ 247263.086871221166803, 2694907.212077144067734 ] ] ] } },
{ "type": "Feature", "properties": { "rank": 275, "osm_id": 1076703183, "area_m2": 2917.9106198389932, "albedo": 0.39985261644635883, "lst_c": 54.800092424665181, "lst_anomaly_c": 0.7376127697172663, "albedo_gap": 0.20014738355364114, "delta_T_est_c": 0.9120728576131516, "delta_T_lo_c": 0.58902110894094084, "delta_T_hi_c": 1.2103287406258336, "cooling_c_m2": 2661.3470772963128, "dQ_mean_kW": 175.2036528012473, "dQ_peak_kW": 554.81156720394983, "rank_benefit": 275, "rank_hottest": 679, "rank_intensity": 2682 }, "geometry": { "type": "Polygon", "coordinates": [ [ [ 247522.463496538082836, 2694541.154550836421549 ], [ 247559.725057597679552, 2694542.182692072819918 ], [ 247561.928052492323332, 2694463.934836636297405 ], [ 247524.666286391147878, 2694462.906671571545303 ], [ 247522.463496538082836, 2694541.154550836421549 ] ] ] } },
{ "type": "Feature", "properties": { "rank": 276, "osm_id": 1076847281, "area_m2": 3172.9776972495793, "albedo": 0.41669005155563354, "lst_c": 56.100410461425781, "lst_anomaly_c": 2.037930806477867, "albedo_gap": 0.18330994844436643, "delta_T_est_c": 0.83534456228234411, "delta_T_lo_c": 0.53946960082877948, "delta_T_hi_c": 1.1085096147929148, "cooling_c_m2": 2650.5296656405899, "dQ_mean_kW": 174.49151342938345, "dQ_peak_kW": 552.55645919304766, "rank_benefit": 276, "rank_hottest": 79, "rank_intensity": 3020 }, "geometry": { "type": "Polygon", "coordinates": [ [ [ 247857.38095748971682, 2693190.182344141416252 ], [ 247857.912344129144913, 2693165.381644078996032 ], [ 247875.658846352918772, 2693165.751449923031032 ], [ 247876.286187987658195, 2693136.66017380496487 ], [ 247809.271537407534197, 2693135.24303117999807 ], [ 247808.123381807352416, 2693189.145929051097482 ], [ 247857.38095748971682, 2693190.182344141416252 ] ] ] } },
{ "type": "Feature", "properties": { "rank": 277, "osm_id": 1077443282, "area_m2": 2683.9868365909579, "albedo": 0.3839227557182312, "lst_c": 56.265235900878906, "lst_anomaly_c": 2.202756245930992, "albedo_gap": 0.21607724428176878, "delta_T_est_c": 0.984665330908157, "delta_T_lo_c": 0.63590168296973781, "delta_T_hi_c": 1.3066595940753984, "cooling_c_m2": 2642.8287866049732, "dQ_mean_kW": 173.9845438017349, "dQ_peak_kW": 550.95105537216034, "rank_benefit": 277, "rank_hottest": 58, "rank_intensity": 2250 }, "geometry": { "type": "Polygon", "coordinates": [ [ [ 247917.994522623630473, 2693503.238670685794204 ], [ 247915.295180391549366, 2693592.499788091983646 ], [ 247945.337033913499909, 2693593.39231466781348 ], [ 247948.036564538342645, 2693504.131219538860023 ], [ 247917.994522623630473, 2693503.238670685794204 ] ] ] } },
{ "type": "Feature", "properties": { "rank": 278, "osm_id": 482265892, "area_m2": 2573.2582464307939, "albedo": 0.37478699002947125, "lst_c": 50.753156389508931, "lst_anomaly_c": -3.3093232654389837, "albedo_gap": 0.22521300997052873, "delta_T_est_c": 1.0262970713300761, "delta_T_lo_c": 0.662787664397398, "delta_T_hi_c": 1.3619052814504027, "cooling_c_m2": 2640.9274020878911, "dQ_mean_kW": 173.85937053304909, "dQ_peak_kW": 550.55467335465551, "rank_benefit": 278, "rank_hottest": 3486, "rank_intensity": 2016 }, "geometry": { "type": "Polygon", "coordinates": [ [ [ 248135.875776990695158, 2696521.855276912916452 ], [ 248136.455545728327706, 2696499.779913508798927 ], [ 248252.94346802009386, 2696502.794846295844764 ], [ 248252.363518192520132, 2696524.870189057197422 ], [ 248135.875776990695158, 2696521.855276912916452 ] ] ] } },
{ "type": "Feature", "properties": { "rank": 279, "osm_id": 1153928514, "area_m2": 3223.9294741900208, "albedo": 0.42049288749694824, "lst_c": 53.426017761230469, "lst_anomaly_c": -0.63646189371744555, "albedo_gap": 0.17950711250305174, "delta_T_est_c": 0.81801501551312883, "delta_T_lo_c": 0.52827809483203325, "delta_T_hi_c": 1.0855131531158402, "cooling_c_m2": 2637.2227188427833, "dQ_mean_kW": 173.61548124759972, "dQ_peak_kW": 549.78235728406582, "rank_benefit": 279, "rank_hottest": 2455, "rank_intensity": 3072 }, "geometry": { "type": "Polygon", "coordinates": [ [ [ 250300.387432288145646, 2696195.071552695240825 ], [ 250371.613872443675064, 2696196.180500377435237 ], [ 250372.487863841437502, 2696141.818006529007107 ], [ 250305.545380184281385, 2696140.710650808177888 ], [ 250311.065590093610808, 2696156.028101529926062 ], [ 250323.335965595848393, 2696160.409676073584706 ], [ 250323.435107101046015, 2696181.464065122883767 ], [ 250300.614780442439951, 2696180.982065339107066 ], [ 250300.387432288145646, 2696195.071552695240825 ] ] ] } },
{ "type": "Feature", "properties": { "rank": 280, "osm_id": 1076860336, "area_m2": 2268.3800740543411, "albedo": 0.34605542818705243, "lst_c": 55.505620320638023, "lst_anomaly_c": 1.4431406656901089, "albedo_gap": 0.25394457181294755, "delta_T_est_c": 1.1572269753239532, "delta_T_lo_c": 0.74734283627897857, "delta_T_hi_c": 1.5356504208747617, "cooling_c_m2": 2625.0306119830302, "dQ_mean_kW": 172.81284198442555, "dQ_peak_kW": 547.24066628401431, "rank_benefit": 280, "rank_hottest": 211, "rank_intensity": 1227 }, "geometry": { "type": "Polygon", "coordinates": [ [ [ 248645.841686394647695, 2695547.850327017251402 ], [ 248646.868693842581706, 2695491.035159760154784 ], [ 248606.955779520212673, 2695490.328792782500386 ], [ 248605.92893205981818, 2695547.143976926337928 ], [ 248645.841686394647695, 2695547.850327017251402 ] ] ] } },
{ "type": "Feature", "properties": { "rank": 281, "osm_id": 490980036, "area_m2": 2890.4980482781275, "albedo": 0.40164569020271301, "lst_c": 53.879634857177734, "lst_anomaly_c": -0.18284479777017992, "albedo_gap": 0.19835430979728697, "delta_T_est_c": 0.90390180947936072, "delta_T_lo_c": 0.58374420612248568, "delta_T_hi_c": 1.1994856875574145, "cooling_c_m2": 2612.72641613516, "dQ_mean_kW": 172.00282360098393, "dQ_peak_kW": 544.67560806978236, "rank_benefit": 281, "rank_hottest": 2054, "rank_intensity": 2717 }, "geometry": { "type": "Polygon", "coordinates": [ [ [ 245100.064578999736113, 2698103.345515935216099 ], [ 245100.703529169928515, 2698073.610292703844607 ], [ 245197.867430321697611, 2698075.663155274000019 ], [ 245197.228276307723718, 2698105.398356053046882 ], [ 245100.064578999736113, 2698103.345515935216099 ] ] ] } },
{ "type": "Feature", "properties": { "rank": 282, "osm_id": 1077278340, "area_m2": 2719.0074796908839, "albedo": 0.38936432202657062, "lst_c": 55.071889241536461, "lst_anomaly_c": 1.0094095865885464, "albedo_gap": 0.21063567797342936, "delta_T_est_c": 0.95986807977942346, "delta_T_lo_c": 0.61988749700135248, "delta_T_hi_c": 1.2737534227327223, "cooling_c_m2": 2609.8884884367785, "dQ_mean_kW": 171.81599516985443, "dQ_peak_kW": 544.08398470453903, "rank_benefit": 282, "rank_hottest": 432, "rank_intensity": 2407 }, "geometry": { "type": "Polygon", "coordinates": [ [ [ 245277.985115381685318, 2695966.078144645318389 ], [ 245279.927961372450227, 2695911.261733401101083 ], [ 245230.391850086511113, 2695909.531034699641168 ], [ 245228.449395127332537, 2695964.358548641670495 ], [ 245277.985115381685318, 2695966.078144645318389 ] ] ] } },
{ "type": "Feature", "properties": { "rank": 283, "osm_id": 1392676939, "area_m2": 3092.7483292175293, "albedo": 0.41501530011494953, "lst_c": 53.295277913411461, "lst_anomaly_c": -0.7672017415364536, "albedo_gap": 0.18498469988505045, "delta_T_est_c": 0.84297641489603081, "delta_T_lo_c": 0.54439828854518801, "delta_T_hi_c": 1.1186371506421213, "cooling_c_m2": 2607.113898739482, "dQ_mean_kW": 171.63333645008876, "dQ_peak_kW": 543.50556542528102, "rank_benefit": 283, "rank_hottest": 2538, "rank_intensity": 2994 }, "geometry": { "type": "Polygon", "coordinates": [ [ [ 248691.721672643965576, 2695925.714348745532334 ], [ 248692.539685601514066, 2695878.810488898307085 ], [ 248708.414729726384394, 2695879.757402662653476 ], [ 248707.920402008516248, 2695887.900637981016189 ], [ 248775.500651210721117, 2695895.04012481123209 ], [ 248775.386573831812711, 2695926.781883843708783 ], [ 248691.721672643965576, 2695925.714348745532334 ] ] ] } },
{ "type": "Feature", "properties": { "rank": 284, "osm_id": 842543055, "area_m2": 2414.5524551859171, "albedo": 0.3637491762638092, "lst_c": 53.852954864501953, "lst_anomaly_c": -0.20952479044596117, "albedo_gap": 0.23625082373619077, "delta_T_est_c": 1.0765964565346349, "delta_T_lo_c": 0.69527125318631355, "delta_T_hi_c": 1.428653010034503, "cooling_c_m2": 2599.4986173701609, "dQ_mean_kW": 171.13200194757442, "dQ_peak_kW": 541.91800616731905, "rank_benefit": 284, "rank_hottest": 2083, "rank_intensity": 1693 }, "geometry": { "type": "Polygon", "coordinates": [ [ [ 245279.049413566506701, 2698334.912402144167572 ], [ 245281.171517966053216, 2698316.997702669817954 ], [ 245418.470458925352432, 2698321.284506488125771 ], [ 245416.881324814021355, 2698338.369410330429673 ], [ 245279.049413566506701, 2698334.912402144167572 ] ] ] } },
{ "type": "Feature", "properties": { "rank": 285, "osm_id": 1072959506, "area_m2": 2192.671073507905, "albedo": 0.34088322520256042, "lst_c": 55.591705322265625, "lst_anomaly_c": 1.5292256673177107, "albedo_gap": 0.25911677479743955, "delta_T_est_c": 1.1807967361295277, "delta_T_lo_c": 0.76256430299766109, "delta_T_hi_c": 1.5669277017131775, "cooling_c_m2": 2589.0988470037619, "dQ_mean_kW": 170.4473570277024, "dQ_peak_kW": 539.74996392105743, "rank_benefit": 285, "rank_hottest": 176, "rank_intensity": 1098 }, "geometry": { "type": "Polygon", "coordinates": [ [ [ 244303.9564749377314, 2695489.849038313142955 ], [ 244396.454254230746301, 2695492.237882844638079 ], [ 244395.838181108643766, 2695515.921632048673928 ], [ 244303.340757086756639, 2695513.543884292244911 ], [ 244303.9564749377314, 2695489.849038313142955 ] ] ] } },
{ "type": "Feature", "properties": { "rank": 286, "osm_id": 1076847397, "area_m2": 1980.6011209840133, "albedo": 0.31335987647374469, "lst_c": 53.669881184895836, "lst_anomaly_c": -0.3925984700520786, "albedo_gap": 0.28664012352625529, "delta_T_est_c": 1.3062208055350935, "delta_T_lo_c": 0.84356377999392351, "delta_T_hi_c": 1.733366549992327, "cooling_c_m2": 2587.1023916954468, "dQ_mean_kW": 170.31592499252918, "dQ_peak_kW": 539.33376247634237, "rank_benefit": 286, "rank_hottest": 2274, "rank_intensity": 584 }, "geometry": { "type": "Polygon", "coordinates": [ [ [ 247216.417313024227042, 2694977.114838331472129 ], [ 247243.976063079258893, 2694977.839548729825765 ], [ 247245.906698239647085, 2694906.035176783334464 ], [ 247218.337658917473163, 2694905.310632447246462 ], [ 247216.417313024227042, 2694977.114838331472129 ] ] ] } },
{ "type": "Feature", "properties": { "rank": 287, "osm_id": 1154181075, "area_m2": 2693.6740306446723, "albedo": 0.38943059103829519, "lst_c": 52.548235212053569, "lst_anomaly_c": -1.5142444428943449, "albedo_gap": 0.21056940896170478, "delta_T_est_c": 0.95956609148548899, "delta_T_lo_c": 0.61969247148524842, "delta_T_hi_c": 1.273352681598469, "cooling_c_m2": 2584.7582613216714, "dQ_mean_kW": 170.1616045705025, "dQ_peak_kW": 538.84508113992456, "rank_benefit": 287, "rank_hottest": 2874, "rank_intensity": 2409 }, "geometry": { "type": "Polygon", "coordinates": [ [ [ 249962.25289775771671, 2698203.041708566714078 ], [ 249967.675391856289934, 2698203.155922314152122 ], [ 249966.689619804237736, 2698249.364221529103816 ], [ 249969.695232243044302, 2698249.421638790518045 ], [ 249969.574351282557473, 2698255.186552458442748 ], [ 249977.240787381015252, 2698255.338472343049943 ], [ 249977.284763078117976, 2698253.243147375062108 ], [ 249980.300521854311228, 2698253.300386526156217 ], [ 249981.368474240240175, 2698203.145354998763651 ], [ 250015.802187249239068, 2698203.863475030753762 ], [ 250014.7333257147111, 2698253.974178399425 ], [ 250017.688198707910487, 2698254.032507156487554 ], [ 250017.631401093560271, 2698256.54918420035392 ], [ 250026.282921791484114, 2698256.727959530428052 ], [ 250026.424427794059739, 2698250.408570505678654 ], [ 250029.13556583787431, 2698250.460149290505797 ], [ 250030.101923209032975, 2698204.861743628513068 ], [ 250035.646183005126659, 2698204.973820347338915 ], [ 250035.988399850670248, 2698188.809841817710549 ], [ 250016.735580933629535, 2698188.409337066113949 ], [ 250016.86674281526939, 2698182.079049661289901 ], [ 250004.95566578238504, 2698181.836277539376169 ], [ 250004.784180518123321, 2698189.896111119538546 ], [ 249993.380679984111339, 2698189.655414361972362 ], [ 249993.545947806705954, 2698181.817335202824324 ], [ 249981.898899760417407, 2698181.580973932053894 ], [ 249981.769633867923403, 2698187.44577553216368 ], [ 249962.597983719169861, 2698187.043902152683586 ], [ 249962.25289775771671, 2698203.041708566714078 ] ] ] } },
{ "type": "Feature", "properties": { "rank": 288, "osm_id": 1036231411, "area_m2": 2363.3831538127356, "albedo": 0.36051309108734131, "lst_c": 53.325050354003906, "lst_anomaly_c": -0.73742930094400805, "albedo_gap": 0.23948690891265867, "delta_T_est_c": 1.0913433165833428, "delta_T_lo_c": 0.70479484747681609, "delta_T_hi_c": 1.4482222236142677, "cooling_c_m2": 2579.2624094391917, "dQ_mean_kW": 169.79979782485881, "dQ_peak_kW": 537.69935977871944, "rank_benefit": 288, "rank_hottest": 2519, "rank_intensity": 1595 }, "geometry": { "type": "Polygon", "coordinates": [ [ [ 246357.896932198229479, 2694146.106192449107766 ], [ 246444.360074255557265, 2694147.941892306786031 ], [ 246445.313222755939933, 2694120.772688129916787 ], [ 246358.491253781190608, 2694118.755019276868552 ], [ 246357.896932198229479, 2694146.106192449107766 ] ] ] } },
{ "type": "Feature", "properties": { "rank": 289, "osm_id": 633556085, "area_m2": 2281.9020734780333, "albedo": 0.35333359241485596, "lst_c": 55.411880493164062, "lst_anomaly_c": 1.3494008382161482, "albedo_gap": 0.24666640758514402, "delta_T_est_c": 1.1240603361824952, "delta_T_lo_c": 0.72592365862899366, "delta_T_hi_c": 1.4916379976918996, "cooling_c_m2": 2564.995611849251, "dQ_mean_kW": 168.86057607777536, "dQ_peak_kW": 534.72515757962185, "rank_benefit": 289, "rank_hottest": 249, "rank_intensity": 1414 }, "geometry": { "type": "Polygon", "coordinates": [ [ [ 244469.340636622917373, 2694532.399347214493901 ], [ 244530.909552007127786, 2694533.31132381549105 ], [ 244531.476774615934119, 2694496.262863509822637 ], [ 244469.907497403532034, 2694495.33979112887755 ], [ 244469.340636622917373, 2694532.399347214493901 ] ] ] } },
{ "type": "Feature", "properties": { "rank": 290, "osm_id": 1026140674, "area_m2": 2343.4418175389037, "albedo": 0.35985064506530762, "lst_c": 53.770868937174477, "lst_anomaly_c": -0.2916107177734375, "albedo_gap": 0.24014935493469236, "delta_T_est_c": 1.0943620871793063, "delta_T_lo_c": 0.70674438428106423, "delta_T_hi_c": 1.4522281588673047, "cooling_c_m2": 2564.5738786251418, "dQ_mean_kW": 168.83281224268524, "dQ_peak_kW": 534.63723876850315, "rank_benefit": 290, "rank_hottest": 2179, "rank_intensity": 1574 }, "geometry": { "type": "Polygon", "coordinates": [ [ [ 244826.701846575888339, 2698423.490691397804767 ], [ 244956.788623842177913, 2698426.961675546132028 ], [ 244957.274315146438312, 2698408.954631624743342 ], [ 244827.187573759176303, 2698405.494707393459976 ], [ 244826.701846575888339, 2698423.490691397804767 ] ] ] } },
{ "type": "Feature", "properties": { "rank": 291, "osm_id": 483061348, "area_m2": 2733.6443127707967, "albedo": 0.39449262619018555, "lst_c": 52.917682647705078, "lst_anomaly_c": -1.1447970072428362, "albedo_gap": 0.20550737380981443, "delta_T_est_c": 0.93649836617053128, "delta_T_lo_c": 0.6047952217399607, "delta_T_hi_c": 1.2427416062918106, "cooling_c_m2": 2560.0534326012157, "dQ_mean_kW": 168.53521909429841, "dQ_peak_kW": 533.69486046527823, "rank_benefit": 291, "rank_hottest": 2713, "rank_intensity": 2551 }, "geometry": { "type": "Polygon", "coordinates": [ [ [ 248063.870407073234674, 2698577.430330567061901 ], [ 248096.996379957272438, 2698578.255759032908827 ], [ 248099.103274612338282, 2698495.798226022627205 ], [ 248065.96696177587728, 2698494.972957445774227 ], [ 248063.870407073234674, 2698577.430330567061901 ] ] ] } },
{ "type": "Feature", "properties": { "rank": 292, "osm_id": 1154654146, "area_m2": 2744.0058456358233, "albedo": 0.39545460542043048, "lst_c": 52.636444091796875, "lst_anomaly_c": -1.4260355631510393, "albedo_gap": 0.20454539457956949, "delta_T_est_c": 0.93211462090284036, "delta_T_lo_c": 0.60196417762178889, "delta_T_hi_c": 1.2369243375892272, "cooling_c_m2": 2557.7279685600133, "dQ_mean_kW": 168.38212752726744, "dQ_peak_kW": 533.21007050301353, "rank_benefit": 292, "rank_hottest": 2844, "rank_intensity": 2583 }, "geometry": { "type": "Polygon", "coordinates": [ [ [ 250007.568851334770443, 2694812.730568734928966 ], [ 250008.667472677159822, 2694761.910329214762896 ], [ 249951.189144458359806, 2694760.691490427125245 ], [ 249950.637806637270842, 2694786.267891521099955 ], [ 249957.707081850821851, 2694786.419511108193547 ], [ 249957.170338095573243, 2694811.674269147682935 ], [ 250007.568851334770443, 2694812.730568734928966 ] ] ] } },
{ "type": "Feature", "properties": { "rank": 293, "osm_id": 1076703160, "area_m2": 2605.1628338473497, "albedo": 0.38481991291046141, "lst_c": 53.833038330078125, "lst_anomaly_c": -0.2294413248697893, "albedo_gap": 0.21518008708953856, "delta_T_est_c": 0.980576980066307, "delta_T_lo_c": 0.63326140601542946, "delta_T_hi_c": 1.3012343163858482, "cooling_c_m2": 2554.5627041950165, "dQ_mean_kW": 168.17374964091053, "dQ_peak_kW": 532.55020719621666, "rank_benefit": 293, "rank_hottest": 2103, "rank_intensity": 2274 }, "geometry": { "type": "Polygon", "coordinates": [ [ [ 247408.994514956779312, 2693893.327202139422297 ], [ 247218.746030524576781, 2693888.070810821838677 ], [ 247218.361822652746923, 2693901.75338823441416 ], [ 247372.830038540734677, 2693906.02178399078548 ], [ 247408.61012407229282, 2693907.009758277330548 ], [ 247408.994514956779312, 2693893.327202139422297 ] ] ] } },
{ "type": "Feature", "properties": { "rank": 294, "osm_id": 1076781194, "area_m2": 3032.1700976352513, "albedo": 0.4154202938079834, "lst_c": 54.452443440755211, "lst_anomaly_c": 0.3899637858072964, "albedo_gap": 0.18457970619201658, "delta_T_est_c": 0.8411308561464621, "delta_T_lo_c": 0.54320641768507782, "delta_T_hi_c": 1.1161880778751034, "cooling_c_m2": 2550.4518302056404, "dQ_mean_kW": 167.90311972371987, "dQ_peak_kW": 531.69321245844628, "rank_benefit": 294, "rank_hottest": 1120, "rank_intensity": 3002 }, "geometry": { "type": "Polygon", "coordinates": [ [ [ 244824.104121764452429, 2696345.827879393938929 ], [ 244871.345920616033254, 2696347.077675705309957 ], [ 244873.067219988733996, 2696282.933440542314202 ], [ 244825.825408556876937, 2696281.694698541425169 ], [ 244824.104121764452429, 2696345.827879393938929 ] ] ] } },
{ "type": "Feature", "properties": { "rank": 295, "osm_id": 1036526074, "area_m2": 2338.7518271280219, "albedo": 0.3607501718733046, "lst_c": 56.21978759765625, "lst_anomaly_c": 2.1573079427083357, "albedo_gap": 0.23924982812669537, "delta_T_est_c": 1.0902629379838358, "delta_T_lo_c": 0.70409713369721394, "delta_T_hi_c": 1.4467885516670917, "cooling_c_m2": 2549.854438259661, "dQ_mean_kW": 167.86379180141219, "dQ_peak_kW": 531.56867403780529, "rank_benefit": 295, "rank_hottest": 61, "rank_intensity": 1601 }, "geometry": { "type": "Polygon", "coordinates": [ [ [ 248619.113189611758571, 2695034.207811000291258 ], [ 248617.927515418676194, 2695082.137774798087776 ], [ 248666.693327420071, 2695083.318071295972914 ], [ 248667.868818735762034, 2695035.37722824793309 ], [ 248619.113189611758571, 2695034.207811000291258 ] ] ] } },
{ "type": "Feature", "properties": { "rank": 296, "osm_id": 1392676940, "area_m2": 2459.0584646965208, "albedo": 0.37312602996826172, "lst_c": 53.201004028320312, "lst_anomaly_c": -0.8614756266276018, "albedo_gap": 0.22687397003173826, "delta_T_est_c": 1.0338660765426908, "delta_T_lo_c": 0.66767576495504555, "delta_T_hi_c": 1.3719494182431016, "cooling_c_m2": 2542.337126884885, "dQ_mean_kW": 167.36890692775526, "dQ_peak_kW": 530.00153860455816, "rank_benefit": 296, "rank_hottest": 2590, "rank_intensity": 1963 }, "geometry": { "type": "Polygon", "coordinates": [ [ [ 248447.241493023349904, 2696801.593620692379773 ], [ 248459.650189369625878, 2696801.770901544950902 ], [ 248459.568386238795938, 2696804.010996658820659 ], [ 248473.026737137639429, 2696804.413348804693669 ], [ 248473.656879256071988, 2696790.815138436853886 ], [ 248471.390378823620267, 2696790.66722677461803 ], [ 248472.17877523828065, 2696778.540141195058823 ], [ 248461.516356086503947, 2696778.941179802175611 ], [ 248456.222246931953123, 2696774.115195875987411 ], [ 248457.765196966938674, 2696772.403115082066506 ], [ 248458.60170324970386, 2696770.925301700364798 ], [ 248458.893208450113889, 2696769.058260168880224 ], [ 248458.858968659915263, 2696767.141626212745905 ], [ 248458.333582408580696, 2696765.577319053933024 ], [ 248456.092992117570248, 2696762.902171902824193 ], [ 248460.235109757399186, 2696757.796790421940386 ], [ 248470.165206115256296, 2696757.88537526037544 ], [ 248470.768335068627493, 2696733.681845545303077 ], [ 248452.399560966412537, 2696733.45586983114481 ], [ 248452.383943757362431, 2696746.788209663704038 ], [ 248443.853211808076594, 2696752.293385410681367 ], [ 248433.760225931502646, 2696740.815076692961156 ], [ 248412.27654328380595, 2696760.570868009701371 ], [ 248411.889100400090683, 2696762.749931069556624 ], [ 248412.219437929947162, 2696764.761016083881259 ], [ 248412.806117083440768, 2696766.346391594503075 ], [ 248413.870374749094481, 2696767.956480908673257 ], [ 248415.13542692354531, 2696769.441076721996069 ], [ 248435.264068901131395, 2696790.326298329047859 ], [ 248440.521922330663074, 2696785.167728123255074 ], [ 248447.006423537473893, 2696791.8453557821922 ], [ 248447.241493023349904, 2696801.593620692379773 ] ] ] } },
{ "type": "Feature", "properties": { "rank": 297, "osm_id": 1077278346, "area_m2": 2552.7190117558139, "albedo": 0.38230487704277039, "lst_c": 54.641746520996094, "lst_anomaly_c": 0.57926686604817945, "albedo_gap": 0.21769512295722959, "delta_T_est_c": 0.99203801398099589, "delta_T_lo_c": 0.64066299773005009, "delta_T_hi_c": 1.3164432096540206, "cooling_c_m2": 2532.3942986737679, "dQ_mean_kW": 166.71434374183187, "dQ_peak_kW": 527.92875518246751, "rank_benefit": 297, "rank_hottest": 848, "rank_intensity": 2209 }, "geometry": { "type": "Polygon", "coordinates": [ [ [ 245153.471984216012061, 2695774.706189237535 ], [ 245150.711633875878761, 2695852.777674143202603 ], [ 245183.36332188101369, 2695853.915853888262063 ], [ 245186.134000717836898, 2695775.844207645393908 ], [ 245153.471984216012061, 2695774.706189237535 ] ] ] } },
{ "type": "Feature", "properties": { "rank": 298, "osm_id": 1026140673, "area_m2": 4105.6748673037791, "albedo": 0.46522386868794757, "lst_c": 53.889114379882812, "lst_anomaly_c": -0.1733652750651018, "albedo_gap": 0.13477613131205241, "delta_T_est_c": 0.61417565916310823, "delta_T_lo_c": 0.39663764229482856, "delta_T_hi_c": 0.81501652622713372, "cooling_c_m2": 2521.6055679357055, "dQ_mean_kW": 166.00409251209825, "dQ_peak_kW": 525.67962628831117, "rank_benefit": 298, "rank_hottest": 2043, "rank_intensity": 3497 }, "geometry": { "type": "Polygon", "coordinates": [ [ [ 244824.651239645376336, 2698459.867959946393967 ], [ 244956.916596507420763, 2698464.263592344243079 ], [ 244957.968588970543351, 2698433.257404531817883 ], [ 244825.702943747251993, 2698428.861736692488194 ], [ 244824.651239645376336, 2698459.867959946393967 ] ] ] } },
{ "type": "Feature", "properties": { "rank": 299, "osm_id": 541596242, "area_m2": 2140.2721491497182, "albedo": 0.34159314632415771, "lst_c": 54.314525604248047, "lst_anomaly_c": 0.25204594930013258, "albedo_gap": 0.25840685367584226, "delta_T_est_c": 1.1775616212129161, "delta_T_lo_c": 0.76047504997381743, "delta_T_hi_c": 1.5626346756351412, "cooling_c_m2": 2520.3023417895943, "dQ_mean_kW": 165.91829762154353, "dQ_peak_kW": 525.40794246822111, "rank_benefit": 299, "rank_hottest": 1364, "rank_intensity": 1119 }, "geometry": { "type": "Polygon", "coordinates": [ [ [ 244735.852891798276687, 2697305.888500745408237 ], [ 244808.039529658592073, 2697307.416903181001544 ], [ 244808.679919365706155, 2697277.781354106031358 ], [ 244736.493130625865888, 2697276.252935009077191 ], [ 244735.852891798276687, 2697305.888500745408237 ] ] ] } },
{ "type": "Feature", "properties": { "rank": 300, "osm_id": 1077278341, "area_m2": 2591.5506914645866, "albedo": 0.38664646943410236, "lst_c": 55.36541748046875, "lst_anomaly_c": 1.3029378255208357, "albedo_gap": 0.21335353056589762, "delta_T_est_c": 0.97225335075609598, "delta_T_lo_c": 0.6278859655275455, "delta_T_hi_c": 1.2901887867481963, "cooling_c_m2": 2519.643843430722, "dQ_mean_kW": 165.87494689933882, "dQ_peak_kW": 525.27066518123968, "rank_benefit": 300, "rank_hottest": 266, "rank_intensity": 2333 }, "geometry": { "type": "Polygon", "coordinates": [ [ [ 245372.401449070690433, 2695946.771871299948543 ], [ 245310.044742973259417, 2695944.596636897418648 ], [ 245308.571858508570585, 2695986.105422080494463 ], [ 245370.928382883372251, 2695988.280633869115263 ], [ 245372.401449070690433, 2695946.771871299948543 ] ] ] } },
{ "type": "Feature", "properties": { "rank": 301, "osm_id": 1076847199, "area_m2": 2677.0523488944323, "albedo": 0.39363819360733032, "lst_c": 54.832729339599609, "lst_anomaly_c": 0.77024968465169508, "albedo_gap": 0.20636180639266966, "delta_T_est_c": 0.9403920207047346, "delta_T_lo_c": 0.60730976286726845, "delta_T_hi_c": 1.2479085202608844, "cooling_c_m2": 2517.4786679091912, "dQ_mean_kW": 165.73240755767833, "dQ_peak_kW": 524.81929059931463, "rank_benefit": 301, "rank_hottest": 644, "rank_intensity": 2531 }, "geometry": { "type": "Polygon", "coordinates": [ [ [ 246725.705706130771432, 2694729.444995223544538 ], [ 246726.856199035508325, 2694695.722563033457845 ], [ 246678.242817437712802, 2694694.113846122287214 ], [ 246647.550728031492326, 2694693.091867526993155 ], [ 246646.410573087137891, 2694726.814140260219574 ], [ 246725.705706130771432, 2694729.444995223544538 ] ] ] } },
{ "type": "Feature", "properties": { "rank": 302, "osm_id": 1026166944, "area_m2": 3009.8085694087977, "albedo": 0.41658377647399902, "lst_c": 52.555747985839844, "lst_anomaly_c": -1.5067316691080705, "albedo_gap": 0.18341622352600095, "delta_T_est_c": 0.83582885848286614, "delta_T_lo_c": 0.53978236168193539, "delta_T_hi_c": 1.109152280129982, "cooling_c_m2": 2515.6848608209039, "dQ_mean_kW": 165.61431640114716, "dQ_peak_kW": 524.44533527029932, "rank_benefit": 302, "rank_hottest": 2872, "rank_intensity": 3016 }, "geometry": { "type": "Polygon", "coordinates": [ [ [ 248512.960078794276342, 2698140.586155930999666 ], [ 248555.593167347833514, 2698142.26244425913319 ], [ 248557.033566021738807, 2698070.622521522454917 ], [ 248515.493388180912007, 2698069.336722889915109 ], [ 248512.960078794276342, 2698140.586155930999666 ] ] ] } },
{ "type": "Feature", "properties": { "rank": 303, "osm_id": 482146963, "area_m2": 3059.5784844366312, "albedo": 0.41995128989219666, "lst_c": 56.111614227294922, "lst_anomaly_c": 2.0491345723470076, "albedo_gap": 0.18004871010780332, "delta_T_est_c": 0.82048307912840868, "delta_T_lo_c": 0.52987198237673372, "delta_T_hi_c": 1.0887882953397667, "cooling_c_m2": 2510.3323757455973, "dQ_mean_kW": 165.26194787892098, "dQ_peak_kW": 523.32950161658312, "rank_benefit": 303, "rank_hottest": 77, "rank_intensity": 3063 }, "geometry": { "type": "Polygon", "coordinates": [ [ [ 247962.092990736884531, 2693330.463544534053653 ], [ 247923.084768627391895, 2693329.598222672939301 ], [ 247924.851520654978231, 2693251.2034274013713 ], [ 247963.85995804722188, 2693252.068773029837757 ], [ 247962.092990736884531, 2693330.463544534053653 ] ] ] } },
{ "type": "Feature", "properties": { "rank": 304, "osm_id": 1077278344, "area_m2": 2165.5167141524425, "albedo": 0.34648032188415528, "lst_c": 54.566430664062501, "lst_anomaly_c": 0.50395100911458712, "albedo_gap": 0.25351967811584469, "delta_T_est_c": 1.1552907321334718, "delta_T_lo_c": 0.74609240096373264, "delta_T_hi_c": 1.5330810090534148, "cooling_c_m2": 2501.8013901404456, "dQ_mean_kW": 164.70033009792266, "dQ_peak_kW": 521.5510453100884, "rank_benefit": 304, "rank_hottest": 951, "rank_intensity": 1240 }, "geometry": { "type": "Polygon", "coordinates": [ [ [ 245217.496323118073633, 2695775.853218123316765 ], [ 245216.585824890702497, 2695801.293170812074095 ], [ 245301.60840208211448, 2695804.255136340856552 ], [ 245302.508902626752388, 2695778.815386114176363 ], [ 245217.496323118073633, 2695775.853218123316765 ] ] ] } },
{ "type": "Feature", "properties": { "rank": 305, "osm_id": 1076780874, "area_m2": 2307.123960964087, "albedo": 0.36236027876536053, "lst_c": 54.607462565104164, "lst_anomaly_c": 0.54498291015625, "albedo_gap": 0.23763972123463944, "delta_T_est_c": 1.0829256709757635, "delta_T_lo_c": 0.69935869080461388, "delta_T_hi_c": 1.4370519335193319, "cooling_c_m2": 2498.4437634512951, "dQ_mean_kW": 164.47928848117883, "dQ_peak_kW": 520.85108019039967, "rank_benefit": 305, "rank_hottest": 890, "rank_intensity": 1646 }, "geometry": { "type": "Polygon", "coordinates": [ [ [ 245210.542792686144821, 2694871.993983544409275 ], [ 245253.8329061519471, 2694872.873725039418787 ], [ 245254.941210528981173, 2694819.601878365967423 ], [ 245211.650934542005416, 2694818.72211906965822 ], [ 245210.542792686144821, 2694871.993983544409275 ] ] ] } },
{ "type": "Feature", "properties": { "rank": 306, "osm_id": 1026166945, "area_m2": 3142.3904755356389, "albedo": 0.42592257923550075, "lst_c": 53.920888264973961, "lst_anomaly_c": -0.1415913899739536, "albedo_gap": 0.17407742076449922, "delta_T_est_c": 0.79327187687193412, "delta_T_lo_c": 0.51229885497255978, "delta_T_hi_c": 1.0526787895222363, "cooling_c_m2": 2492.7699903926459, "dQ_mean_kW": 164.10576870485167, "dQ_peak_kW": 519.66826756536364, "rank_benefit": 306, "rank_hottest": 2007, "rank_intensity": 3157 }, "geometry": { "type": "Polygon", "coordinates": [ [ [ 248366.222016319690738, 2698203.187076180242002 ], [ 248399.412828169064596, 2698204.189463309943676 ], [ 248402.299588998837862, 2698109.594153484795243 ], [ 248369.1087542657624, 2698108.602819065563381 ], [ 248366.222016319690738, 2698203.187076180242002 ] ] ] } },
{ "type": "Feature", "properties": { "rank": 307, "osm_id": 1076703186, "area_m2": 2199.0104770894195, "albedo": 0.3521210253238678, "lst_c": 55.267757415771484, "lst_anomaly_c": 1.2052777608235701, "albedo_gap": 0.24787897467613218, "delta_T_est_c": 1.1295860118725241, "delta_T_lo_c": 0.7294921669947686, "delta_T_hi_c": 1.4989706181543936, "cooling_c_m2": 2483.971474881334, "dQ_mean_kW": 163.5265387088993, "dQ_peak_kW": 517.83403924484765, "rank_benefit": 307, "rank_hottest": 302, "rank_intensity": 1383 }, "geometry": { "type": "Polygon", "coordinates": [ [ [ 247481.608178763679462, 2694723.194474046118557 ], [ 247480.817589989193948, 2694751.036536428146064 ], [ 247559.758495276852045, 2694753.212926809675992 ], [ 247560.539286942774197, 2694725.382143082097173 ], [ 247481.608178763679462, 2694723.194474046118557 ] ] ] } },
{ "type": "Feature", "properties": { "rank": 308, "osm_id": 1077042042, "area_m2": 2409.1504238040088, "albedo": 0.37394803762435913, "lst_c": 54.750312805175781, "lst_anomaly_c": 0.68783315022786695, "albedo_gap": 0.22605196237564085, "delta_T_est_c": 1.0301201825991124, "delta_T_lo_c": 0.66525664833930087, "delta_T_hi_c": 1.3669785838833182, "cooling_c_m2": 2481.7144744777147, "dQ_mean_kW": 163.3779542877009, "dQ_peak_kW": 517.36352191105277, "rank_benefit": 308, "rank_hottest": 740, "rank_intensity": 1988 }, "geometry": { "type": "Polygon", "coordinates": [ [ [ 245011.430910377413966, 2696630.295078950468451 ], [ 244961.145440068386961, 2696629.100041691679507 ], [ 244959.992462306719972, 2696676.986821298021823 ], [ 245010.267614055657759, 2696678.182023184839636 ], [ 245011.430910377413966, 2696630.295078950468451 ] ] ] } },
{ "type": "Feature", "properties": { "rank": 309, "osm_id": 1026166983, "area_m2": 2819.0342607255016, "albedo": 0.40691995620727539, "lst_c": 53.759328206380211, "lst_anomaly_c": -0.3031514485677036, "albedo_gap": 0.19308004379272459, "delta_T_est_c": 0.87986694686371303, "delta_T_lo_c": 0.56822237438180634, "delta_T_hi_c": 1.167591212507648, "cooling_c_m2": 2480.3750680887515, "dQ_mean_kW": 163.28977755422125, "dQ_peak_kW": 517.08429558836724, "rank_benefit": 309, "rank_hottest": 2186, "rank_intensity": 2832 }, "geometry": { "type": "Polygon", "coordinates": [ [ [ 247167.709391823620535, 2697758.585448669269681 ], [ 247247.04763791532605, 2697761.194487545173615 ], [ 247248.237427627813304, 2697725.698169078677893 ], [ 247168.889034542400623, 2697723.100367289036512 ], [ 247167.709391823620535, 2697758.585448669269681 ] ] ] } },
{ "type": "Feature", "properties": { "rank": 310, "osm_id": 1036597573, "area_m2": 2264.4029385961589, "albedo": 0.35965403914451599, "lst_c": 54.269878387451172, "lst_anomaly_c": 0.20739873250325758, "albedo_gap": 0.24034596085548399, "delta_T_est_c": 1.0952580215693355, "delta_T_lo_c": 0.7073229830887674, "delta_T_hi_c": 1.4534170717188561, "cooling_c_m2": 2480.1054825626184, "dQ_mean_kW": 163.2720300122626, "dQ_peak_kW": 517.02809503883157, "rank_benefit": 310, "rank_hottest": 1449, "rank_intensity": 1571 }, "geometry": { "type": "Polygon", "coordinates": [ [ [ 245325.542651346971979, 2696743.759701430331916 ], [ 245327.130193549004616, 2696679.418635176960379 ], [ 245291.957593547820579, 2696678.55866083316505 ], [ 245290.370210774708539, 2696742.899745161179453 ], [ 245325.542651346971979, 2696743.759701430331916 ] ] ] } },
{ "type": "Feature", "properties": { "rank": 311, "osm_id": 1154398433, "area_m2": 1639.6203050044146, "albedo": 0.26886013150215149, "lst_c": 52.705772399902344, "lst_anomaly_c": -1.3567072550455705, "albedo_gap": 0.33113986849784849, "delta_T_est_c": 1.5090064170113475, "delta_T_lo_c": 0.97452371894177414, "delta_T_hi_c": 2.0024648481232363, "cooling_c_m2": 2474.1975617137646, "dQ_mean_kW": 162.88309565566922, "dQ_peak_kW": 515.79646957628597, "rank_benefit": 311, "rank_hottest": 2815, "rank_intensity": 176 }, "geometry": { "type": "Polygon", "coordinates": [ [ [ 250514.935030985856429, 2694433.38479774678126 ], [ 250595.78006247675512, 2694434.192555056884885 ], [ 250595.808572083973559, 2694431.787227336782962 ], [ 250600.987701607198687, 2694431.839648215100169 ], [ 250601.105141321313567, 2694420.688943141605705 ], [ 250596.362856981926598, 2694420.650955871678889 ], [ 250596.422381614422193, 2694415.408052979037166 ], [ 250515.353547012753552, 2694414.582078085746616 ], [ 250515.314258086873451, 2694418.672083587385714 ], [ 250509.779667937371414, 2694418.614903641398996 ], [ 250509.656856563145993, 2694430.031683458015323 ], [ 250514.967942506540567, 2694430.081737066619098 ], [ 250514.935030985856429, 2694433.38479774678126 ] ] ] } },
{ "type": "Feature", "properties": { "rank": 312, "osm_id": 1077278350, "area_m2": 2328.8394203638099, "albedo": 0.36726260185241699, "lst_c": 54.304180145263672, "lst_anomaly_c": 0.24170049031575758, "albedo_gap": 0.23273739814758299, "delta_T_est_c": 1.0605857545223658, "delta_T_lo_c": 0.68493146357907853, "delta_T_hi_c": 1.4074066670024814, "cooling_c_m2": 2469.9339138079804, "dQ_mean_kW": 162.60240821969956, "dQ_peak_kW": 514.90762602904852, "rank_benefit": 312, "rank_hottest": 1388, "rank_intensity": 1788 }, "geometry": { "type": "Polygon", "coordinates": [ [ [ 245063.774935294350144, 2695843.899923237040639 ], [ 245066.120883827708894, 2695777.738596561830491 ], [ 245030.959638735308545, 2695776.513100010342896 ], [ 245028.624003010248998, 2695842.674263307824731 ], [ 245063.774935294350144, 2695843.899923237040639 ] ] ] } },
{ "type": "Feature", "properties": { "rank": 313, "osm_id": 482146962, "area_m2": 4143.7809849511405, "albedo": 0.46926901075575089, "lst_c": 56.198625352647568, "lst_anomaly_c": 2.1361456976996536, "albedo_gap": 0.13073098924424909, "delta_T_est_c": 0.59574192188547981, "delta_T_lo_c": 0.38473304467133485, "delta_T_hi_c": 0.790554793989376, "cooling_c_m2": 2468.6240478472987, "dQ_mean_kW": 162.51617621225145, "dQ_peak_kW": 514.63455800546285, "rank_benefit": 313, "rank_hottest": 66, "rank_intensity": 3513 }, "geometry": { "type": "Polygon", "coordinates": [ [ [ 247952.189295224612579, 2693193.939961456693709 ], [ 247892.972684383159503, 2693192.471732647623867 ], [ 247894.724859786685556, 2693122.920898236799985 ], [ 247953.951911608630326, 2693124.388978383503854 ], [ 247953.354395427595591, 2693147.772298801224679 ], [ 247954.433030269341543, 2693151.87564814183861 ], [ 247954.793156986066606, 2693155.548546227160841 ], [ 247954.834291354840389, 2693158.418135399930179 ], [ 247954.398264994437341, 2693161.861452024430037 ], [ 247953.622297726862598, 2693165.033786248415709 ], [ 247952.838951885787537, 2693168.361405120696872 ], [ 247952.189295224612579, 2693193.939961456693709 ] ] ] } },
{ "type": "Feature", "properties": { "rank": 314, "osm_id": 1076669425, "area_m2": 3770.4619748412233, "albedo": 0.45641744136810303, "lst_c": 54.348419189453125, "lst_anomaly_c": 0.2859395345052107, "albedo_gap": 0.14358255863189695, "delta_T_est_c": 0.65430660261269113, "delta_T_lo_c": 0.42255440170303954, "delta_T_hi_c": 0.86827064275963284, "cooling_c_m2": 2467.0381650386989, "dQ_mean_kW": 162.41177327159338, "dQ_peak_kW": 514.30394869337897, "rank_benefit": 314, "rank_hottest": 1303, "rank_intensity": 3437 }, "geometry": { "type": "Polygon", "coordinates": [ [ [ 248382.281899318943033, 2697973.328602215275168 ], [ 248380.133103664062219, 2698043.341101057361811 ], [ 248433.931774638040224, 2698044.972574742510915 ], [ 248436.09098311298294, 2697974.959925886243582 ], [ 248382.281899318943033, 2697973.328602215275168 ] ] ] } },
{ "type": "Feature", "properties": { "rank": 315, "osm_id": 633556116, "area_m2": 3449.4110147330534, "albedo": 0.44307291507720947, "lst_c": 55.149604797363281, "lst_anomaly_c": 1.087125142415367, "albedo_gap": 0.15692708492279051, "delta_T_est_c": 0.71511769097931543, "delta_T_lo_c": 0.46182649976694984, "delta_T_hi_c": 0.94896749431541072, "cooling_c_m2": 2466.7348400945184, "dQ_mean_kW": 162.39180457278684, "dQ_peak_kW": 514.24071448049176, "rank_benefit": 315, "rank_hottest": 370, "rank_intensity": 3340 }, "geometry": { "type": "Polygon", "coordinates": [ [ [ 245695.390577993035549, 2694635.61159127485007 ], [ 245735.012207106745336, 2694636.858305114787072 ], [ 245737.798865758901229, 2694549.87659420305863 ], [ 245698.187144951167284, 2694548.629667966160923 ], [ 245695.390577993035549, 2694635.61159127485007 ] ] ] } },
{ "type": "Feature", "properties": { "rank": 316, "osm_id": 1076847195, "area_m2": 2762.06546423802, "albedo": 0.40482704980032785, "lst_c": 54.590541294642854, "lst_anomaly_c": 0.5280616396949398, "albedo_gap": 0.19517295019967212, "delta_T_est_c": 0.8894043342300082, "delta_T_lo_c": 0.57438166575420369, "delta_T_hi_c": 1.1802474098098208, "cooling_c_m2": 2456.5929953203149, "dQ_mean_kW": 161.7241395899884, "dQ_peak_kW": 512.12644203496325, "rank_benefit": 316, "rank_hottest": 912, "rank_intensity": 2781 }, "geometry": { "type": "Polygon", "coordinates": [ [ [ 246340.99071262194775, 2694545.568270854186267 ], [ 246263.203305298433406, 2694543.854325134772807 ], [ 246263.056479089922504, 2694550.362392741255462 ], [ 246270.420865635416703, 2694550.529036580119282 ], [ 246269.648583623900777, 2694584.898671934846789 ], [ 246288.043978228059132, 2694585.29894907772541 ], [ 246288.220823146286421, 2694577.637762969825417 ], [ 246309.897171835822519, 2694578.111995982006192 ], [ 246309.720514647866366, 2694585.784259687177837 ], [ 246340.071398265194148, 2694586.445950958877802 ], [ 246340.99071262194775, 2694545.568270854186267 ] ] ] } },
{ "type": "Feature", "properties": { "rank": 317, "osm_id": 1076703087, "area_m2": 4001.3825729824666, "albedo": 0.46614678700764972, "lst_c": 54.211561414930557, "lst_anomaly_c": 0.14908175998264284, "albedo_gap": 0.13385321299235026, "delta_T_est_c": 0.60996991470495665, "delta_T_lo_c": 0.39392155196938511, "delta_T_hi_c": 0.80943546617152606, "cooling_c_m2": 2440.7229867440151, "dQ_mean_kW": 160.67937414159019, "dQ_peak_kW": 508.81801811503556, "rank_benefit": 317, "rank_hottest": 1562, "rank_intensity": 3500 }, "geometry": { "type": "Polygon", "coordinates": [ [ [ 245905.253018301940756, 2693057.433284860104322 ], [ 245906.802739537495654, 2692985.635081319604069 ], [ 245851.092792041017674, 2692984.466747731901705 ], [ 245849.543152762926184, 2693056.253903390374035 ], [ 245905.253018301940756, 2693057.433284860104322 ] ] ] } },
{ "type": "Feature", "properties": { "rank": 318, "osm_id": 1077376127, "area_m2": 2037.6362703625657, "albedo": 0.33734250068664551, "lst_c": 55.645131429036461, "lst_anomaly_c": 1.5826517740885464, "albedo_gap": 0.26265749931335447, "delta_T_est_c": 1.1969318395214037, "delta_T_lo_c": 0.77298443162382235, "delta_T_hi_c": 1.5883391264750795, "cooling_c_m2": 2438.9117293605982, "dQ_mean_kW": 160.56013418508655, "dQ_peak_kW": 508.44042491944066, "rank_benefit": 318, "rank_hottest": 158, "rank_intensity": 1008 }, "geometry": { "type": "Polygon", "coordinates": [ [ [ 248602.868707577348687, 2695703.924700766336173 ], [ 248642.867948262864957, 2695704.950839621946216 ], [ 248644.193055917741731, 2695654.037211724556983 ], [ 248604.193869566661306, 2695653.022135365288705 ], [ 248602.868707577348687, 2695703.924700766336173 ] ] ] } },
{ "type": "Feature", "properties": { "rank": 319, "osm_id": 1036597580, "area_m2": 2426.4554614375606, "albedo": 0.37973962511335102, "lst_c": 54.667035784040181, "lst_anomaly_c": 0.6045561290922663, "albedo_gap": 0.22026037488664896, "delta_T_est_c": 1.0037278827977727, "delta_T_lo_c": 0.64821237214280392, "delta_T_hi_c": 1.3319557688591228, "cooling_c_m2": 2435.5010030118156, "dQ_mean_kW": 160.33559687459817, "dQ_peak_kW": 507.72939010289417, "rank_benefit": 319, "rank_hottest": 820, "rank_intensity": 2150 }, "geometry": { "type": "Polygon", "coordinates": [ [ [ 245003.517167351121316, 2696809.965932672377676 ], [ 244955.273445289232768, 2696808.800504183862358 ], [ 244954.031590929575032, 2696859.060593747068197 ], [ 245002.27534280353575, 2696860.237081841565669 ], [ 245003.517167351121316, 2696809.965932672377676 ] ] ] } },
{ "type": "Feature", "properties": { "rank": 320, "osm_id": 1036597440, "area_m2": 3873.1105250239511, "albedo": 0.46214836835861206, "lst_c": 54.011131286621094, "lst_anomaly_c": -0.051348368326820548, "albedo_gap": 0.13785163164138792, "delta_T_est_c": 0.6281907330759553, "delta_T_lo_c": 0.40568864552239725, "delta_T_hi_c": 0.833614653138952, "cooling_c_m2": 2433.0521399989939, "dQ_mean_kW": 160.17438162059528, "dQ_peak_kW": 507.21887513188506, "rank_benefit": 320, "rank_hottest": 1876, "rank_intensity": 3479 }, "geometry": { "type": "Polygon", "coordinates": [ [ [ 244980.496784853254212, 2697200.314375191461295 ], [ 245036.066070795321139, 2697201.890123853459954 ], [ 245038.084001971437829, 2697132.254628608003259 ], [ 244982.514243004465243, 2697130.667768845334649 ], [ 244980.496784853254212, 2697200.314375191461295 ] ] ] } },
{ "type": "Feature", "properties": { "rank": 321, "osm_id": 1077375468, "area_m2": 2643.1055225457758, "albedo": 0.39812329411506653, "lst_c": 54.864677429199219, "lst_anomaly_c": 0.80219777425130445, "albedo_gap": 0.20187670588493345, "delta_T_est_c": 0.91995339011091115, "delta_T_lo_c": 0.59411039534183518, "delta_T_hi_c": 1.2207862768784032, "cooling_c_m2": 2431.5338858868577, "dQ_mean_kW": 160.07443085934506, "dQ_peak_kW": 506.90236438792607, "rank_benefit": 321, "rank_hottest": 607, "rank_intensity": 2643 }, "geometry": { "type": "Polygon", "coordinates": [ [ [ 245658.052728188456967, 2697144.868213445879519 ], [ 245659.315647693991195, 2697073.728466174565256 ], [ 245622.178517097927397, 2697073.080587415490299 ], [ 245620.905635587259894, 2697144.220537868328393 ], [ 245658.052728188456967, 2697144.868213445879519 ] ] ] } },
{ "type": "Feature", "properties": { "rank": 322, "osm_id": 1036597501, "area_m2": 2083.681193765216, "albedo": 0.34456300735473633, "lst_c": 53.917088826497398, "lst_anomaly_c": -0.1453908284505161, "albedo_gap": 0.25543699264526365, "delta_T_est_c": 1.1640279462341081, "delta_T_lo_c": 0.75173493653055046, "delta_T_hi_c": 1.5446753693621686, "cooling_c_m2": 2425.4631405851592, "dQ_mean_kW": 159.67477733006393, "dQ_peak_kW": 505.63679487853568, "rank_benefit": 322, "rank_hottest": 2014, "rank_intensity": 1180 }, "geometry": { "type": "Polygon", "coordinates": [ [ [ 246229.921098031365545, 2698061.935516757890582 ], [ 246231.00476891559083, 2698018.450220947619528 ], [ 246183.110945098596858, 2698017.285818891599774 ], [ 246182.02722120413091, 2698060.760052381549031 ], [ 246229.921098031365545, 2698061.935516757890582 ] ] ] } },
{ "type": "Feature", "properties": { "rank": 323, "osm_id": 1154407893, "area_m2": 3081.1211644061559, "albedo": 0.42799270153045654, "lst_c": 52.915401458740234, "lst_anomaly_c": -1.1470781962076799, "albedo_gap": 0.17200729846954343, "delta_T_est_c": 0.783838316844091, "delta_T_lo_c": 0.50620661580276105, "delta_T_hi_c": 1.0401603720155501, "cooling_c_m2": 2415.1008275008271, "dQ_mean_kW": 158.99259832405107, "dQ_peak_kW": 503.47656135949501, "rank_benefit": 323, "rank_hottest": 2715, "rank_intensity": 3185 }, "geometry": { "type": "Polygon", "coordinates": [ [ [ 250590.675176490069134, 2694643.159001578111202 ], [ 250632.975043266051216, 2694643.828975011128932 ], [ 250633.536723909521243, 2694578.024405668023974 ], [ 250629.463220825098688, 2694577.908086596056819 ], [ 250621.65218616562197, 2694567.972639202140272 ], [ 250592.40295649896143, 2694567.526082378346473 ], [ 250590.675176490069134, 2694643.159001578111202 ] ] ] } },
{ "type": "Feature", "properties": { "rank": 324, "osm_id": 1164090411, "area_m2": 3126.5776926671592, "albedo": 0.43050816655158997, "lst_c": 53.696434020996094, "lst_anomaly_c": -0.36604563395182055, "albedo_gap": 0.16949183344841001, "delta_T_est_c": 0.77237532727452607, "delta_T_lo_c": 0.49880376111666391, "delta_T_hi_c": 1.0249488835760783, "cooling_c_m2": 2414.8914686230296, "dQ_mean_kW": 158.97881566471685, "dQ_peak_kW": 503.4329162716034, "rank_benefit": 324, "rank_hottest": 2246, "rank_intensity": 3225 }, "geometry": { "type": "Polygon", "coordinates": [ [ [ 249478.837349711189745, 2696598.604148488957435 ], [ 249484.037212029274087, 2696598.722202030010521 ], [ 249483.893869947438361, 2696604.930816487409174 ], [ 249490.149978894827655, 2696605.074409833643585 ], [ 249490.285934338753577, 2696599.021078734192997 ], [ 249494.226375975558767, 2696599.106130002532154 ], [ 249495.640164803684456, 2696539.336535427719355 ], [ 249495.777900448651053, 2696533.382913854438812 ], [ 249497.398051799711538, 2696464.666275571100414 ], [ 249497.52781185155618, 2696458.834701429586858 ], [ 249498.943573814234696, 2696398.599631454329938 ], [ 249483.546743621845962, 2696398.241830168291926 ], [ 249482.119815486657899, 2696458.986890951637179 ], [ 249481.992327060142998, 2696464.375135256908834 ], [ 249480.373827122471994, 2696533.180411817040294 ], [ 249480.23373281036038, 2696539.001089096534997 ], [ 249478.837349711189745, 2696598.604148488957435 ] ] ] } },
{ "type": "Feature", "properties": { "rank": 325, "osm_id": 1026166948, "area_m2": 2435.4728637889289, "albedo": 0.38286542892456055, "lst_c": 54.002537318638396, "lst_anomaly_c": -0.059942336309518396, "albedo_gap": 0.21713457107543943, "delta_T_est_c": 0.98948357560869638, "delta_T_lo_c": 0.63901332894513441, "delta_T_hi_c": 1.3130534473643694, "cooling_c_m2": 2409.8603975598207, "dQ_mean_kW": 158.64760669340438, "dQ_peak_kW": 502.38408786244713, "rank_benefit": 325, "rank_hottest": 1889, "rank_intensity": 2223 }, "geometry": { "type": "Polygon", "coordinates": [ [ [ 248291.049941657111049, 2698179.629386941436678 ], [ 248326.997568727005273, 2698180.959099984262139 ], [ 248329.036930904490873, 2698113.929666338022798 ], [ 248292.368849450984271, 2698112.623898966237903 ], [ 248291.049941657111049, 2698179.629386941436678 ] ] ] } },
{ "type": "Feature", "properties": { "rank": 326, "osm_id": 454798771, "area_m2": 1777.5342497898951, "albedo": 0.30284067988395691, "lst_c": 54.737548828125, "lst_anomaly_c": 0.6750691731770857, "albedo_gap": 0.29715932011604307, "delta_T_est_c": 1.3541568490800788, "delta_T_lo_c": 0.8745211111889325, "delta_T_hi_c": 1.7969781033129888, "cooling_c_m2": 2407.0601788274062, "dQ_mean_kW": 158.46326074516378, "dQ_peak_kW": 501.80032569301864, "rank_benefit": 326, "rank_hottest": 758, "rank_intensity": 462 }, "geometry": { "type": "Polygon", "coordinates": [ [ [ 247522.376961436413694, 2694986.302575551904738 ], [ 247547.058613382629119, 2694986.824529365636408 ], [ 247548.60170479741646, 2694914.838903039693832 ], [ 247523.919927649432793, 2694914.316935533192009 ], [ 247522.376961436413694, 2694986.302575551904738 ] ] ] } },
{ "type": "Feature", "properties": { "rank": 327, "osm_id": 666704513, "area_m2": 2007.0179839525545, "albedo": 0.33738740285237628, "lst_c": 49.674687703450523, "lst_anomaly_c": -4.3877919514973911, "albedo_gap": 0.26261259714762369, "delta_T_est_c": 1.1967272200760533, "delta_T_lo_c": 0.77285228738599621, "delta_T_hi_c": 1.5880675946631948, "cooling_c_m2": 2401.8530525781853, "dQ_mean_kW": 158.12046158633041, "dQ_peak_kW": 500.71479502337968, "rank_benefit": 327, "rank_hottest": 3595, "rank_intensity": 1011 }, "geometry": { "type": "Polygon", "coordinates": [ [ [ 248464.04418804415036, 2696603.905823312234133 ], [ 248465.953785931196762, 2696573.273367538116872 ], [ 248532.444545895938063, 2696576.419021190609783 ], [ 248531.332714817777742, 2696605.685161223169416 ], [ 248464.04418804415036, 2696603.905823312234133 ] ] ] } },
{ "type": "Feature", "properties": { "rank": 328, "osm_id": 633556055, "area_m2": 3498.417507495777, "albedo": 0.45026707649230957, "lst_c": 55.802419026692711, "lst_anomaly_c": 1.7399393717447964, "albedo_gap": 0.14973292350769041, "delta_T_est_c": 0.68233385317190254, "delta_T_lo_c": 0.44065453708932284, "delta_T_hi_c": 0.90546305188504816, "cooling_c_m2": 2387.0886978936369, "dQ_mean_kW": 157.14848431434905, "dQ_peak_kW": 497.6368669954386, "rank_benefit": 328, "rank_hottest": 133, "rank_intensity": 3392 }, "geometry": { "type": "Polygon", "coordinates": [ [ [ 244466.15317611550563, 2694153.82976666232571 ], [ 244538.348846381879412, 2694154.959371976088732 ], [ 244539.126009640662232, 2694106.514183711260557 ], [ 244466.930092659080401, 2694105.384552496019751 ], [ 244466.15317611550563, 2694153.82976666232571 ] ] ] } },
{ "type": "Feature", "properties": { "rank": 329, "osm_id": 666704528, "area_m2": 1901.1186270008493, "albedo": 0.32514852285385132, "lst_c": 50.975109100341797, "lst_anomaly_c": -3.0873705546061174, "albedo_gap": 0.27485147714614866, "delta_T_est_c": 1.2524998714894422, "delta_T_lo_c": 0.80887053824159239, "delta_T_hi_c": 1.662078395865177, "cooling_c_m2": 2381.1508360047487, "dQ_mean_kW": 156.75757885837243, "dQ_peak_kW": 496.39899971817943, "rank_benefit": 329, "rank_hottest": 3448, "rank_intensity": 773 }, "geometry": { "type": "Polygon", "coordinates": [ [ [ 248222.892760275601177, 2696640.16601541172713 ], [ 248250.405041481164517, 2696640.760184999089688 ], [ 248252.996514137805207, 2696572.202708332333714 ], [ 248225.20532949254266, 2696571.347529707942158 ], [ 248222.892760275601177, 2696640.16601541172713 ] ] ] } },
{ "type": "Feature", "properties": { "rank": 330, "osm_id": 1076669422, "area_m2": 2612.0194802123328, "albedo": 0.40065038204193115, "lst_c": 54.368799845377602, "lst_anomaly_c": 0.3063201904296875, "albedo_gap": 0.19934961795806883, "delta_T_est_c": 0.90843743488845685, "delta_T_lo_c": 0.58667333517824771, "delta_T_hi_c": 1.2055045025495719, "cooling_c_m2": 2372.856276482772, "dQ_mean_kW": 156.21152564380861, "dQ_peak_kW": 494.66983120539396, "rank_benefit": 330, "rank_hottest": 1268, "rank_intensity": 2698 }, "geometry": { "type": "Polygon", "coordinates": [ [ [ 248248.067191942245699, 2698065.352078379131854 ], [ 248272.591490944469115, 2698065.899711062200367 ], [ 248275.042262628441676, 2697959.453960523940623 ], [ 248250.517581315973075, 2697958.895228640642017 ], [ 248248.067191942245699, 2698065.352078379131854 ] ] ] } },
{ "type": "Feature", "properties": { "rank": 331, "osm_id": 1026140666, "area_m2": 2815.6134768316565, "albedo": 0.41515877842903137, "lst_c": 51.888797760009766, "lst_anomaly_c": -2.1736818949381487, "albedo_gap": 0.18484122157096861, "delta_T_est_c": 0.8423225833364737, "delta_T_lo_c": 0.54397604092861196, "delta_T_hi_c": 1.1177695103856937, "cooling_c_m2": 2371.6548174818313, "dQ_mean_kW": 156.13243035877366, "dQ_peak_kW": 494.41936280278321, "rank_benefit": 331, "rank_hottest": 3159, "rank_intensity": 2998 }, "geometry": { "type": "Polygon", "coordinates": [ [ [ 246905.062967726611532, 2694441.459367724601179 ], [ 246925.218238579429453, 2694442.039455743972212 ], [ 246928.176187428674893, 2694355.698490166570991 ], [ 246888.811771708948072, 2694355.219511651434004 ], [ 246886.474623453454114, 2694409.964406115468591 ], [ 246905.94229697828996, 2694411.266095689497888 ], [ 246905.062967726611532, 2694441.459367724601179 ] ] ] } },
{ "type": "Feature", "properties": { "rank": 332, "osm_id": 1164305172, "area_m2": 2714.708368696135, "albedo": 0.40865546464920044, "lst_c": 54.459575653076172, "lst_anomaly_c": 0.39709599812825758, "albedo_gap": 0.19134453535079954, "delta_T_est_c": 0.87195822422176006, "delta_T_lo_c": 0.56311488264802068, "delta_T_hi_c": 1.1570962676846612, "cooling_c_m2": 2367.1122884482329, "dQ_mean_kW": 155.83338342632666, "dQ_peak_kW": 493.47238085003448, "rank_benefit": 332, "rank_hottest": 1100, "rank_intensity": 2862 }, "geometry": { "type": "Polygon", "coordinates": [ [ [ 249469.4581074557791, 2696663.713056661188602 ], [ 249468.983684749429813, 2696683.835799532476813 ], [ 249468.860449047526345, 2696688.891502822749317 ], [ 249467.327182949811686, 2696753.916243032552302 ], [ 249467.201293690188322, 2696759.39312008023262 ], [ 249465.464186856814194, 2696833.497868219856173 ], [ 249481.439404401258798, 2696833.867473829071969 ], [ 249483.18033979224856, 2696759.973231231793761 ], [ 249483.318845008063363, 2696754.063922371715307 ], [ 249484.831002630322473, 2696689.560433322098106 ], [ 249484.954046904167626, 2696684.493651912081987 ], [ 249485.433516184421023, 2696664.082683440763503 ], [ 249480.050805697828764, 2696663.956802750471979 ], [ 249474.424330902314978, 2696663.824178826063871 ], [ 249469.4581074557791, 2696663.713056661188602 ] ] ] } },
{ "type": "Feature", "properties": { "rank": 333, "osm_id": 1076847395, "area_m2": 1798.9574947527246, "albedo": 0.31178363164265949, "lst_c": 53.177958170572914, "lst_anomaly_c": -0.884521484375, "albedo_gap": 0.28821636835734049, "delta_T_est_c": 1.313403762923095, "delta_T_lo_c": 0.84820256897973811, "delta_T_hi_c": 1.7428983979108585, "cooling_c_m2": 2362.7575429469325, "dQ_mean_kW": 155.5466987900549, "dQ_peak_kW": 492.56454616850721, "rank_benefit": 333, "rank_hottest": 2608, "rank_intensity": 561 }, "geometry": { "type": "Polygon", "coordinates": [ [ [ 247320.295515188889112, 2694908.62426443118602 ], [ 247295.174443950061686, 2694907.955417720600963 ], [ 247293.249339236528613, 2694979.515844331122935 ], [ 247318.370283993339399, 2694980.1846764953807 ], [ 247320.295515188889112, 2694908.62426443118602 ] ] ] } },
{ "type": "Feature", "properties": { "rank": 334, "osm_id": 1076703125, "area_m2": 2935.3618250333288, "albedo": 0.42347407341003418, "lst_c": 56.776687622070312, "lst_anomaly_c": 2.7142079671223982, "albedo_gap": 0.1765259265899658, "delta_T_est_c": 0.80442973297509535, "delta_T_lo_c": 0.5195046529748012, "delta_T_hi_c": 1.0674853631557992, "cooling_c_m2": 2361.2923290968492, "dQ_mean_kW": 155.45023981224642, "dQ_peak_kW": 492.2590927387804, "rank_benefit": 334, "rank_hottest": 26, "rank_intensity": 3116 }, "geometry": { "type": "Polygon", "coordinates": [ [ [ 246798.948208380461438, 2693295.545921303331852 ], [ 246752.970372964307899, 2693293.944528510328382 ], [ 246750.71381844492862, 2693357.709061442408711 ], [ 246796.691448238416342, 2693359.310428752563894 ], [ 246798.948208380461438, 2693295.545921303331852 ] ] ] } },
{ "type": "Feature", "properties": { "rank": 335, "osm_id": 1076781234, "area_m2": 3142.7870163201724, "albedo": 0.4354976812998454, "lst_c": 53.948069254557289, "lst_anomaly_c": -0.114410400390625, "albedo_gap": 0.16450231870015458, "delta_T_est_c": 0.74963807788487991, "delta_T_lo_c": 0.4841199343390486, "delta_T_hi_c": 0.99477635274221143, "cooling_c_m2": 2355.9528181158107, "dQ_mean_kW": 155.09872540962266, "dQ_peak_kW": 491.14596379713851, "rank_benefit": 335, "rank_hottest": 1965, "rank_intensity": 3274 }, "geometry": { "type": "Polygon", "coordinates": [ [ [ 244788.874158471764531, 2697196.605285796802491 ], [ 244790.464974096015794, 2697132.59627445274964 ], [ 244741.399417989130598, 2697131.402259222697467 ], [ 244739.809024535410572, 2697195.422374753281474 ], [ 244788.874158471764531, 2697196.605285796802491 ] ] ] } },
{ "type": "Feature", "properties": { "rank": 336, "osm_id": 1076847291, "area_m2": 1861.0836440840089, "albedo": 0.32224154472351074, "lst_c": 56.8226318359375, "lst_anomaly_c": 2.7601521809895857, "albedo_gap": 0.27775845527648924, "delta_T_est_c": 1.2657469887051818, "delta_T_lo_c": 0.81742559128100112, "delta_T_hi_c": 1.6796574374546915, "cooling_c_m2": 2355.6610182278005, "dQ_mean_kW": 155.07951543633416, "dQ_peak_kW": 491.08513221505814, "rank_benefit": 336, "rank_hottest": 23, "rank_intensity": 713 }, "geometry": { "type": "Polygon", "coordinates": [ [ [ 248198.052377332467586, 2693728.624807784799486 ], [ 248197.422118138114456, 2693758.148287935182452 ], [ 248260.431208671012428, 2693759.4722436722368 ], [ 248261.061598893575137, 2693729.948777814395726 ], [ 248198.052377332467586, 2693728.624807784799486 ] ] ] } },
{ "type": "Feature", "properties": { "rank": 337, "osm_id": 1076781065, "area_m2": 1955.0367055478607, "albedo": 0.33600457509358722, "lst_c": 54.313130696614586, "lst_anomaly_c": 0.2506510416666714, "albedo_gap": 0.26399542490641276, "delta_T_est_c": 1.2030287746762287, "delta_T_lo_c": 0.77692186214382941, "delta_T_hi_c": 1.5964298132946917, "cooling_c_m2": 2351.965412322294, "dQ_mean_kW": 154.83622373662226, "dQ_peak_kW": 490.31470849930383, "rank_benefit": 337, "rank_hottest": 1368, "rank_intensity": 984 }, "geometry": { "type": "Polygon", "coordinates": [ [ [ 245542.227678765484598, 2695187.472683014348149 ], [ 245542.742488611431327, 2695147.38883571093902 ], [ 245493.975347699655686, 2695146.773467469960451 ], [ 245493.450325862853788, 2695186.846433151047677 ], [ 245542.227678765484598, 2695187.472683014348149 ] ] ] } },
{ "type": "Feature", "properties": { "rank": 338, "osm_id": 1077457846, "area_m2": 1655.7936930023859, "albedo": 0.2910846471786499, "lst_c": 53.422470092773438, "lst_anomaly_c": -0.6400095621744768, "albedo_gap": 0.30891535282135008, "delta_T_est_c": 1.4077291624091179, "delta_T_lo_c": 0.90911837295613451, "delta_T_hi_c": 1.8680690364360637, "cooling_c_m2": 2330.9090685725487, "dQ_mean_kW": 153.45002786195948, "dQ_peak_kW": 485.92508822953835, "rank_benefit": 338, "rank_hottest": 2457, "rank_intensity": 329 }, "geometry": { "type": "Polygon", "coordinates": [ [ [ 250527.093686757027172, 2693919.645534646697342 ], [ 250527.060889687156305, 2693924.67740335687995 ], [ 250521.739855953521328, 2693924.649665707256645 ], [ 250521.665818262961693, 2693936.531022971961647 ], [ 250527.210355023824377, 2693936.565886971540749 ], [ 250527.194892666680971, 2693938.560944555327296 ], [ 250608.524286895961268, 2693939.039116588886827 ], [ 250608.532942090881988, 2693937.232576865702868 ], [ 250612.960330267902464, 2693937.253991622012109 ], [ 250613.035816566902213, 2693925.45019209664315 ], [ 250608.364616150996881, 2693925.42200807435438 ], [ 250608.403084858699003, 2693920.135153335053474 ], [ 250527.093686757027172, 2693919.645534646697342 ] ] ] } },
{ "type": "Feature", "properties": { "rank": 339, "osm_id": 1077428189, "area_m2": 4327.4222984323069, "albedo": 0.48182094097137451, "lst_c": 55.452707926432289, "lst_anomaly_c": 1.390228271484375, "albedo_gap": 0.11817905902862547, "delta_T_est_c": 0.53854269870774363, "delta_T_lo_c": 0.34779350679836313, "delta_T_hi_c": 0.714650919451703, "cooling_c_m2": 2330.5016830458012, "dQ_mean_kW": 153.42320857446649, "dQ_peak_kW": 485.8401604858106, "rank_benefit": 339, "rank_hottest": 228, "rank_intensity": 3554 }, "geometry": { "type": "Polygon", "coordinates": [ [ [ 248559.328137199336197, 2693213.599669604096562 ], [ 248495.424866778717842, 2693212.367653475143015 ], [ 248494.854020953382133, 2693241.280446700751781 ], [ 248499.699280228291173, 2693241.371345996391028 ], [ 248499.429156543774297, 2693255.262272853404284 ], [ 248494.583704412158113, 2693255.160295299254358 ], [ 248494.071775803691708, 2693281.113068079575896 ], [ 248557.974736714008031, 2693282.34505099710077 ], [ 248559.328137199336197, 2693213.599669604096562 ] ] ] } },
{ "type": "Feature", "properties": { "rank": 340, "osm_id": 1076703119, "area_m2": 2493.7480963340918, "albedo": 0.39505168795585632, "lst_c": 55.039516448974609, "lst_anomaly_c": 0.97703679402669508, "albedo_gap": 0.20494831204414365, "delta_T_est_c": 0.93395071826655096, "delta_T_lo_c": 0.60314993827267216, "delta_T_hi_c": 1.2393608550136157, "cooling_c_m2": 2329.0378257470693, "dQ_mean_kW": 153.3268389020906, "dQ_peak_kW": 485.5349898566202, "rank_benefit": 340, "rank_hottest": 460, "rank_intensity": 2569 }, "geometry": { "type": "Polygon", "coordinates": [ [ [ 247435.265067558852024, 2693535.216888567432761 ], [ 247466.524705792660825, 2693536.053352790884674 ], [ 247468.711994603247149, 2693456.34295631153509 ], [ 247437.451982730795862, 2693455.495393017306924 ], [ 247435.265067558852024, 2693535.216888567432761 ] ] ] } },
{ "type": "Feature", "properties": { "rank": 341, "osm_id": 1036231417, "area_m2": 2363.354304613697, "albedo": 0.3837989866733551, "lst_c": 53.825275421142578, "lst_anomaly_c": -0.23720423380533617, "albedo_gap": 0.21620101332664488, "delta_T_est_c": 0.98522934720674593, "delta_T_lo_c": 0.63626592745183441, "delta_T_hi_c": 1.3074080486869633, "cooling_c_m2": 2328.4460187528057, "dQ_mean_kW": 153.28787865221085, "dQ_peak_kW": 485.41161573200094, "rank_benefit": 341, "rank_hottest": 2113, "rank_intensity": 2247 }, "geometry": { "type": "Polygon", "coordinates": [ [ [ 246181.508595781371696, 2694141.346130746416748 ], [ 246267.971904831298161, 2694143.180754374247044 ], [ 246268.914566007646499, 2694116.011691253632307 ], [ 246182.09242716972949, 2694113.995102957822382 ], [ 246181.508595781371696, 2694141.346130746416748 ] ] ] } },
{ "type": "Feature", "properties": { "rank": 342, "osm_id": 482273621, "area_m2": 2871.251201680951, "albedo": 0.42212520705329049, "lst_c": 55.215915256076386, "lst_anomaly_c": 1.1534356011284714, "albedo_gap": 0.17787479294670949, "delta_T_est_c": 0.81057652525731239, "delta_T_lo_c": 0.52347428147134045, "delta_T_hi_c": 1.0756422108239707, "cooling_c_m2": 2327.368822199428, "dQ_mean_kW": 153.21696389909701, "dQ_peak_kW": 485.18705234714048, "rank_benefit": 342, "rank_hottest": 329, "rank_intensity": 3096 }, "geometry": { "type": "Polygon", "coordinates": [ [ [ 248139.930975105671678, 2697271.228219754528254 ], [ 248139.24600700227893, 2697272.093817641027272 ], [ 248133.142817183135776, 2697273.676967522595078 ], [ 248126.847285854601068, 2697274.155323583632708 ], [ 248120.562773285113508, 2697273.547412096057087 ], [ 248114.492243392305681, 2697271.849601309280843 ], [ 248108.809206684265519, 2697269.114198073279113 ], [ 248103.687967044766992, 2697265.437824352644384 ], [ 248099.303027159796329, 2697260.928180796094239 ], [ 248095.768595387547975, 2697255.727294051554054 ], [ 248093.219375454762485, 2697249.987906483467668 ], [ 248091.709480043995427, 2697243.897449860814959 ], [ 248091.292823888274143, 2697237.632277343887836 ], [ 248091.983125179773197, 2697231.391626389231533 ], [ 248093.763657136150869, 2697225.375279489438981 ], [ 248096.576504760974785, 2697219.750509220175445 ], [ 248100.333704175718594, 2697214.707290734164417 ], [ 248104.828919558232883, 2697210.060916326008737 ], [ 248147.298848336155061, 2697211.528624906204641 ], [ 248146.465402644535061, 2697235.304152008611709 ], [ 248141.1936821785348, 2697235.132488103583455 ], [ 248139.930975105671678, 2697271.228219754528254 ] ] ] } },
{ "type": "Feature", "properties": { "rank": 343, "osm_id": 1076860385, "area_m2": 3877.8618097804456, "albedo": 0.46863373120625812, "lst_c": 52.735860188802086, "lst_anomaly_c": -1.3266194661458286, "albedo_gap": 0.13136626879374186, "delta_T_est_c": 0.59863689469902037, "delta_T_lo_c": 0.38660263226266828, "delta_T_hi_c": 0.79439644849132884, "cooling_c_m2": 2321.4311518788891, "dQ_mean_kW": 152.82607105458129, "dQ_peak_kW": 483.94922500617406, "rank_benefit": 343, "rank_hottest": 2802, "rank_intensity": 3509 }, "geometry": { "type": "Polygon", "coordinates": [ [ [ 248727.516788248613011, 2695974.525017152540386 ], [ 248700.435721921472577, 2695974.265642350539565 ], [ 248699.031442368403077, 2696117.474197400268167 ], [ 248726.102085378457559, 2696117.733726629056036 ], [ 248727.516788248613011, 2695974.525017152540386 ] ] ] } },
{ "type": "Feature", "properties": { "rank": 344, "osm_id": 1076847299, "area_m2": 2208.7616555634236, "albedo": 0.36963739395141604, "lst_c": 53.979559326171874, "lst_anomaly_c": -0.082920328776040719, "albedo_gap": 0.23036260604858394, "delta_T_est_c": 1.0497638123240023, "delta_T_lo_c": 0.67794260041823828, "delta_T_hi_c": 1.3930458540885351, "cooling_c_m2": 2318.6780560593343, "dQ_mean_kW": 152.6448273347325, "dQ_peak_kW": 483.37528655998631, "rank_benefit": 344, "rank_hottest": 1924, "rank_intensity": 1863 }, "geometry": { "type": "Polygon", "coordinates": [ [ [ 248668.122089526936179, 2694663.040700761135668 ], [ 248645.501978196203709, 2694662.557541287969798 ], [ 248643.902869597834069, 2694736.848548797424883 ], [ 248632.394944902247516, 2694736.610519487410784 ], [ 248632.061414565163432, 2694752.065195936709642 ], [ 248666.189097432856215, 2694752.775288975797594 ], [ 248668.122089526936179, 2694663.040700761135668 ] ] ] } },
{ "type": "Feature", "properties": { "rank": 345, "osm_id": 1076703195, "area_m2": 2460.7083020536788, "albedo": 0.39380439122517902, "lst_c": 54.168436686197914, "lst_anomaly_c": 0.10595703125, "albedo_gap": 0.20619560877482096, "delta_T_est_c": 0.93963465713820493, "delta_T_lo_c": 0.60682065377460648, "delta_T_hi_c": 1.2469034921164523, "cooling_c_m2": 2312.1668017173429, "dQ_mean_kW": 152.2161739077643, "dQ_peak_kW": 482.01788404125364, "rank_benefit": 345, "rank_hottest": 1634, "rank_intensity": 2538 }, "geometry": { "type": "Polygon", "coordinates": [ [ [ 247383.011198239517398, 2694624.222486808430403 ], [ 247381.014204218925443, 2694695.207827093079686 ], [ 247416.436839478643378, 2694696.190935799386352 ], [ 247418.138607453001896, 2694635.916508344467729 ], [ 247412.907078470627312, 2694635.777540280018002 ], [ 247413.212429070932558, 2694625.055386790074408 ], [ 247383.011198239517398, 2694624.222486808430403 ] ] ] } },
{ "type": "Feature", "properties": { "rank": 346, "osm_id": 1077376106, "area_m2": 2104.8579283187491, "albedo": 0.35919866561889646, "lst_c": 55.042437744140628, "lst_anomaly_c": 0.97995808919271354, "albedo_gap": 0.24080133438110352, "delta_T_est_c": 1.097333161525796, "delta_T_lo_c": 0.70866311861430065, "delta_T_hi_c": 1.4561708007758722, "cooling_c_m2": 2309.7304050446501, "dQ_mean_kW": 152.05577934653999, "dQ_peak_kW": 481.50996793070993, "rank_benefit": 346, "rank_hottest": 456, "rank_intensity": 1561 }, "geometry": { "type": "Polygon", "coordinates": [ [ [ 248423.192705467197811, 2695180.555585147812963 ], [ 248423.925191043817904, 2695146.519771546125412 ], [ 248362.110683343198616, 2695145.218733112327754 ], [ 248361.37834604215459, 2695179.254562897142023 ], [ 248423.192705467197811, 2695180.555585147812963 ] ] ] } },
{ "type": "Feature", "properties": { "rank": 347, "osm_id": 774162498, "area_m2": 2224.939962066213, "albedo": 0.37223943074544269, "lst_c": 54.106847127278648, "lst_anomaly_c": 0.044367472330733904, "albedo_gap": 0.22776056925455729, "delta_T_est_c": 1.0379063146530103, "delta_T_lo_c": 0.67028497047219426, "delta_T_hi_c": 1.3773108499128131, "cooling_c_m2": 2309.2792363523517, "dQ_mean_kW": 152.02607769522413, "dQ_peak_kW": 481.41591270154311, "rank_benefit": 347, "rank_hottest": 1732, "rank_intensity": 1941 }, "geometry": { "type": "Polygon", "coordinates": [ [ [ 248788.405586150678573, 2695923.568545266985893 ], [ 248831.972233325126581, 2695924.85291599528864 ], [ 248833.135317556530936, 2695873.931167375296354 ], [ 248789.355577872483991, 2695872.661659317091107 ], [ 248788.405586150678573, 2695923.568545266985893 ] ] ] } },
{ "type": "Feature", "properties": { "rank": 348, "osm_id": 1076781326, "area_m2": 2813.8163315627944, "albedo": 0.42069792747497559, "lst_c": 53.715051269531251, "lst_anomaly_c": -0.34742838541666288, "albedo_gap": 0.17930207252502439, "delta_T_est_c": 0.81708064707241312, "delta_T_lo_c": 0.52767467512656141, "delta_T_hi_c": 1.0842732379394457, "cooling_c_m2": 2299.1148689362517, "dQ_mean_kW": 151.35692998619106, "dQ_peak_kW": 479.29694495627172, "rank_benefit": 348, "rank_hottest": 2224, "rank_intensity": 3073 }, "geometry": { "type": "Polygon", "coordinates": [ [ [ 248231.420502022083383, 2698139.159331385046244 ], [ 248123.230671858385904, 2698136.230196033138782 ], [ 248122.518355016218266, 2698162.220074197277427 ], [ 248230.697839479340473, 2698165.14936830336228 ], [ 248231.420502022083383, 2698139.159331385046244 ] ] ] } },
{ "type": "Feature", "properties": { "rank": 349, "osm_id": 482308035, "area_m2": 2003.3227719996744, "albedo": 0.34828170140584308, "lst_c": 55.370427449544273, "lst_anomaly_c": 1.3079477945963589, "albedo_gap": 0.2517182985941569, "delta_T_est_c": 1.1470818345759812, "delta_T_lo_c": 0.74079105480247409, "delta_T_hi_c": 1.5221877294653297, "cooling_c_m2": 2297.9751605532265, "dQ_mean_kW": 151.28189991080646, "dQ_peak_kW": 479.05934971755374, "rank_benefit": 349, "rank_hottest": 263, "rank_intensity": 1285 }, "geometry": { "type": "Polygon", "coordinates": [ [ [ 248424.39558719296474, 2697429.096720125060529 ], [ 248425.058956446533557, 2697407.141797531396151 ], [ 248429.081187810545089, 2697407.26939631300047 ], [ 248429.935961317212787, 2697378.983029489405453 ], [ 248468.024061915755738, 2697380.119908100459725 ], [ 248466.495630155550316, 2697430.361362246796489 ], [ 248424.39558719296474, 2697429.096720125060529 ] ] ] } },
{ "type": "Feature", "properties": { "rank": 350, "osm_id": 1076860488, "area_m2": 3775.6284462364838, "albedo": 0.46661615371704102, "lst_c": 54.468475341796875, "lst_anomaly_c": 0.4059956868489607, "albedo_gap": 0.13338384628295896, "delta_T_est_c": 0.60783100772400045, "delta_T_lo_c": 0.39254023538778948, "delta_T_hi_c": 0.80659711770959375, "cooling_c_m2": 2294.9440432673241, "dQ_mean_kW": 151.08235328831231, "dQ_peak_kW": 478.42745207965567, "rank_benefit": 350, "rank_hottest": 1085, "rank_intensity": 3503 }, "geometry": { "type": "Polygon", "coordinates": [ [ [ 245423.024798750615446, 2698151.638043557759374 ], [ 245423.836787583073601, 2698126.942365805152804 ], [ 245271.105165264831157, 2698122.036954556126148 ], [ 245270.303589517716318, 2698146.732480899896473 ], [ 245423.024798750615446, 2698151.638043557759374 ] ] ] } },
{ "type": "Feature", "properties": { "rank": 351, "osm_id": 1076703131, "area_m2": 3618.7255934262553, "albedo": 0.46092173457145691, "lst_c": 55.775230407714844, "lst_anomaly_c": 1.7127507527669295, "albedo_gap": 0.13907826542854307, "delta_T_est_c": 0.633780510786917, "delta_T_lo_c": 0.40929855128657089, "delta_T_hi_c": 0.84103233754959383, "cooling_c_m2": 2293.4777549993814, "dQ_mean_kW": 150.9858235786796, "dQ_peak_kW": 478.1217746658188, "rank_benefit": 351, "rank_hottest": 138, "rank_intensity": 3466 }, "geometry": { "type": "Polygon", "coordinates": [ [ [ 246909.47384003768093, 2693049.65982978977263 ], [ 246829.850960707495688, 2693048.517882742453367 ], [ 246829.184114090283401, 2693093.956716733053327 ], [ 246908.806738216109807, 2693095.098637538962066 ], [ 246909.47384003768093, 2693049.65982978977263 ] ] ] } },
{ "type": "Feature", "properties": { "rank": 352, "osm_id": 1026131908, "area_m2": 1817.2020574803948, "albedo": 0.32411845525105792, "lst_c": 54.505299886067711, "lst_anomaly_c": 0.4428202311197964, "albedo_gap": 0.27588154474894205, "delta_T_est_c": 1.2571938958895299, "delta_T_lo_c": 0.81190196213986632, "delta_T_hi_c": 1.6683074077179065, "cooling_c_m2": 2284.575334262247, "dQ_mean_kW": 150.39975322159415, "dQ_peak_kW": 476.26588520171475, "rank_benefit": 352, "rank_hottest": 1032, "rank_intensity": 753 }, "geometry": { "type": "Polygon", "coordinates": [ [ [ 247646.96710560208885, 2697548.406197563745081 ], [ 247675.038489729282446, 2697549.133110453840345 ], [ 247678.239143406477524, 2697485.872692761942744 ], [ 247649.320789367542602, 2697484.340844961814582 ], [ 247646.96710560208885, 2697548.406197563745081 ] ] ] } },
{ "type": "Feature", "properties": { "rank": 353, "osm_id": 1153928513, "area_m2": 2702.7335232794499, "albedo": 0.41463144620259601, "lst_c": 52.144434611002602, "lst_anomaly_c": -1.9180450439453125, "albedo_gap": 0.18536855379740397, "delta_T_est_c": 0.84472563953504498, "delta_T_lo_c": 0.54552794636589697, "delta_T_hi_c": 1.1209583871932782, "cooling_c_m2": 2283.0683039450387, "dQ_mean_kW": 150.30054135302217, "dQ_peak_kW": 475.95171428457019, "rank_benefit": 353, "rank_hottest": 3051, "rank_intensity": 2986 }, "geometry": { "type": "Polygon", "coordinates": [ [ [ 250213.316083323355997, 2696196.970195523928851 ], [ 250228.46998551528668, 2696198.507833778858185 ], [ 250227.448852900357451, 2696208.477750677149743 ], [ 250243.101214628783055, 2696210.073056207969785 ], [ 250243.518223023449536, 2696206.109319406095892 ], [ 250251.796914179285523, 2696206.948824393097311 ], [ 250251.355743604275631, 2696211.267619233578444 ], [ 250274.279879740992328, 2696213.598419039044529 ], [ 250275.32756215360132, 2696203.406394373159856 ], [ 250283.057228195481002, 2696204.200241756159812 ], [ 250285.240546367160277, 2696183.049965539481491 ], [ 250278.151822415034985, 2696182.333408642094582 ], [ 250279.112952600844437, 2696172.985166016966105 ], [ 250269.28826892687357, 2696171.984658914152533 ], [ 250269.947614670207258, 2696165.656121163163334 ], [ 250257.560089797130786, 2696164.401845990214497 ], [ 250257.048331598023651, 2696169.320329924114048 ], [ 250248.30158977812971, 2696168.42262649256736 ], [ 250249.029937581944978, 2696161.405767528805882 ], [ 250233.428465042525204, 2696159.82062967447564 ], [ 250232.284492141217925, 2696170.87877813866362 ], [ 250216.174597180710407, 2696169.247265777550638 ], [ 250213.316083323355997, 2696196.970195523928851 ] ] ] } },
{ "type": "Feature", "properties": { "rank": 354, "osm_id": 666704515, "area_m2": 1802.5580393190055, "albedo": 0.32293739914894104, "lst_c": 49.908885955810547, "lst_anomaly_c": -4.1535936991373674, "albedo_gap": 0.27706260085105894, "delta_T_est_c": 1.262575975809503, "delta_T_lo_c": 0.81537773565555616, "delta_T_hi_c": 1.675449475324803, "cooling_c_m2": 2275.866475446458, "dQ_mean_kW": 149.82642556761272, "dQ_peak_kW": 474.45034763077359, "rank_benefit": 354, "rank_hottest": 3578, "rank_intensity": 729 }, "geometry": { "type": "Polygon", "coordinates": [ [ [ 248364.323665162199177, 2696569.946900872513652 ], [ 248388.044715337455273, 2696571.418112647719681 ], [ 248391.000600489642238, 2696493.101763384882361 ], [ 248368.649061876727501, 2696492.149096329696476 ], [ 248364.323665162199177, 2696569.946900872513652 ] ] ] } },
{ "type": "Feature", "properties": { "rank": 355, "osm_id": 666704520, "area_m2": 1848.052262402116, "albedo": 0.32981574535369873, "lst_c": 51.6429443359375, "lst_anomaly_c": -2.4195353190104143, "albedo_gap": 0.27018425464630125, "delta_T_est_c": 1.2312313098576517, "delta_T_lo_c": 0.79513519719579029, "delta_T_hi_c": 1.6338548266625004, "cooling_c_m2": 2275.3798077227539, "dQ_mean_kW": 149.79438691935792, "dQ_peak_kW": 474.34889191130014, "rank_benefit": 355, "rank_hottest": 3252, "rank_intensity": 850 }, "geometry": { "type": "Polygon", "coordinates": [ [ [ 248227.637084327230696, 2696493.860516685526818 ], [ 248256.240325923688943, 2696494.70119900489226 ], [ 248257.505414871498942, 2696428.605571591760963 ], [ 248229.997674473386724, 2696428.288322585169226 ], [ 248227.637084327230696, 2696493.860516685526818 ] ] ] } },
{ "type": "Feature", "properties": { "rank": 356, "osm_id": 1036597593, "area_m2": 2072.3870075807076, "albedo": 0.35909676551818848, "lst_c": 54.256357828776039, "lst_anomaly_c": 0.193878173828125, "albedo_gap": 0.2409032344818115, "delta_T_est_c": 1.0977975209113329, "delta_T_lo_c": 0.70896300417490365, "delta_T_hi_c": 1.4567870097833036, "cooling_c_m2": 2275.0613192909564, "dQ_mean_kW": 149.77341996728248, "dQ_peak_kW": 474.28249656306116, "rank_benefit": 356, "rank_hottest": 1476, "rank_intensity": 1559 }, "geometry": { "type": "Polygon", "coordinates": [ [ [ 245801.922390781575814, 2698168.350316721946001 ], [ 245801.235222758055897, 2698196.058112672530115 ], [ 245875.969702371541644, 2698197.87793381838128 ], [ 245876.656816300965147, 2698170.159075434785336 ], [ 245801.922390781575814, 2698168.350316721946001 ] ] ] } },
{ "type": "Feature", "properties": { "rank": 357, "osm_id": 117601150, "area_m2": 2352.4883852845242, "albedo": 0.3878829876581828, "lst_c": 54.27154541015625, "lst_anomaly_c": 0.2090657552083357, "albedo_gap": 0.21211701234181718, "delta_T_est_c": 0.96661852960528372, "delta_T_lo_c": 0.62424697048977951, "delta_T_hi_c": 1.2827113292948937, "cooling_c_m2": 2273.958863897235, "dQ_mean_kW": 149.70084235661369, "dQ_peak_kW": 474.05266746261003, "rank_benefit": 357, "rank_hottest": 1446, "rank_intensity": 2369 }, "geometry": { "type": "Polygon", "coordinates": [ [ [ 248098.94512002079864, 2697731.038280735258013 ], [ 248100.105132843484171, 2697612.646537403110415 ], [ 248080.235735756577924, 2697612.459103600587696 ], [ 248079.075691102887504, 2697730.839784285984933 ], [ 248098.94512002079864, 2697731.038280735258013 ] ] ] } },
{ "type": "Feature", "properties": { "rank": 358, "osm_id": 483123048, "area_m2": 2559.6292782878586, "albedo": 0.40532955527305603, "lst_c": 55.424842834472656, "lst_anomaly_c": 1.362363179524742, "albedo_gap": 0.19467044472694395, "delta_T_est_c": 0.88711441370074673, "delta_T_lo_c": 0.57290282388507718, "delta_T_hi_c": 1.1772086650350151, "cooling_c_m2": 2270.684026499599, "dQ_mean_kW": 149.48525098212119, "dQ_peak_kW": 473.36996144338377, "rank_benefit": 358, "rank_hottest": 243, "rank_intensity": 2795 }, "geometry": { "type": "Polygon", "coordinates": [ [ [ 248538.331917888543103, 2695774.064057298004627 ], [ 248540.702035286463797, 2695717.446488675195724 ], [ 248585.833146691700676, 2695719.311769810505211 ], [ 248583.462850240815897, 2695775.92931518284604 ], [ 248538.331917888543103, 2695774.064057298004627 ] ] ] } },
{ "type": "Feature", "properties": { "rank": 359, "osm_id": 1036597534, "area_m2": 2129.4974079860012, "albedo": 0.36633980274200439, "lst_c": 54.745569864908852, "lst_anomaly_c": 0.6830902099609375, "albedo_gap": 0.23366019725799558, "delta_T_est_c": 1.0647909557430519, "delta_T_lo_c": 0.68764720307911176, "delta_T_hi_c": 1.4129870061771725, "cooling_c_m2": 2267.4695803017662, "dQ_mean_kW": 149.27363532311981, "dQ_peak_kW": 472.69984518987934, "rank_benefit": 359, "rank_hottest": 747, "rank_intensity": 1762 }, "geometry": { "type": "Polygon", "coordinates": [ [ [ 246784.807898085040506, 2697115.480711260810494 ], [ 246785.970647042937344, 2697068.935512735042721 ], [ 246740.247227636165917, 2697067.818509378004819 ], [ 246739.094976403895998, 2697114.374621217604727 ], [ 246784.807898085040506, 2697115.480711260810494 ] ] ] } },
{ "type": "Feature", "properties": { "rank": 360, "osm_id": 1036597502, "area_m2": 2131.8473699937085, "albedo": 0.36664454142252606, "lst_c": 53.906836615668404, "lst_anomaly_c": -0.15564303927951073, "albedo_gap": 0.23335545857747392, "delta_T_est_c": 1.0634022597019959, "delta_T_lo_c": 0.68675037638894443, "delta_T_hi_c": 1.4111441942609382, "cooling_c_m2": 2267.0113105910664, "dQ_mean_kW": 149.24346619261905, "dQ_peak_kW": 472.60430960996035, "rank_benefit": 360, "rank_hottest": 2023, "rank_intensity": 1773 }, "geometry": { "type": "Polygon", "coordinates": [ [ [ 246240.023808553582057, 2698018.154601579532027 ], [ 246238.918896542745642, 2698062.715283899568021 ], [ 246286.731359209195944, 2698063.881325340364128 ], [ 246287.836421404994326, 2698019.320660009048879 ], [ 246240.023808553582057, 2698018.154601579532027 ] ] ] } },
{ "type": "Feature", "properties": { "rank": 361, "osm_id": 1154205109, "area_m2": 1954.213328622807, "albedo": 0.3455948531627655, "lst_c": 51.601734161376953, "lst_anomaly_c": -2.4607454935709612, "albedo_gap": 0.25440514683723447, "delta_T_est_c": 1.1593258185418263, "delta_T_lo_c": 0.74869827948657508, "delta_T_hi_c": 1.5384356043691014, "cooling_c_m2": 2265.5699668109828, "dQ_mean_kW": 149.1485786458698, "dQ_peak_kW": 472.30383237858763, "rank_benefit": 361, "rank_hottest": 3268, "rank_intensity": 1212 }, "geometry": { "type": "Polygon", "coordinates": [ [ [ 250317.501309017650783, 2694194.270470371935517 ], [ 250439.653351852757623, 2694197.426680968608707 ], [ 250440.070882581610931, 2694181.438837147317827 ], [ 250317.928852693235967, 2694178.282431206200272 ], [ 250317.501309017650783, 2694194.270470371935517 ] ] ] } },
{ "type": "Feature", "properties": { "rank": 362, "osm_id": 1077443316, "area_m2": 2003.8199743333041, "albedo": 0.35195048650105792, "lst_c": 52.168741861979164, "lst_anomaly_c": -1.89373779296875, "albedo_gap": 0.24804951349894205, "delta_T_est_c": 1.130363158336757, "delta_T_lo_c": 0.72999405197945055, "delta_T_hi_c": 1.5000018983788685, "cooling_c_m2": 2265.0442749256731, "dQ_mean_kW": 149.11397093185158, "dQ_peak_kW": 472.19424128419672, "rank_benefit": 362, "rank_hottest": 3040, "rank_intensity": 1378 }, "geometry": { "type": "Polygon", "coordinates": [ [ [ 245260.915293927973835, 2693507.838186108972877 ], [ 245236.960836946876952, 2693507.273554295767099 ], [ 245235.89671933001955, 2693532.117727108299732 ], [ 245229.202810465358198, 2693538.744145009666681 ], [ 245202.51305511748069, 2693539.093442236538976 ], [ 245201.722968285816023, 2693562.802251299843192 ], [ 245240.004236025793944, 2693563.872637485619634 ], [ 245259.395992465462768, 2693545.147377748973668 ], [ 245260.915293927973835, 2693507.838186108972877 ] ] ] } },
{ "type": "Feature", "properties": { "rank": 363, "osm_id": 1076669357, "area_m2": 2360.3244308937328, "albedo": 0.39017085234324139, "lst_c": 53.450159708658852, "lst_anomaly_c": -0.6123199462890625, "albedo_gap": 0.20982914765675859, "delta_T_est_c": 0.95619271616678647, "delta_T_lo_c": 0.61751392921802661, "delta_T_hi_c": 1.2688761827452655, "cooling_c_m2": 2256.9250286111028, "dQ_mean_kW": 148.57945905835669, "dQ_peak_kW": 470.50162035146298, "rank_benefit": 363, "rank_hottest": 2432, "rank_intensity": 2432 }, "geometry": { "type": "Polygon", "coordinates": [ [ [ 246793.948884309007553, 2698524.101312771439552 ], [ 246672.190789755899459, 2698521.283686987124383 ], [ 246671.737618221290177, 2698540.653006516396999 ], [ 246793.495745808613719, 2698543.48169267270714 ], [ 246793.948884309007553, 2698524.101312771439552 ] ] ] } },
{ "type": "Feature", "properties": { "rank": 364, "osm_id": 1077278798, "area_m2": 2020.8644470040474, "albedo": 0.35494786500930786, "lst_c": 53.900234222412109, "lst_anomaly_c": -0.16224543253580492, "albedo_gap": 0.24505213499069212, "delta_T_est_c": 1.1167040860429887, "delta_T_lo_c": 0.72117295633733869, "delta_T_hi_c": 1.4818761887610019, "cooling_c_m2": 2256.7075853084243, "dQ_mean_kW": 148.56514417953787, "dQ_peak_kW": 470.45628990186992, "rank_benefit": 364, "rank_hottest": 2032, "rank_intensity": 1457 }, "geometry": { "type": "Polygon", "coordinates": [ [ [ 244683.074529934645398, 2695138.015123002696782 ], [ 244705.26537906791782, 2695138.333412541076541 ], [ 244706.620797613548348, 2695047.26502810837701 ], [ 244684.439955912355799, 2695046.94653986254707 ], [ 244683.074529934645398, 2695138.015123002696782 ] ] ] } },
{ "type": "Feature", "properties": { "rank": 365, "osm_id": 1076780881, "area_m2": 2411.6349041819485, "albedo": 0.39466801285743713, "lst_c": 54.454093933105469, "lst_anomaly_c": 0.39161427815755445, "albedo_gap": 0.20533198714256284, "delta_T_est_c": 0.93569912804936684, "delta_T_lo_c": 0.60427906985526569, "delta_T_hi_c": 1.2416810102433977, "cooling_c_m2": 2256.5646770164676, "dQ_mean_kW": 148.55573614141309, "dQ_peak_kW": 470.42649778114145, "rank_benefit": 365, "rank_hottest": 1114, "rank_intensity": 2557 }, "geometry": { "type": "Polygon", "coordinates": [ [ [ 244946.704513576813042, 2694860.253730616532266 ], [ 244984.895754612167366, 2694861.025453748647124 ], [ 244986.200380498718005, 2694797.897490320261568 ], [ 244948.019119806587696, 2694797.125564879272133 ], [ 244946.704513576813042, 2694860.253730616532266 ] ] ] } },
{ "type": "Feature", "properties": { "rank": 366, "osm_id": 1077278644, "area_m2": 1553.2776958025624, "albedo": 0.28155100345611572, "lst_c": 54.739001464843753, "lst_anomaly_c": 0.67652180989583854, "albedo_gap": 0.31844899654388426, "delta_T_est_c": 1.4511740354776035, "delta_T_lo_c": 0.93717528430811292, "delta_T_hi_c": 1.9257207668529028, "cooling_c_m2": 2254.0762620351579, "dQ_mean_kW": 148.39191707469683, "dQ_peak_kW": 469.90773740320657, "rank_benefit": 366, "rank_hottest": 755, "rank_intensity": 258 }, "geometry": { "type": "Polygon", "coordinates": [ [ [ 244952.31463975366205, 2693257.132148669101298 ], [ 244950.310640062438324, 2693357.432549195364118 ], [ 244965.801776369422441, 2693357.728654780890793 ], [ 244967.785783166036708, 2693257.439712316729128 ], [ 244952.31463975366205, 2693257.132148669101298 ] ] ] } },
{ "type": "Feature", "properties": { "rank": 367, "osm_id": 666273780, "area_m2": 1835.9509780794779, "albedo": 0.33118762572606403, "lst_c": 49.870656331380211, "lst_anomaly_c": -4.1918233235677036, "albedo_gap": 0.26881237427393595, "delta_T_est_c": 1.2249796425647279, "delta_T_lo_c": 0.79109783990478999, "delta_T_hi_c": 1.6255588089285029, "cooling_c_m2": 2249.0025728941614, "dQ_mean_kW": 148.05790244042981, "dQ_peak_kW": 468.8500243946944, "rank_benefit": 367, "rank_hottest": 3581, "rank_intensity": 878 }, "geometry": { "type": "Polygon", "coordinates": [ [ [ 248617.432987839420093, 2696467.580299390014261 ], [ 248644.654750799003523, 2696468.379938445519656 ], [ 248643.233139130927157, 2696533.768869199790061 ], [ 248614.73981439662748, 2696533.956108159385622 ], [ 248617.432987839420093, 2696467.580299390014261 ] ] ] } },
{ "type": "Feature", "properties": { "rank": 368, "osm_id": 1077278342, "area_m2": 1845.6107785180575, "albedo": 0.3329315185546875, "lst_c": 55.057094029017854, "lst_anomaly_c": 0.9946143740699398, "albedo_gap": 0.26706848144531248, "delta_T_est_c": 1.2170327122210323, "delta_T_lo_c": 0.78596567345048984, "delta_T_hi_c": 1.6150131621477215, "cooling_c_m2": 2246.1686914842026, "dQ_mean_kW": 147.8713403873756, "dQ_peak_kW": 468.25924456002258, "rank_benefit": 368, "rank_hottest": 446, "rank_intensity": 916 }, "geometry": { "type": "Polygon", "coordinates": [ [ [ 245310.743359892105218, 2695910.239045314025134 ], [ 245310.318893784366082, 2695922.138343693688512 ], [ 245378.832050694647478, 2695924.523695405106992 ], [ 245376.627390890731476, 2695986.781203697435558 ], [ 245390.494495240505785, 2695987.261981571093202 ], [ 245393.123950846638763, 2695913.116269981022924 ], [ 245310.743359892105218, 2695910.239045314025134 ] ] ] } },
{ "type": "Feature", "properties": { "rank": 369, "osm_id": 1029559948, "area_m2": 2156.2250540259679, "albedo": 0.37350634733835858, "lst_c": 54.483968098958336, "lst_anomaly_c": 0.4214884440104214, "albedo_gap": 0.2264936526616414, "delta_T_est_c": 1.0321329679484872, "delta_T_lo_c": 0.66655651495483803, "delta_T_hi_c": 1.3696495678258009, "cooling_c_m2": 2225.5109645767093, "dQ_mean_kW": 146.51138653406596, "dQ_peak_kW": 463.95272402454219, "rank_benefit": 369, "rank_hottest": 1059, "rank_intensity": 1974 }, "geometry": { "type": "Polygon", "coordinates": [ [ [ 246424.099815642286558, 2696386.260356166400015 ], [ 246467.954763284622459, 2696387.221806982997805 ], [ 246468.418202886998188, 2696337.39760858239606 ], [ 246425.790936413948657, 2696336.402952360454947 ], [ 246424.099815642286558, 2696386.260356166400015 ] ] ] } },
{ "type": "Feature", "properties": { "rank": 370, "osm_id": 1161246279, "area_m2": 2470.1050649134913, "albedo": 0.40237601598103839, "lst_c": 53.169570922851562, "lst_anomaly_c": -0.8929087320963518, "albedo_gap": 0.19762398401896158, "delta_T_est_c": 0.90057371041656564, "delta_T_lo_c": 0.58159490348260345, "delta_T_hi_c": 1.1950692706958359, "cooling_c_m2": 2224.5116834278947, "dQ_mean_kW": 146.44560116208598, "dQ_peak_kW": 463.74440367993896, "rank_benefit": 370, "rank_hottest": 2612, "rank_intensity": 2734 }, "geometry": { "type": "Polygon", "coordinates": [ [ [ 250048.621826664690161, 2695466.549724791198969 ], [ 250058.192377252824372, 2695474.370188420638442 ], [ 250076.078781138727209, 2695475.37164981616661 ], [ 250090.912508485111175, 2695461.67688861861825 ], [ 250091.163224111805903, 2695443.187346619088203 ], [ 250085.729670828470262, 2695436.21329485392198 ], [ 250106.488867048843531, 2695436.044537589419633 ], [ 250107.144025232613785, 2695419.176906649488956 ], [ 250065.489903052686714, 2695419.306290865875781 ], [ 250066.022793603537139, 2695441.904510261490941 ], [ 250054.872888839483494, 2695452.076295849401504 ], [ 250024.707053671329049, 2695451.946584381628782 ], [ 250024.638103750854498, 2695473.236707448028028 ], [ 250047.316160266753286, 2695473.643330391030759 ], [ 250048.621826664690161, 2695466.549724791198969 ] ] ] } },
{ "type": "Feature", "properties": { "rank": 371, "osm_id": 666704503, "area_m2": 1756.8935853868393, "albedo": 0.32221198081970215, "lst_c": 49.698013305664062, "lst_anomaly_c": -4.3644663492838518, "albedo_gap": 0.27778801918029783, "delta_T_est_c": 1.2658817115966339, "delta_T_lo_c": 0.8175125959827203, "delta_T_hi_c": 1.6798362159219855, "cooling_c_m2": 2224.019458962639, "dQ_mean_kW": 146.41319669855446, "dQ_peak_kW": 463.64178954542245, "rank_benefit": 371, "rank_hottest": 3593, "rank_intensity": 710 }, "geometry": { "type": "Polygon", "coordinates": [ [ [ 248405.717906245263293, 2696493.49267091229558 ], [ 248405.302291543368483, 2696513.415070824790746 ], [ 248493.925708040129393, 2696516.043253605719656 ], [ 248493.570335945114493, 2696496.145721568726003 ], [ 248405.717906245263293, 2696493.49267091229558 ] ] ] } },
{ "type": "Feature", "properties": { "rank": 372, "osm_id": 666704506, "area_m2": 1977.7472603914393, "albedo": 0.35503542423248291, "lst_c": 49.558344523111977, "lst_anomaly_c": -4.5041351318359375, "albedo_gap": 0.24496457576751707, "delta_T_est_c": 1.1163050781245552, "delta_T_lo_c": 0.72091527507357755, "delta_T_hi_c": 1.4813467017278266, "cooling_c_m2": 2207.7693100218908, "dQ_mean_kW": 145.34340558514745, "dQ_peak_kW": 460.25411768630011, "rank_benefit": 372, "rank_hottest": 3598, "rank_intensity": 1458 }, "geometry": { "type": "Polygon", "coordinates": [ [ [ 248505.550925432820804, 2696518.949766783509403 ], [ 248506.504856925283093, 2696496.191774775739759 ], [ 248591.204715552128619, 2696496.840418224222958 ], [ 248590.544049018935766, 2696520.679222759325057 ], [ 248505.550925432820804, 2696518.949766783509403 ] ] ] } },
{ "type": "Feature", "properties": { "rank": 373, "osm_id": 204799144, "area_m2": 1905.7167705344973, "albedo": 0.34587216377258301, "lst_c": 54.801778157552086, "lst_anomaly_c": 0.7392985026041714, "albedo_gap": 0.25412783622741697, "delta_T_est_c": 1.1580621123876316, "delta_T_lo_c": 0.74788217187619488, "delta_T_hi_c": 1.536758655137074, "cooling_c_m2": 2206.9383888977154, "dQ_mean_kW": 145.28870380746983, "dQ_peak_kW": 460.08089539032102, "rank_benefit": 373, "rank_hottest": 676, "rank_intensity": 1224 }, "geometry": { "type": "Polygon", "coordinates": [ [ [ 248615.683446244103834, 2695017.246576402336359 ], [ 248617.169557195709785, 2694978.188183122780174 ], [ 248665.896439364878461, 2694980.011982472613454 ], [ 248664.400045073067304, 2695019.070539984386414 ], [ 248615.683446244103834, 2695017.246576402336359 ] ] ] } },
{ "type": "Feature", "properties": { "rank": 374, "osm_id": 1390448634, "area_m2": 1898.4970259815464, "albedo": 0.34560665488243103, "lst_c": 53.690685272216797, "lst_anomaly_c": -0.37179438273111742, "albedo_gap": 0.25439334511756895, "delta_T_est_c": 1.1592720380327386, "delta_T_lo_c": 0.74866354777096944, "delta_T_hi_c": 1.5383642371583672, "cooling_c_m2": 2200.8745165087203, "dQ_mean_kW": 144.88950274056054, "dQ_peak_kW": 458.81675867844172, "rank_benefit": 374, "rank_hottest": 2255, "rank_intensity": 1214 }, "geometry": { "type": "Polygon", "coordinates": [ [ [ 246506.399468096118653, 2694282.264939140994102 ], [ 246538.82444380709785, 2694283.044978689868003 ], [ 246540.392714624671498, 2694218.92687167134136 ], [ 246525.703836165776011, 2694218.57038829755038 ], [ 246525.451247741846601, 2694228.804048245307058 ], [ 246507.725167492229957, 2694228.380294457543641 ], [ 246506.399468096118653, 2694282.264939140994102 ] ] ] } },
{ "type": "Feature", "properties": { "rank": 375, "osm_id": 1076669418, "area_m2": 2908.0645108225453, "albedo": 0.43430435657501221, "lst_c": 54.110588073730469, "lst_anomaly_c": 0.048108418782554452, "albedo_gap": 0.16569564342498777, "delta_T_est_c": 0.75507606599401422, "delta_T_lo_c": 0.48763181363653396, "delta_T_hi_c": 1.001992611010099, "cooling_c_m2": 2195.8099104886951, "dQ_mean_kW": 144.55608607263417, "dQ_peak_kW": 457.7609392300082, "rank_benefit": 375, "rank_hottest": 1728, "rank_intensity": 3258 }, "geometry": { "type": "Polygon", "coordinates": [ [ [ 248184.602219909167616, 2697972.808153473306447 ], [ 248148.175842002121499, 2697971.98602118389681 ], [ 248146.334998889884446, 2698051.767834044061601 ], [ 248182.771319524996215, 2698052.589762064162642 ], [ 248184.602219909167616, 2697972.808153473306447 ] ] ] } },
{ "type": "Feature", "properties": { "rank": 376, "osm_id": 1076860366, "area_m2": 1912.2102169876482, "albedo": 0.34803728262583417, "lst_c": 52.806976318359375, "lst_anomaly_c": -1.2555033365885393, "albedo_gap": 0.25196271737416581, "delta_T_est_c": 1.1481956524594776, "delta_T_lo_c": 0.74151036383510138, "delta_T_hi_c": 1.5236657756378102, "cooling_c_m2": 2195.5914577338121, "dQ_mean_kW": 144.54170473885534, "dQ_peak_kW": 457.71539833970849, "rank_benefit": 376, "rank_hottest": 2768, "rank_intensity": 1282 }, "geometry": { "type": "Polygon", "coordinates": [ [ [ 249482.521520313515794, 2693977.677832300774753 ], [ 249409.296430674090516, 2693975.610318631399423 ], [ 249407.899795001401799, 2694024.419104110915214 ], [ 249425.332277436944423, 2694024.907141934148967 ], [ 249426.183406093652593, 2693995.102993139065802 ], [ 249481.975682050921023, 2693996.671374667435884 ], [ 249482.521520313515794, 2693977.677832300774753 ] ] ] } },
{ "type": "Feature", "properties": { "rank": 377, "osm_id": 483090294, "area_m2": 1803.1434394826658, "albedo": 0.33287554979324341, "lst_c": 54.20147705078125, "lst_anomaly_c": 0.1389973958333357, "albedo_gap": 0.26712445020675657, "delta_T_est_c": 1.2172877622110998, "delta_T_lo_c": 0.78613038598055907, "delta_T_hi_c": 1.6153516157380223, "cooling_c_m2": 2194.9444423934801, "dQ_mean_kW": 144.49910997471815, "dQ_peak_kW": 457.58051491994081, "rank_benefit": 377, "rank_hottest": 1581, "rank_intensity": 914 }, "geometry": { "type": "Polygon", "coordinates": [ [ [ 246082.16550696012564, 2695841.46436608210206 ], [ 246082.865524434688268, 2695795.813896805979311 ], [ 246122.360334417084232, 2695796.409765769261867 ], [ 246121.659989964944543, 2695842.049142924137414 ], [ 246082.16550696012564, 2695841.46436608210206 ] ] ] } },
{ "type": "Feature", "properties": { "rank": 378, "osm_id": 842543018, "area_m2": 3398.5947154163537, "albedo": 0.45846377478705513, "lst_c": 53.606167263454864, "lst_anomaly_c": -0.45631239149305003, "albedo_gap": 0.14153622521294484, "delta_T_est_c": 0.6449814486390808, "delta_T_lo_c": 0.41653217169286788, "delta_T_hi_c": 0.85589608104472992, "cooling_c_m2": 2192.0305428863644, "dQ_mean_kW": 144.30728011460798, "dQ_peak_kW": 456.9730536962586, "rank_benefit": 378, "rank_hottest": 2326, "rank_intensity": 3454 }, "geometry": { "type": "Polygon", "coordinates": [ [ [ 244943.672410663188202, 2698248.247703880537301 ], [ 245004.963145685847849, 2698249.84110052883625 ], [ 245006.9513457166031, 2698194.303144839592278 ], [ 244945.665190417144913, 2698192.975614742841572 ], [ 244943.672410663188202, 2698248.247703880537301 ] ] ] } },
{ "type": "Feature", "properties": { "rank": 379, "osm_id": 1029631502, "area_m2": 2015.3050498495356, "albedo": 0.36158451437950134, "lst_c": 54.50445556640625, "lst_anomaly_c": 0.4419759114583357, "albedo_gap": 0.23841548562049864, "delta_T_est_c": 1.0864608340525044, "delta_T_lo_c": 0.70164171639666817, "delta_T_hi_c": 1.4417431261569198, "cooling_c_m2": 2189.5500053297505, "dQ_mean_kW": 144.14397963999608, "dQ_peak_kW": 456.45593552665423, "rank_benefit": 379, "rank_hottest": 1035, "rank_intensity": 1621 }, "geometry": { "type": "Polygon", "coordinates": [ [ [ 245627.40432205927209, 2695539.002870650030673 ], [ 245720.868148140783887, 2695540.440866604447365 ], [ 245720.536265047907364, 2695561.991342708934098 ], [ 245627.062631538312417, 2695560.564623740501702 ], [ 245627.40432205927209, 2695539.002870650030673 ] ] ] } },
{ "type": "Feature", "properties": { "rank": 380, "osm_id": 1077278850, "area_m2": 1809.5788263013528, "albedo": 0.33448708057403564, "lst_c": 54.350474039713539, "lst_anomaly_c": 0.287994384765625, "albedo_gap": 0.26551291942596433, "delta_T_est_c": 1.2099440065333005, "delta_T_lo_c": 0.78138775267333771, "delta_T_hi_c": 1.605606387068204, "cooling_c_m2": 2189.4890552328861, "dQ_mean_kW": 144.13996713080468, "dQ_peak_kW": 456.44322924754812, "rank_benefit": 380, "rank_hottest": 1299, "rank_intensity": 948 }, "geometry": { "type": "Polygon", "coordinates": [ [ [ 245552.138340150180738, 2694951.944430693984032 ], [ 245495.653591832495295, 2694950.747977409977466 ], [ 245494.952564903331222, 2694982.767085491679609 ], [ 245551.447335870441748, 2694983.963341406546533 ], [ 245552.138340150180738, 2694951.944430693984032 ] ] ] } },
{ "type": "Feature", "properties": { "rank": 381, "osm_id": 1036597594, "area_m2": 2167.7499109093355, "albedo": 0.37836392720540363, "lst_c": 54.2664794921875, "lst_anomaly_c": 0.2039998372395857, "albedo_gap": 0.22163607279459635, "delta_T_est_c": 1.0099969466238192, "delta_T_lo_c": 0.65226096419991531, "delta_T_hi_c": 1.34027487194628, "cooling_c_m2": 2189.420791062485, "dQ_mean_kW": 144.13547311643438, "dQ_peak_kW": 456.42899820204218, "rank_benefit": 381, "rank_hottest": 1455, "rank_intensity": 2123 }, "geometry": { "type": "Polygon", "coordinates": [ [ [ 245877.01748861905071, 2698135.042950307019055 ], [ 245801.429662655922584, 2698133.205254937522113 ], [ 245800.719105070369551, 2698161.866574443411082 ], [ 245876.30677831301, 2698163.704252514988184 ], [ 245877.01748861905071, 2698135.042950307019055 ] ] ] } },
{ "type": "Feature", "properties": { "rank": 382, "osm_id": 1076781220, "area_m2": 2455.88650009209, "albedo": 0.40456610918045044, "lst_c": 54.032257080078125, "lst_anomaly_c": -0.030222574869789298, "albedo_gap": 0.19543389081954954, "delta_T_est_c": 0.89059344223938242, "delta_T_lo_c": 0.5751495975180817, "delta_T_hi_c": 1.1818253666445637, "cooling_c_m2": 2187.196411866244, "dQ_mean_kW": 143.98903623726093, "dQ_peak_kW": 455.96528141799303, "rank_benefit": 382, "rank_hottest": 1847, "rank_intensity": 2777 }, "geometry": { "type": "Polygon", "coordinates": [ [ [ 244669.515172413666733, 2696861.102941174525768 ], [ 244626.024723915150389, 2696860.051945578772575 ], [ 244624.632127484306693, 2696916.487972380593419 ], [ 244668.122403054614551, 2696917.5389483300969 ], [ 244669.515172413666733, 2696861.102941174525768 ] ] ] } },
{ "type": "Feature", "properties": { "rank": 383, "osm_id": 1076847298, "area_m2": 2213.0270779239108, "albedo": 0.38393741846084595, "lst_c": 54.052806854248047, "lst_anomaly_c": -0.0096728006998674232, "albedo_gap": 0.21606258153915403, "delta_T_est_c": 0.98459851269989651, "delta_T_lo_c": 0.63585853144428839, "delta_T_hi_c": 1.3065709257226679, "cooling_c_m2": 2178.9431694884806, "dQ_mean_kW": 143.44570304168727, "dQ_peak_kW": 454.2447262986762, "rank_benefit": 383, "rank_hottest": 1818, "rank_intensity": 2252 }, "geometry": { "type": "Polygon", "coordinates": [ [ [ 248678.427092225843808, 2694752.390798004344106 ], [ 248714.829950754414313, 2694753.149091444909573 ], [ 248715.127957101853099, 2694739.113593495916575 ], [ 248701.690147931803949, 2694738.832344305701554 ], [ 248703.282964256504783, 2694664.740968586411327 ], [ 248680.327711535006529, 2694664.252647567074746 ], [ 248678.427092225843808, 2694752.390798004344106 ] ] ] } },
{ "type": "Feature", "properties": { "rank": 384, "osm_id": 1152838445, "area_m2": 2702.5992111695527, "albedo": 0.42320701479911804, "lst_c": 52.081779479980469, "lst_anomaly_c": -1.9807001749674455, "albedo_gap": 0.17679298520088194, "delta_T_est_c": 0.80564672070725418, "delta_T_lo_c": 0.5202905895999077, "delta_T_hi_c": 1.0691003166290072, "cooling_c_m2": 2177.3401918647623, "dQ_mean_kW": 143.34017470326418, "dQ_peak_kW": 453.91055322700322, "rank_benefit": 384, "rank_hottest": 3081, "rank_intensity": 3114 }, "geometry": { "type": "Polygon", "coordinates": [ [ [ 250494.449256377847632, 2696645.702079651877284 ], [ 250501.459483949438436, 2696646.586343574337661 ], [ 250500.720996123680379, 2696652.461899170652032 ], [ 250535.710621301201172, 2696656.851109590847045 ], [ 250537.537099718407262, 2696642.478420741856098 ], [ 250541.55579416512046, 2696642.972416329197586 ], [ 250543.862593703262974, 2696624.767871131654829 ], [ 250540.026765043498017, 2696624.281716918107122 ], [ 250541.639718541322509, 2696611.608385023195297 ], [ 250560.757394302054308, 2696614.007012496702373 ], [ 250563.403756342711858, 2696593.192149511072785 ], [ 250531.954735653183889, 2696589.2499088938348 ], [ 250529.371018263627775, 2696609.587139192037284 ], [ 250499.560062678850954, 2696605.84867852088064 ], [ 250497.983420932694571, 2696618.277567760553211 ], [ 250494.687033323047217, 2696617.870524703525007 ], [ 250492.477401853364427, 2696635.253281546756625 ], [ 250495.723042697180063, 2696635.661222865339369 ], [ 250494.449256377847632, 2696645.702079651877284 ] ] ] } },
{ "type": "Feature", "properties": { "rank": 385, "osm_id": 1164090408, "area_m2": 3191.2077816089513, "albedo": 0.45033925771713257, "lst_c": 54.163299560546875, "lst_anomaly_c": 0.1008199055989607, "albedo_gap": 0.14966074228286741, "delta_T_est_c": 0.6820049228865227, "delta_T_lo_c": 0.44044211230347213, "delta_T_hi_c": 0.90502655849010238, "cooling_c_m2": 2176.4194170110841, "dQ_mean_kW": 143.2795576123375, "dQ_peak_kW": 453.71859910573539, "rank_benefit": 385, "rank_hottest": 1643, "rank_intensity": 3393 }, "geometry": { "type": "Polygon", "coordinates": [ [ [ 249516.014181734150043, 2696599.782442030962557 ], [ 249521.011068599473219, 2696599.904119695536792 ], [ 249520.872144024324371, 2696605.791268118657172 ], [ 249526.376658550114371, 2696605.915000043809414 ], [ 249526.509180956782075, 2696600.238528622779995 ], [ 249531.759783741319552, 2696600.355697081889957 ], [ 249533.175208793283673, 2696540.098474589176476 ], [ 249533.308723074063892, 2696534.477397697977722 ], [ 249534.922454097657464, 2696465.960377480834723 ], [ 249535.04878033103887, 2696460.505662920884788 ], [ 249536.476328956341604, 2696399.782784691546112 ], [ 249520.724099974584533, 2696399.42018175451085 ], [ 249519.312679837428732, 2696459.333777318708599 ], [ 249519.183107888587983, 2696465.176429227925837 ], [ 249517.56265397000243, 2696533.881977073382586 ], [ 249517.424909183813725, 2696539.835597638972104 ], [ 249516.014181734150043, 2696599.782442030962557 ] ] ] } },
{ "type": "Feature", "properties": { "rank": 386, "osm_id": 1077428179, "area_m2": 2860.2039434670255, "albedo": 0.43326568603515625, "lst_c": 54.754520961216521, "lst_anomaly_c": 0.6920413062686066, "albedo_gap": 0.16673431396484373, "delta_T_est_c": 0.75980929403119768, "delta_T_lo_c": 0.49068855543524087, "delta_T_hi_c": 1.0082736464356363, "cooling_c_m2": 2173.2095390709283, "dQ_mean_kW": 143.06824269405456, "dQ_peak_kW": 453.04943519783939, "rank_benefit": 386, "rank_hottest": 738, "rank_intensity": 3249 }, "geometry": { "type": "Polygon", "coordinates": [ [ [ 247447.569410812808201, 2693393.341506071854383 ], [ 247449.063319013948785, 2693333.879953285679221 ], [ 247400.991365539986873, 2693332.690782292746007 ], [ 247399.497658427368151, 2693392.152357846032828 ], [ 247447.569410812808201, 2693393.341506071854383 ] ] ] } },
{ "type": "Feature", "properties": { "rank": 387, "osm_id": 1076780907, "area_m2": 2265.0864117167625, "albedo": 0.3896215558052063, "lst_c": 54.842411041259766, "lst_anomaly_c": 0.77993138631185133, "albedo_gap": 0.21037844419479368, "delta_T_est_c": 0.95869586386838213, "delta_T_lo_c": 0.61913047423713308, "delta_T_hi_c": 1.2721978818617168, "cooling_c_m2": 2171.5289742173354, "dQ_mean_kW": 142.95760657912211, "dQ_peak_kW": 452.69908750055333, "rank_benefit": 387, "rank_hottest": 632, "rank_intensity": 2417 }, "geometry": { "type": "Polygon", "coordinates": [ [ [ 245283.239380207291106, 2695104.400357530452311 ], [ 245216.657173549872823, 2695102.899985434487462 ], [ 245215.881038442545105, 2695136.904323873110116 ], [ 245282.452935634093592, 2695138.404861660674214 ], [ 245283.239380207291106, 2695104.400357530452311 ] ] ] } },
{ "type": "Feature", "properties": { "rank": 388, "osm_id": 1036597587, "area_m2": 2905.5561469420909, "albedo": 0.43684172630310059, "lst_c": 54.112102508544922, "lst_anomaly_c": 0.049622853597007577, "albedo_gap": 0.16315827369689939, "delta_T_est_c": 0.74351325654015776, "delta_T_lo_c": 0.48016449478132028, "delta_T_hi_c": 0.98664866070221879, "cooling_c_m2": 2160.3195128731873, "dQ_mean_kW": 142.21965751934582, "dQ_peak_kW": 450.36224881126179, "rank_benefit": 388, "rank_hottest": 1723, "rank_intensity": 3287 }, "geometry": { "type": "Polygon", "coordinates": [ [ [ 244857.195301036088495, 2696969.679847182240337 ], [ 244929.011687079502735, 2696971.415246688295156 ], [ 244930.015323160158005, 2696930.989754796028137 ], [ 244858.188383080123458, 2696929.243436937686056 ], [ 244857.195301036088495, 2696969.679847182240337 ] ] ] } },
{ "type": "Feature", "properties": { "rank": 389, "osm_id": 1077042044, "area_m2": 2532.4764544305717, "albedo": 0.41311454772949219, "lst_c": 54.334208170572914, "lst_anomaly_c": 0.271728515625, "albedo_gap": 0.18688545227050779, "delta_T_est_c": 0.85163815520478914, "delta_T_lo_c": 0.54999208276835443, "delta_T_hi_c": 1.130131356562208, "cooling_c_m2": 2156.7535757508172, "dQ_mean_kW": 141.98490226520082, "dQ_peak_kW": 449.61885717313589, "rank_benefit": 389, "rank_hottest": 1331, "rank_intensity": 2953 }, "geometry": { "type": "Polygon", "coordinates": [ [ [ 245005.695378525473643, 2696509.221472155302763 ], [ 244950.422494351427304, 2696507.906167964451015 ], [ 244949.312758192536421, 2696553.697542622219771 ], [ 245004.585464046016568, 2696555.012826653663069 ], [ 245005.695378525473643, 2696509.221472155302763 ] ] ] } },
{ "type": "Feature", "properties": { "rank": 390, "osm_id": 1077278794, "area_m2": 1863.7805831205369, "albedo": 0.34648934006690979, "lst_c": 54.177947998046875, "lst_anomaly_c": 0.1154683430989607, "albedo_gap": 0.25351065993309019, "delta_T_est_c": 1.1552496362192042, "delta_T_lo_c": 0.74606586102145422, "delta_T_hi_c": 1.5330264744120812, "cooling_c_m2": 2153.1318406424166, "dQ_mean_kW": 141.74647367921008, "dQ_peak_kW": 448.86383331749863, "rank_benefit": 390, "rank_hottest": 1617, "rank_intensity": 1241 }, "geometry": { "type": "Polygon", "coordinates": [ [ [ 244650.918244876898825, 2695046.656274599023163 ], [ 244649.575564639031654, 2695136.727034419309348 ], [ 244670.263415363180684, 2695137.0281767770648 ], [ 244671.606227134470828, 2695046.957430604379624 ], [ 244650.918244876898825, 2695046.656274599023163 ] ] ] } },
{ "type": "Feature", "properties": { "rank": 391, "osm_id": 1076780931, "area_m2": 2603.8259787168081, "albedo": 0.41901177167892456, "lst_c": 53.845218658447266, "lst_anomaly_c": -0.21726099650064867, "albedo_gap": 0.18098822832107542, "delta_T_est_c": 0.82476446940363568, "delta_T_lo_c": 0.53263692514054173, "delta_T_hi_c": 1.0944697380629982, "cooling_c_m2": 2147.5431517557704, "dQ_mean_kW": 141.37855522330358, "dQ_peak_kW": 447.69875820712804, "rank_benefit": 391, "rank_hottest": 2089, "rank_intensity": 3049 }, "geometry": { "type": "Polygon", "coordinates": [ [ [ 245080.199266137293307, 2695359.525412712711841 ], [ 245081.132377593690762, 2695319.068104580044746 ], [ 245016.805933266412467, 2695317.61662645637989 ], [ 245015.873005135625135, 2695358.073955099098384 ], [ 245080.199266137293307, 2695359.525412712711841 ] ] ] } },
{ "type": "Feature", "properties": { "rank": 392, "osm_id": 666497292, "area_m2": 1875.7462715747106, "albedo": 0.34903302788734436, "lst_c": 50.609954833984375, "lst_anomaly_c": -3.4525248209635393, "albedo_gap": 0.25096697211265562, "delta_T_est_c": 1.1436580351796746, "delta_T_lo_c": 0.73857994841950225, "delta_T_hi_c": 1.517644317415626, "cooling_c_m2": 2145.2122954447336, "dQ_mean_kW": 141.22510866861245, "dQ_peak_kW": 447.21284411727271, "rank_benefit": 392, "rank_hottest": 3510, "rank_intensity": 1306 }, "geometry": { "type": "Polygon", "coordinates": [ [ [ 248511.574397971737199, 2696650.444952405057847 ], [ 248512.436347132868832, 2696625.948672612197697 ], [ 248587.901884196035098, 2696626.861880381591618 ], [ 248588.344374977983534, 2696651.645156963262707 ], [ 248511.574397971737199, 2696650.444952405057847 ] ] ] } },
{ "type": "Feature", "properties": { "rank": 393, "osm_id": 482404662, "area_m2": 1572.9577574149737, "albedo": 0.30107760429382324, "lst_c": 54.721260070800781, "lst_anomaly_c": 0.65878041585286695, "albedo_gap": 0.29892239570617674, "delta_T_est_c": 1.3621911953859362, "delta_T_lo_c": 0.87970973129881724, "delta_T_hi_c": 1.8076397518479181, "cooling_c_m2": 2142.6692078646847, "dQ_mean_kW": 141.05769035732973, "dQ_peak_kW": 446.68268613154419, "rank_benefit": 393, "rank_hottest": 775, "rank_intensity": 435 }, "geometry": { "type": "Polygon", "coordinates": [ [ [ 247506.868726255925139, 2696779.215775464661419 ], [ 247508.313092839089222, 2696743.138751844409853 ], [ 247462.596904014091706, 2696741.332064296584576 ], [ 247462.330672579235397, 2696747.99737773090601 ], [ 247473.95269104995532, 2696748.453886097297072 ], [ 247473.678094373026397, 2696755.219090688042343 ], [ 247462.056081416172674, 2696754.762583032716066 ], [ 247461.152454407885671, 2696777.398023896384984 ], [ 247506.868726255925139, 2696779.215775464661419 ] ] ] } },
{ "type": "Feature", "properties": { "rank": 394, "osm_id": 1076847318, "area_m2": 2048.4436129587789, "albedo": 0.37074410915374756, "lst_c": 54.986440022786461, "lst_anomaly_c": 0.9239603678385464, "albedo_gap": 0.22925589084625242, "delta_T_est_c": 1.0447205043414929, "delta_T_lo_c": 0.67468560747541317, "delta_T_hi_c": 1.386353339835855, "cooling_c_m2": 2140.0510444454053, "dQ_mean_kW": 140.88532960115424, "dQ_peak_kW": 446.1368770703217, "rank_benefit": 394, "rank_hottest": 494, "rank_intensity": 1892 }, "geometry": { "type": "Polygon", "coordinates": [ [ [ 248466.406450794340344, 2695175.583861976396292 ], [ 248502.452850631176261, 2695176.33677639067173 ], [ 248503.672735445230501, 2695119.540290687698871 ], [ 248467.625993544177618, 2695118.776281747967005 ], [ 248466.406450794340344, 2695175.583861976396292 ] ] ] } },
{ "type": "Feature", "properties": { "rank": 395, "osm_id": 483151871, "area_m2": 2760.1873875354968, "albedo": 0.43032850537981304, "lst_c": 53.693293980189729, "lst_anomaly_c": -0.3691856747581852, "albedo_gap": 0.16967149462018694, "delta_T_est_c": 0.77319404433909755, "delta_T_lo_c": 0.49933249259820889, "delta_T_hi_c": 1.0260353283544976, "cooling_c_m2": 2134.1604493023387, "dQ_mean_kW": 140.49753584248106, "dQ_peak_kW": 444.90886350118996, "rank_benefit": 395, "rank_hottest": 2250, "rank_intensity": 3221 }, "geometry": { "type": "Polygon", "coordinates": [ [ [ 250074.535422945569735, 2693025.628887668717653 ], [ 250074.751495254226029, 2692998.285378003492951 ], [ 250074.980046293203486, 2692968.780627851840109 ], [ 250117.136902890255442, 2692969.108570747077465 ], [ 250116.888327271182789, 2693000.353563852142543 ], [ 250131.106512518250383, 2693000.467351240105927 ], [ 250130.899922229640651, 2693026.059700656216592 ], [ 250074.535422945569735, 2693025.628887668717653 ] ] ] } },
{ "type": "Feature", "properties": { "rank": 396, "osm_id": 666704507, "area_m2": 2002.4001258271323, "albedo": 0.36619174480438232, "lst_c": 50.141693115234375, "lst_anomaly_c": -3.9207865397135393, "albedo_gap": 0.23380825519561765, "delta_T_est_c": 1.065465656675243, "delta_T_lo_c": 0.68808292823852812, "delta_T_hi_c": 1.4138823402754759, "cooling_c_m2": 2133.4885649909947, "dQ_mean_kW": 140.45330388693813, "dQ_peak_kW": 444.76879564197071, "rank_benefit": 396, "rank_hottest": 3562, "rank_intensity": 1755 }, "geometry": { "type": "Polygon", "coordinates": [ [ [ 248506.595065227273153, 2696485.894672938622534 ], [ 248507.285137753293384, 2696463.141394617035985 ], [ 248592.797099722578423, 2696463.775565268006176 ], [ 248591.867349119478604, 2696487.89623043872416 ], [ 248506.595065227273153, 2696485.894672938622534 ] ] ] } },
{ "type": "Feature", "properties": { "rank": 397, "osm_id": 1077278336, "area_m2": 2047.5416459114181, "albedo": 0.37140655517578125, "lst_c": 54.222320556640625, "lst_anomaly_c": 0.1598409016927107, "albedo_gap": 0.22859344482421873, "delta_T_est_c": 1.0417017337455297, "delta_T_lo_c": 0.67273607067116503, "delta_T_hi_c": 1.3823474045828181, "cooling_c_m2": 2132.9276824620997, "dQ_mean_kW": 140.41637947798253, "dQ_peak_kW": 444.65186834694464, "rank_benefit": 397, "rank_hottest": 1537, "rank_intensity": 1913 }, "geometry": { "type": "Polygon", "coordinates": [ [ [ 245201.82752813573461, 2696016.473953685257584 ], [ 245120.216400826378958, 2696014.016202116385102 ], [ 245119.451770695741288, 2696039.087823627516627 ], [ 245201.062553717842093, 2696041.534479039721191 ], [ 245201.82752813573461, 2696016.473953685257584 ] ] ] } },
{ "type": "Feature", "properties": { "rank": 398, "osm_id": 1036526082, "area_m2": 1986.9226075065944, "albedo": 0.36473937829335529, "lst_c": 54.980367024739586, "lst_anomaly_c": 0.9178873697916714, "albedo_gap": 0.23526062170664469, "delta_T_est_c": 1.0720840997969792, "delta_T_lo_c": 0.6923571511522868, "delta_T_hi_c": 1.4226650727749361, "cooling_c_m2": 2130.1481350349736, "dQ_mean_kW": 140.23339437749669, "dQ_peak_kW": 444.07241552873955, "rank_benefit": 398, "rank_hottest": 501, "rank_intensity": 1719 }, "geometry": { "type": "Polygon", "coordinates": [ [ [ 248429.960372260247823, 2694972.175747895613313 ], [ 248429.716723178979009, 2695006.867762718815356 ], [ 248486.987155665265163, 2695007.252859481610358 ], [ 248487.230945282964967, 2694972.560857933480293 ], [ 248429.960372260247823, 2694972.175747895613313 ] ] ] } },
{ "type": "Feature", "properties": { "rank": 399, "osm_id": 482497282, "area_m2": 1815.7233554135644, "albedo": 0.34267838795979816, "lst_c": 54.008768717447914, "lst_anomaly_c": -0.0537109375, "albedo_gap": 0.25732161204020182, "delta_T_est_c": 1.1726161684058647, "delta_T_lo_c": 0.7572812523815422, "delta_T_hi_c": 1.5560720160648882, "cooling_c_m2": 2129.1465639100938, "dQ_mean_kW": 140.1674582502188, "dQ_peak_kW": 443.86361779235961, "rank_benefit": 399, "rank_hottest": 1878, "rank_intensity": 1140 }, "geometry": { "type": "Polygon", "coordinates": [ [ [ 247461.72420410378254, 2698497.581947901751846 ], [ 247451.519480079616187, 2698497.399387891404331 ], [ 247451.584177874494344, 2698494.21756248222664 ], [ 247418.492030945955776, 2698493.603583835065365 ], [ 247418.859085189644247, 2698474.468675639946014 ], [ 247450.763230786949862, 2698475.059653316158801 ], [ 247450.957332162332023, 2698464.948972139973193 ], [ 247419.13434339404921, 2698464.356534766964614 ], [ 247419.478916838066652, 2698445.665329268667847 ], [ 247455.657992681546602, 2698446.334741049446166 ], [ 247455.740017828240525, 2698441.855958076193929 ], [ 247462.776983158662915, 2698441.995637206826359 ], [ 247461.72420410378254, 2698497.581947901751846 ] ] ] } },
{ "type": "Feature", "properties": { "rank": 400, "osm_id": 1029631463, "area_m2": 2192.6289807540197, "albedo": 0.38692371050516766, "lst_c": 54.078145345052086, "lst_anomaly_c": 0.015665690104171404, "albedo_gap": 0.21307628949483232, "delta_T_est_c": 0.97098996149042271, "delta_T_lo_c": 0.62707006256532116, "delta_T_hi_c": 1.2885122580300366, "cooling_c_m2": 2129.0207295851305, "dQ_mean_kW": 140.15917423737079, "dQ_peak_kW": 443.83738508500744, "rank_benefit": 400, "rank_hottest": 1767, "rank_intensity": 2342 }, "geometry": { "type": "Polygon", "coordinates": [ [ [ 244679.947461375471903, 2696498.056456102989614 ], [ 244679.43071978847729, 2696547.948858900461346 ], [ 244635.483307205984602, 2696547.504480442497879 ], [ 244636.010042790439911, 2696497.61187824094668 ], [ 244679.947461375471903, 2696498.056456102989614 ] ] ] } },
{ "type": "Feature", "properties": { "rank": 401, "osm_id": 1161278625, "area_m2": 1776.8844390689826, "albedo": 0.33711674809455872, "lst_c": 53.973865509033203, "lst_anomaly_c": -0.088614145914711173, "albedo_gap": 0.26288325190544126, "delta_T_est_c": 1.1979605954717556, "delta_T_lo_c": 0.77364880724430918, "delta_T_hi_c": 1.5897042947107172, "cooling_c_m2": 2128.6375407115747, "dQ_mean_kW": 140.13394788078904, "dQ_peak_kW": 443.75750162249858, "rank_benefit": 401, "rank_hottest": 1934, "rank_intensity": 1000 }, "geometry": { "type": "Polygon", "coordinates": [ [ [ 246787.755166528688278, 2697661.960814942605793 ], [ 246757.137603891867911, 2697661.336908315774053 ], [ 246747.171181579644326, 2697660.895607774145901 ], [ 246744.174509783420945, 2697660.783288835082203 ], [ 246745.290881248540245, 2697620.145840954035521 ], [ 246788.871463418414351, 2697621.312302580103278 ], [ 246787.755166528688278, 2697661.960814942605793 ] ] ] } },
{ "type": "Feature", "properties": { "rank": 402, "osm_id": 1036597411, "area_m2": 2051.219590138347, "albedo": 0.37261784076690674, "lst_c": 54.381617228190102, "lst_anomaly_c": 0.3191375732421875, "albedo_gap": 0.22738215923309324, "delta_T_est_c": 1.0361818978582553, "delta_T_lo_c": 0.66917133367854931, "delta_T_hi_c": 1.3750225335901767, "cooling_c_m2": 2125.4366078335852, "dQ_mean_kW": 139.92322184006338, "dQ_peak_kW": 443.09020249353398, "rank_benefit": 402, "rank_hottest": 1252, "rank_intensity": 1953 }, "geometry": { "type": "Polygon", "coordinates": [ [ [ 244374.376324601413216, 2697642.922609918285161 ], [ 244418.308576275710948, 2697643.831561064813286 ], [ 244419.288338547514286, 2697597.155629743821919 ], [ 244375.356143412616802, 2697596.257741739973426 ], [ 244374.376324601413216, 2697642.922609918285161 ] ] ] } },
{ "type": "Feature", "properties": { "rank": 403, "osm_id": 1036597543, "area_m2": 2352.3884823646458, "albedo": 0.40183397134145099, "lst_c": 53.926961263020836, "lst_anomaly_c": -0.1355183919270786, "albedo_gap": 0.19816602865854899, "delta_T_est_c": 0.90304381117234123, "delta_T_lo_c": 0.58319010662259196, "delta_T_hi_c": 1.1983471162231993, "cooling_c_m2": 2124.3098604724896, "dQ_mean_kW": 139.84904502369389, "dQ_peak_kW": 442.85530924169734, "rank_benefit": 403, "rank_hottest": 1998, "rank_intensity": 2723 }, "geometry": { "type": "Polygon", "coordinates": [ [ [ 246077.941639884433243, 2696927.030656400602311 ], [ 246004.124711540673161, 2696925.22575150243938 ], [ 246003.33900466983323, 2696957.08009519148618 ], [ 246077.155567531473935, 2696958.873902409803122 ], [ 246077.941639884433243, 2696927.030656400602311 ] ] ] } },
{ "type": "Feature", "properties": { "rank": 404, "osm_id": 1076703118, "area_m2": 2378.738032836286, "albedo": 0.4041498601436615, "lst_c": 55.256362915039062, "lst_anomaly_c": 1.1938832600911482, "albedo_gap": 0.19585013985633848, "delta_T_est_c": 0.8924902916596551, "delta_T_lo_c": 0.576374592144001, "delta_T_hi_c": 1.1843425025847818, "cooling_c_m2": 2123.000600707971, "dQ_mean_kW": 139.76285292377344, "dQ_peak_kW": 442.58236759194921, "rank_benefit": 404, "rank_hottest": 305, "rank_intensity": 2769 }, "geometry": { "type": "Polygon", "coordinates": [ [ [ 247424.442112060205545, 2693470.678566760383546 ], [ 247392.684320178435883, 2693469.817857537418604 ], [ 247390.634052619745489, 2693544.68285521492362 ], [ 247422.381327881972538, 2693545.53264814382419 ], [ 247424.442112060205545, 2693470.678566760383546 ] ] ] } },
{ "type": "Feature", "properties": { "rank": 405, "osm_id": 1036597583, "area_m2": 2386.5843969852754, "albedo": 0.40487930178642273, "lst_c": 54.663440704345703, "lst_anomaly_c": 0.60096104939778883, "albedo_gap": 0.19512069821357725, "delta_T_est_c": 0.88916622160806258, "delta_T_lo_c": 0.57422789145924402, "delta_T_hi_c": 1.1799314322566672, "cooling_c_m2": 2122.0702308161535, "dQ_mean_kW": 139.70160416561882, "dQ_peak_kW": 442.38841319112629, "rank_benefit": 405, "rank_hottest": 830, "rank_intensity": 2786 }, "geometry": { "type": "Polygon", "coordinates": [ [ [ 244798.071583602606552, 2696802.860303949564695 ], [ 244752.935493376397062, 2696801.761147454380989 ], [ 244751.629514061787631, 2696854.604752210434526 ], [ 244796.765436249726918, 2696855.703889615833759 ], [ 244798.071583602606552, 2696802.860303949564695 ] ] ] } },
{ "type": "Feature", "properties": { "rank": 406, "osm_id": 1076781321, "area_m2": 2213.3627642421393, "albedo": 0.38963274161020917, "lst_c": 55.319285074869789, "lst_anomaly_c": 1.256805419921875, "albedo_gap": 0.21036725838979081, "delta_T_est_c": 0.95864489008619957, "delta_T_lo_c": 0.61909755511947995, "delta_T_hi_c": 1.2721302392023841, "cooling_c_m2": 2121.8289038477924, "dQ_mean_kW": 139.68571696070032, "dQ_peak_kW": 442.33810370888438, "rank_benefit": 406, "rank_hottest": 279, "rank_intensity": 2419 }, "geometry": { "type": "Polygon", "coordinates": [ [ [ 247230.366739520744886, 2698121.086752760689706 ], [ 247289.413269379292615, 2698122.686081084888428 ], [ 247290.435688661265885, 2698085.220084746368229 ], [ 247231.399349695304409, 2698083.631635076832026 ], [ 247230.366739520744886, 2698121.086752760689706 ] ] ] } },
{ "type": "Feature", "properties": { "rank": 407, "osm_id": 1076703108, "area_m2": 2094.2081570356922, "albedo": 0.37794301509857176, "lst_c": 54.866827392578124, "lst_anomaly_c": 0.80434773763020928, "albedo_gap": 0.22205698490142822, "delta_T_est_c": 1.011915045682952, "delta_T_lo_c": 0.65349968194646202, "delta_T_hi_c": 1.3428202063450156, "cooling_c_m2": 2119.160742896383, "dQ_mean_kW": 139.51006473219678, "dQ_peak_kW": 441.78187165195641, "rank_benefit": 407, "rank_hottest": 603, "rank_intensity": 2115 }, "geometry": { "type": "Polygon", "coordinates": [ [ [ 248523.84344370017061, 2693601.602805146016181 ], [ 248503.823198850353947, 2693601.239556390792131 ], [ 248503.956322255166015, 2693609.27184540592134 ], [ 248499.7359264078259, 2693609.480115818791091 ], [ 248494.992158152919728, 2693610.517813465092331 ], [ 248491.14218921304564, 2693612.138012553099543 ], [ 248487.575709663127782, 2693614.850302958395332 ], [ 248483.641016344656236, 2693619.120684572961181 ], [ 248481.461043214454548, 2693623.282188181299716 ], [ 248480.031714261102024, 2693626.83185707218945 ], [ 248479.635458370641572, 2693631.371585582382977 ], [ 248471.931415195082081, 2693630.965992217883468 ], [ 248471.897353966458468, 2693651.823484397493303 ], [ 248522.844589070125949, 2693653.19761458132416 ], [ 248523.84344370017061, 2693601.602805146016181 ] ] ] } },
{ "type": "Feature", "properties": { "rank": 408, "osm_id": 1036021028, "area_m2": 2083.8781540581685, "albedo": 0.37725663185119629, "lst_c": 55.510147094726562, "lst_anomaly_c": 1.4476674397786482, "albedo_gap": 0.22274336814880369, "delta_T_est_c": 1.0150428983619941, "delta_T_lo_c": 0.65551966449306986, "delta_T_hi_c": 1.3469708944860872, "cooling_c_m2": 2115.2257213284456, "dQ_mean_kW": 139.25101165398846, "dQ_peak_kW": 440.96153690429668, "rank_benefit": 408, "rank_hottest": 207, "rank_intensity": 2088 }, "geometry": { "type": "Polygon", "coordinates": [ [ [ 246397.320427965954877, 2696999.118004256859422 ], [ 246473.50764962300309, 2697000.10645999526605 ], [ 246473.87811597759719, 2696972.759230298921466 ], [ 246397.690747064974857, 2696971.770759587641805 ], [ 246397.320427965954877, 2696999.118004256859422 ] ] ] } },
{ "type": "Feature", "properties": { "rank": 409, "osm_id": 1077375469, "area_m2": 2135.7880538903946, "albedo": 0.38272890448570251, "lst_c": 54.93963623046875, "lst_anomaly_c": 0.8771565755208357, "albedo_gap": 0.21727109551429746, "delta_T_est_c": 0.99010571831609728, "delta_T_lo_c": 0.63941511174611798, "delta_T_hi_c": 1.3138790362340005, "cooling_c_m2": 2114.6559652680885, "dQ_mean_kW": 139.21350307653464, "dQ_peak_kW": 440.84275974235965, "rank_benefit": 409, "rank_hottest": 540, "rank_intensity": 2221 }, "geometry": { "type": "Polygon", "coordinates": [ [ [ 245614.810694386978867, 2697200.752117743249983 ], [ 245690.343286497605732, 2697202.058379480149597 ], [ 245690.837650245783152, 2697173.788867820985615 ], [ 245615.315055876155384, 2697172.482406735885888 ], [ 245614.810694386978867, 2697200.752117743249983 ] ] ] } },
{ "type": "Feature", "properties": { "rank": 410, "osm_id": 1076847177, "area_m2": 1726.3124147473077, "albedo": 0.33124309778213501, "lst_c": 53.995323181152344, "lst_anomaly_c": -0.067156473795570548, "albedo_gap": 0.26875690221786497, "delta_T_est_c": 1.2247268560641, "delta_T_lo_c": 0.79093458914726311, "delta_T_hi_c": 1.6252233590086875, "cooling_c_m2": 2114.261176297895, "dQ_mean_kW": 139.18751305431857, "dQ_peak_kW": 440.76045800534212, "rank_benefit": 410, "rank_hottest": 1903, "rank_intensity": 879 }, "geometry": { "type": "Polygon", "coordinates": [ [ [ 246318.008268763340311, 2694978.487299416214228 ], [ 246407.098405081807869, 2694980.452259359415621 ], [ 246406.562031431647483, 2695004.24493362987414 ], [ 246404.611833686096361, 2695004.202453745994717 ], [ 246404.33460707377526, 2695016.442511316854507 ], [ 246419.286175651301164, 2695016.771888833027333 ], [ 246420.369696576031856, 2694968.654392602387816 ], [ 246318.278267276735278, 2694966.413600466679782 ], [ 246318.008268763340311, 2694978.487299416214228 ] ] ] } },
{ "type": "Feature", "properties": { "rank": 411, "osm_id": 1076781267, "area_m2": 2350.8653506124101, "albedo": 0.40279831886291506, "lst_c": 53.143157958984375, "lst_anomaly_c": -0.9193216959635393, "albedo_gap": 0.19720168113708492, "delta_T_est_c": 0.89864927358700153, "delta_T_lo_c": 0.5803520927729382, "delta_T_hi_c": 1.1925155260197409, "cooling_c_m2": 2112.6034396286941, "dQ_mean_kW": 139.07837978030696, "dQ_peak_kW": 440.41486930430534, "rank_benefit": 411, "rank_hottest": 2625, "rank_intensity": 2743 }, "geometry": { "type": "Polygon", "coordinates": [ [ [ 245651.591363773564808, 2698120.973300491925329 ], [ 245652.675079326349078, 2698081.521831494756043 ], [ 245593.130018931959057, 2698079.927242225036025 ], [ 245592.046468852087855, 2698119.3787304260768 ], [ 245651.591363773564808, 2698120.973300491925329 ] ] ] } },
{ "type": "Feature", "properties": { "rank": 412, "osm_id": 204799143, "area_m2": 1823.2652351102101, "albedo": 0.34589548905690509, "lst_c": 54.582901000976562, "lst_anomaly_c": 0.5204213460286482, "albedo_gap": 0.25410451094309489, "delta_T_est_c": 1.1579558189235426, "delta_T_lo_c": 0.7478135270376074, "delta_T_hi_c": 1.5366176027710772, "cooling_c_m2": 2111.2605884368686, "dQ_mean_kW": 138.98997626616807, "dQ_peak_kW": 440.13492484286553, "rank_benefit": 412, "rank_hottest": 924, "rank_intensity": 1225 }, "geometry": { "type": "Polygon", "coordinates": [ [ [ 248496.449091438465985, 2695013.467386927921325 ], [ 248497.224514988658484, 2694974.997911646496505 ], [ 248544.605619533278514, 2694975.936566104181111 ], [ 248543.819917619839543, 2695014.406208671629429 ], [ 248496.449091438465985, 2695013.467386927921325 ] ] ] } },
{ "type": "Feature", "properties": { "rank": 413, "osm_id": 117601292, "area_m2": 2489.3069502162934, "albedo": 0.41499177614847821, "lst_c": 54.365158081054688, "lst_anomaly_c": 0.3026784261067732, "albedo_gap": 0.18500822385152177, "delta_T_est_c": 0.84308361375589569, "delta_T_lo_c": 0.54446751809279248, "delta_T_hi_c": 1.118779404476312, "cooling_c_m2": 2098.6938993360204, "dQ_mean_kW": 138.16267724422949, "dQ_peak_kW": 437.51514460672672, "rank_benefit": 413, "rank_hottest": 1274, "rank_intensity": 2992 }, "geometry": { "type": "Polygon", "coordinates": [ [ [ 247422.60461373871658, 2698007.89669896569103 ], [ 247470.035504715982825, 2698008.752215307671577 ], [ 247471.0127306333452, 2697956.292553398292512 ], [ 247423.571516135387355, 2697955.437200478743762 ], [ 247422.60461373871658, 2698007.89669896569103 ] ] ] } },
{ "type": "Feature", "properties": { "rank": 414, "osm_id": 1077278817, "area_m2": 2067.4294412180552, "albedo": 0.37731583913167316, "lst_c": 54.623723347981773, "lst_anomaly_c": 0.5612436930338589, "albedo_gap": 0.22268416086832682, "delta_T_est_c": 1.0147730904207799, "delta_T_lo_c": 0.65534542120602468, "delta_T_hi_c": 1.3466128569642215, "cooling_c_m2": 2097.9717632917518, "dQ_mean_kW": 138.11513708163491, "dQ_peak_kW": 437.36460075851062, "rank_benefit": 414, "rank_hottest": 869, "rank_intensity": 2093 }, "geometry": { "type": "Polygon", "coordinates": [ [ [ 244966.260014740197221, 2695195.713964828755707 ], [ 244911.919187150895596, 2695194.569798150565475 ], [ 244911.094828508415958, 2695232.598099497146904 ], [ 244965.435510477342177, 2695233.742250081151724 ], [ 244966.260014740197221, 2695195.713964828755707 ] ] ] } },
{ "type": "Feature", "properties": { "rank": 415, "osm_id": 1076703110, "area_m2": 5162.3087442896558, "albedo": 0.51083873112996414, "lst_c": 56.19268798828125, "lst_anomaly_c": 2.1302083333333357, "albedo_gap": 0.089161268870035837, "delta_T_est_c": 0.4063084505169825, "delta_T_lo_c": 0.26239598305982692, "delta_T_hi_c": 0.53917490375361243, "cooling_c_m2": 2097.4896669825998, "dQ_mean_kW": 138.0833993819241, "dQ_peak_kW": 437.26409804275971, "rank_benefit": 415, "rank_hottest": 68, "rank_intensity": 3593 }, "geometry": { "type": "Polygon", "coordinates": [ [ [ 248381.203572566562798, 2693482.408580004237592 ], [ 248383.82033886903082, 2693391.764063002076 ], [ 248338.072401549929054, 2693390.463770855218172 ], [ 248337.347559288726188, 2693415.278907359112054 ], [ 248321.996691835753154, 2693414.843631491530687 ], [ 248320.094979264657013, 2693480.673235471360385 ], [ 248381.203572566562798, 2693482.408580004237592 ] ] ] } },
{ "type": "Feature", "properties": { "rank": 416, "osm_id": 1076669374, "area_m2": 2920.6467664964071, "albedo": 0.44289271036783856, "lst_c": 53.699223836263023, "lst_anomaly_c": -0.3632558186848911, "albedo_gap": 0.15710728963216142, "delta_T_est_c": 0.71593888494804503, "delta_T_lo_c": 0.46235683084530532, "delta_T_hi_c": 0.95005722596753239, "cooling_c_m2": 2091.0045893325509, "dQ_mean_kW": 137.65646923715602, "dQ_peak_kW": 435.91215258432737, "rank_benefit": 416, "rank_hottest": 2241, "rank_intensity": 3339 }, "geometry": { "type": "Polygon", "coordinates": [ [ [ 246612.761582523206016, 2697928.984643209725618 ], [ 246562.329853977280436, 2697927.820288959890604 ], [ 246560.956105275254231, 2697985.695779695175588 ], [ 246611.387827486061724, 2697986.871189832687378 ], [ 246612.761582523206016, 2697928.984643209725618 ] ] ] } },
{ "type": "Feature", "properties": { "rank": 417, "osm_id": 1036597635, "area_m2": 2340.0879578108347, "albedo": 0.40392140547434491, "lst_c": 53.694605509440102, "lst_anomaly_c": -0.3678741455078125, "albedo_gap": 0.19607859452565507, "delta_T_est_c": 0.89353136099255903, "delta_T_lo_c": 0.57704691980711798, "delta_T_hi_c": 1.1857240107878602, "cooling_c_m2": 2090.941977785013, "dQ_mean_kW": 137.65234735018765, "dQ_peak_kW": 435.89909994226093, "rank_benefit": 417, "rank_hottest": 2248, "rank_intensity": 2763 }, "geometry": { "type": "Polygon", "coordinates": [ [ [ 246913.699292309960583, 2698377.497535166796297 ], [ 246854.656606502569048, 2698376.066054914612323 ], [ 246853.673927886207821, 2698415.670429864898324 ], [ 246912.716648103029002, 2698417.112970415968448 ], [ 246913.699292309960583, 2698377.497535166796297 ] ] ] } },
{ "type": "Feature", "properties": { "rank": 418, "osm_id": 1076860384, "area_m2": 3992.5357544491276, "albedo": 0.48528437180952594, "lst_c": 55.414473100142047, "lst_anomaly_c": 1.3519934451941324, "albedo_gap": 0.11471562819047404, "delta_T_est_c": 0.5227598230807351, "delta_T_lo_c": 0.33760084858416539, "delta_T_hi_c": 0.69370690404587076, "cooling_c_m2": 2087.1372846393351, "dQ_mean_kW": 137.40187414336796, "dQ_peak_kW": 435.10593478733193, "rank_benefit": 418, "rank_hottest": 248, "rank_intensity": 3564 }, "geometry": { "type": "Polygon", "coordinates": [ [ [ 248520.131967394670937, 2695889.135367594193667 ], [ 248477.809360834187828, 2695888.738480743486434 ], [ 248476.874434101278894, 2695983.065812433604151 ], [ 248519.196758358419174, 2695983.462671808898449 ], [ 248520.131967394670937, 2695889.135367594193667 ] ] ] } },
{ "type": "Feature", "properties": { "rank": 419, "osm_id": 1076781212, "area_m2": 2027.2781773442243, "albedo": 0.37519973516464233, "lst_c": 54.376899719238281, "lst_anomaly_c": 0.31442006429036695, "albedo_gap": 0.22480026483535764, "delta_T_est_c": 1.0244161892110224, "delta_T_lo_c": 0.66157298153264155, "delta_T_hi_c": 1.3594093342599805, "cooling_c_m2": 2076.7765849056377, "dQ_mean_kW": 136.71980134857685, "dQ_peak_kW": 432.9460376038266, "rank_benefit": 419, "rank_hottest": 1255, "rank_intensity": 2033 }, "geometry": { "type": "Polygon", "coordinates": [ [ [ 244678.334759148798184, 2696603.969394193496555 ], [ 244679.305572474229848, 2696564.564029806759208 ], [ 244627.901917302282527, 2696563.312846475746483 ], [ 244626.921298616653075, 2696602.729490139055997 ], [ 244678.334759148798184, 2696603.969394193496555 ] ] ] } },
{ "type": "Feature", "properties": { "rank": 420, "osm_id": 1036597672, "area_m2": 1501.0109108409515, "albedo": 0.2968237638473511, "lst_c": 53.604522705078125, "lst_anomaly_c": -0.4579569498697893, "albedo_gap": 0.30317623615264888, "delta_T_est_c": 1.3815759724584999, "delta_T_lo_c": 0.89222851506981438, "delta_T_hi_c": 1.8333635222964189, "cooling_c_m2": 2073.7606088159064, "dQ_mean_kW": 136.52125151184569, "dQ_peak_kW": 432.31729645417795, "rank_benefit": 420, "rank_hottest": 2329, "rank_intensity": 393 }, "geometry": { "type": "Polygon", "coordinates": [ [ [ 248256.386275252385531, 2698393.618593024089932 ], [ 248255.948145100788679, 2698411.114435886964202 ], [ 248341.687926592712756, 2698413.215726064983755 ], [ 248342.126162506348919, 2698395.719895116053522 ], [ 248256.386275252385531, 2698393.618593024089932 ] ] ] } },
{ "type": "Feature", "properties": { "rank": 421, "osm_id": 473856288, "area_m2": 3393.4882451695175, "albedo": 0.46611654758453369, "lst_c": 55.843685150146484, "lst_anomaly_c": 1.7812054951985701, "albedo_gap": 0.13388345241546629, "delta_T_est_c": 0.6101077159420466, "delta_T_lo_c": 0.39401054468176183, "delta_T_hi_c": 0.80961832963068026, "cooling_c_m2": 2070.3933623365583, "dQ_mean_kW": 136.29957659837919, "dQ_peak_kW": 431.61532589486745, "rank_benefit": 421, "rank_hottest": 130, "rank_intensity": 3499 }, "geometry": { "type": "Polygon", "coordinates": [ [ [ 248622.491609259304823, 2697135.311305347364396 ], [ 248709.398056076373905, 2697138.092990824021399 ], [ 248711.148124733794248, 2697099.074119598139077 ], [ 248623.698175911995349, 2697096.568078701850027 ], [ 248622.491609259304823, 2697135.311305347364396 ] ] ] } },
{ "type": "Feature", "properties": { "rank": 422, "osm_id": 1029559946, "area_m2": 3808.1177765902485, "albedo": 0.48077996571858722, "lst_c": 54.912974039713539, "lst_anomaly_c": 0.850494384765625, "albedo_gap": 0.11922003428141276, "delta_T_est_c": 0.54328642933592752, "delta_T_lo_c": 0.3508570312216665, "delta_T_hi_c": 0.72094589190829295, "cooling_c_m2": 2068.8987093343876, "dQ_mean_kW": 136.20117956182403, "dQ_peak_kW": 431.30373527910939, "rank_benefit": 422, "rank_hottest": 564, "rank_intensity": 3552 }, "geometry": { "type": "Polygon", "coordinates": [ [ [ 246415.10591787318117, 2696473.14293909072876 ], [ 246470.033723094355082, 2696474.50343507854268 ], [ 246468.296179006487364, 2696543.778214990627021 ], [ 246413.358692421548767, 2696542.429011076688766 ], [ 246415.10591787318117, 2696473.14293909072876 ] ] ] } },
{ "type": "Feature", "properties": { "rank": 423, "osm_id": 1076780889, "area_m2": 2076.1303745706546, "albedo": 0.38140662511189777, "lst_c": 54.238632202148438, "lst_anomaly_c": 0.1761525472005232, "albedo_gap": 0.21859337488810221, "delta_T_est_c": 0.99613135355357119, "delta_T_lo_c": 0.64330649643104176, "delta_T_hi_c": 1.3218751074333208, "cooling_c_m2": 2068.0985601747489, "dQ_mean_kW": 136.14850358552974, "dQ_peak_kW": 431.13692802084421, "rank_benefit": 423, "rank_hottest": 1509, "rank_intensity": 2184 }, "geometry": { "type": "Polygon", "coordinates": [ [ [ 244715.183354180277092, 2694888.273643965367228 ], [ 244768.897145943541545, 2694889.483951362781227 ], [ 244769.791624587756814, 2694850.855888581369072 ], [ 244716.067536465910962, 2694849.64574867952615 ], [ 244715.183354180277092, 2694888.273643965367228 ] ] ] } },
{ "type": "Feature", "properties": { "rank": 424, "osm_id": 1072959510, "area_m2": 1521.5979171383008, "albedo": 0.30222203731536867, "lst_c": 54.679449462890624, "lst_anomaly_c": 0.61696980794270928, "albedo_gap": 0.2977779626846313, "delta_T_est_c": 1.3569760070693322, "delta_T_lo_c": 0.87634173719621811, "delta_T_hi_c": 1.8007191508732545, "cooling_c_m2": 2064.7718659633438, "dQ_mean_kW": 135.92949833718649, "dQ_peak_kW": 430.44341140109054, "rank_benefit": 424, "rank_hottest": 810, "rank_intensity": 450 }, "geometry": { "type": "Polygon", "coordinates": [ [ [ 244487.235006998409517, 2695496.808505930006504 ], [ 244504.644182940537576, 2695497.179897161200643 ], [ 244502.75667644047644, 2695584.567624477669597 ], [ 244485.357757428602781, 2695584.196061012335122 ], [ 244487.235006998409517, 2695496.808505930006504 ] ] ] } },
{ "type": "Feature", "properties": { "rank": 425, "osm_id": 1072959504, "area_m2": 2166.6173585997162, "albedo": 0.39126114050547284, "lst_c": 55.419855753580727, "lst_anomaly_c": 1.3573760986328125, "albedo_gap": 0.20873885949452714, "delta_T_est_c": 0.9512242663070275, "delta_T_lo_c": 0.61430528001672124, "delta_T_hi_c": 1.2622830058828802, "cooling_c_m2": 2060.939007302085, "dQ_mean_kW": 135.6771709185449, "dQ_peak_kW": 429.64437457539225, "rank_benefit": 425, "rank_hottest": 245, "rank_intensity": 2470 }, "geometry": { "type": "Polygon", "coordinates": [ [ [ 244394.535797013377305, 2695557.737992338370532 ], [ 244394.026365313999122, 2695581.142742792144418 ], [ 244301.475706643628655, 2695579.164994862861931 ], [ 244301.985186778038042, 2695555.771306519396603 ], [ 244394.535797013377305, 2695557.737992338370532 ] ] ] } },
{ "type": "Feature", "properties": { "rank": 426, "osm_id": 1036597509, "area_m2": 2378.02463794704, "albedo": 0.41076374053955078, "lst_c": 54.500259399414062, "lst_anomaly_c": 0.4377797444661482, "albedo_gap": 0.1892362594604492, "delta_T_est_c": 0.86235079802508741, "delta_T_lo_c": 0.55691035985667081, "delta_T_hi_c": 1.1443471282357527, "cooling_c_m2": 2050.6914442569496, "dQ_mean_kW": 135.00254621696604, "dQ_peak_kW": 427.50806302039246, "rank_benefit": 426, "rank_hottest": 1040, "rank_intensity": 2897 }, "geometry": { "type": "Polygon", "coordinates": [ [ [ 246021.381775509915315, 2698093.171219481620938 ], [ 246020.590275461581768, 2698125.247370181139559 ], [ 246094.69521521680872, 2698127.04650029540062 ], [ 246095.487082720239414, 2698094.981447495985776 ], [ 246021.381775509915315, 2698093.171219481620938 ] ] ] } },
{ "type": "Feature", "properties": { "rank": 427, "osm_id": 1036597446, "area_m2": 2228.6630763221401, "albedo": 0.39819860458374023, "lst_c": 54.229202270507812, "lst_anomaly_c": 0.1667226155598982, "albedo_gap": 0.20180139541625974, "delta_T_est_c": 0.91961019984206105, "delta_T_lo_c": 0.59388876138896785, "delta_T_hi_c": 1.220330860359399, "cooling_c_m2": 2049.5012969972258, "dQ_mean_kW": 134.92419561435062, "dQ_peak_kW": 427.25995277877695, "rank_benefit": 427, "rank_hottest": 1520, "rank_intensity": 2646 }, "geometry": { "type": "Polygon", "coordinates": [ [ [ 245412.918209072900936, 2697194.937137404922396 ], [ 245450.549427051999373, 2697195.974472721572965 ], [ 245452.210278576239944, 2697136.796603417024016 ], [ 245414.578903825575253, 2697135.759249793831259 ], [ 245412.918209072900936, 2697194.937137404922396 ] ] ] } },
{ "type": "Feature", "properties": { "rank": 428, "osm_id": 1036597472, "area_m2": 2331.5052863112405, "albedo": 0.40722022056579588, "lst_c": 54.030017089843753, "lst_anomaly_c": -0.032462565104161456, "albedo_gap": 0.1927797794342041, "delta_T_est_c": 0.87849864033553027, "delta_T_lo_c": 0.56733871533870039, "delta_T_hi_c": 1.1657754576551469, "cooling_c_m2": 2048.2242239595262, "dQ_mean_kW": 134.84012245342853, "dQ_peak_kW": 426.99372110252375, "rank_benefit": 428, "rank_hottest": 1852, "rank_intensity": 2843 }, "geometry": { "type": "Polygon", "coordinates": [ [ [ 245663.722983144194586, 2697556.472746985498816 ], [ 245577.715302288503153, 2697553.44995458656922 ], [ 245576.752924628497567, 2697580.519966405816376 ], [ 245662.750493909290526, 2697583.554000806063414 ], [ 245663.722983144194586, 2697556.472746985498816 ] ] ] } },
{ "type": "Feature", "properties": { "rank": 429, "osm_id": 1076780891, "area_m2": 2234.9445195111261, "albedo": 0.39891608556111652, "lst_c": 54.263448079427086, "lst_anomaly_c": 0.2009684244791714, "albedo_gap": 0.20108391443888346, "delta_T_est_c": 0.91634063461617699, "delta_T_lo_c": 0.59177726018703014, "delta_T_hi_c": 1.2159921184165743, "cooling_c_m2": 2047.970479340772, "dQ_mean_kW": 134.82341776110806, "dQ_peak_kW": 426.94082291017548, "rank_benefit": 429, "rank_hottest": 1458, "rank_intensity": 2663 }, "geometry": { "type": "Polygon", "coordinates": [ [ [ 244712.778120459726779, 2694988.659346967469901 ], [ 244772.53527181406389, 2694990.003960272297263 ], [ 244773.401643896038877, 2694952.62873864127323 ], [ 244713.644134526664857, 2694951.27302870573476 ], [ 244712.778120459726779, 2694988.659346967469901 ] ] ] } },
{ "type": "Feature", "properties": { "rank": 430, "osm_id": 204799145, "area_m2": 1838.1540972766877, "albedo": 0.35582220554351807, "lst_c": 54.469599405924477, "lst_anomaly_c": 0.4071197509765625, "albedo_gap": 0.24417779445648191, "delta_T_est_c": 1.1127197108520415, "delta_T_lo_c": 0.7185998273665346, "delta_T_hi_c": 1.4765888876788713, "cooling_c_m2": 2045.3502956232112, "dQ_mean_kW": 134.65092400325014, "dQ_peak_kW": 426.39459267695878, "rank_benefit": 430, "rank_hottest": 1082, "rank_intensity": 1483 }, "geometry": { "type": "Polygon", "coordinates": [ [ [ 248556.413135609269375, 2695014.026330916211009 ], [ 248557.178109126689378, 2694976.100095768924803 ], [ 248605.625516277505085, 2694977.053173678461462 ], [ 248604.860413225396769, 2695014.979394873604178 ], [ 248556.413135609269375, 2695014.026330916211009 ] ] ] } },
{ "type": "Feature", "properties": { "rank": 431, "osm_id": 666273781, "area_m2": 1888.2356982058136, "albedo": 0.36239051818847656, "lst_c": 49.677220662434898, "lst_anomaly_c": -4.3852589925130161, "albedo_gap": 0.23760948181152342, "delta_T_est_c": 1.0827878697386737, "delta_T_lo_c": 0.69926969809223727, "delta_T_hi_c": 1.4368690700601776, "cooling_c_m2": 2044.5587092247902, "dQ_mean_kW": 134.59881173661105, "dQ_peak_kW": 426.22957049926828, "rank_benefit": 431, "rank_hottest": 3594, "rank_intensity": 1648 }, "geometry": { "type": "Polygon", "coordinates": [ [ [ 248611.622796983254375, 2696613.549629610497504 ], [ 248640.116159188124584, 2696613.373449094127864 ], [ 248642.830810966028366, 2696547.628958366345614 ], [ 248614.320307556568878, 2696546.852345165796578 ], [ 248611.622796983254375, 2696613.549629610497504 ] ] ] } },
{ "type": "Feature", "properties": { "rank": 432, "osm_id": 483050329, "area_m2": 1884.4333076608982, "albedo": 0.36205822229385376, "lst_c": 53.422321319580078, "lst_anomaly_c": -0.64015833536783617, "albedo_gap": 0.23794177770614622, "delta_T_est_c": 1.0843021441738452, "delta_T_lo_c": 0.70024762392305273, "delta_T_hi_c": 1.4388785256149448, "cooling_c_m2": 2043.2950760493231, "dQ_mean_kW": 134.51562335805218, "dQ_peak_kW": 425.96614063383191, "rank_benefit": 432, "rank_hottest": 2458, "rank_intensity": 1635 }, "geometry": { "type": "Polygon", "coordinates": [ [ [ 244660.248634830844821, 2697705.260531241539866 ], [ 244661.274789278249955, 2697661.099623424001038 ], [ 244703.929000460862881, 2697662.076970722526312 ], [ 244702.892565035785083, 2697706.238047720398754 ], [ 244660.248634830844821, 2697705.260531241539866 ] ] ] } },
{ "type": "Feature", "properties": { "rank": 433, "osm_id": 842543025, "area_m2": 1857.6674255888881, "albedo": 0.35879769921302795, "lst_c": 53.637184143066406, "lst_anomaly_c": -0.42529551188150805, "albedo_gap": 0.24120230078697202, "delta_T_est_c": 1.0991603679029873, "delta_T_lo_c": 0.7098431374226376, "delta_T_hi_c": 1.4585955197825937, "cooling_c_m2": 2041.8744109516776, "dQ_mean_kW": 134.42209714471531, "dQ_peak_kW": 425.66997429159841, "rank_benefit": 433, "rank_hottest": 2297, "rank_intensity": 1548 }, "geometry": { "type": "Polygon", "coordinates": [ [ [ 244908.422119371534791, 2698075.454107468016446 ], [ 244991.491278028814122, 2698077.229077096097171 ], [ 244991.998168049874948, 2698054.223388473503292 ], [ 244914.514240205549868, 2698052.56881706090644 ], [ 244914.304333833773853, 2698062.26994813606143 ], [ 244908.718972027563723, 2698062.149535409640521 ], [ 244908.422119371534791, 2698075.454107468016446 ] ] ] } },
{ "type": "Feature", "properties": { "rank": 434, "osm_id": 633556056, "area_m2": 1805.1609570548751, "albedo": 0.35197436809539795, "lst_c": 55.449005126953125, "lst_anomaly_c": 1.3865254720052107, "albedo_gap": 0.24802563190460203, "delta_T_est_c": 1.1302543297644954, "delta_T_lo_c": 0.72992376995561548, "delta_T_hi_c": 1.4998574819019279, "cooling_c_m2": 2040.2909876330928, "dQ_mean_kW": 134.31785611891547, "dQ_peak_kW": 425.33987770989899, "rank_benefit": 434, "rank_hottest": 230, "rank_intensity": 1379 }, "geometry": { "type": "Polygon", "coordinates": [ [ [ 244464.280020260193851, 2694080.186342181637883 ], [ 244543.145139655185631, 2694081.195113196969032 ], [ 244543.441102280543419, 2694058.304116335697472 ], [ 244464.576056276273448, 2694057.306411339435726 ], [ 244464.280020260193851, 2694080.186342181637883 ] ] ] } },
{ "type": "Feature", "properties": { "rank": 435, "osm_id": 1036597484, "area_m2": 2064.7749406945813, "albedo": 0.38329577445983887, "lst_c": 55.237156459263396, "lst_anomaly_c": 1.1746768043154816, "albedo_gap": 0.21670422554016111, "delta_T_est_c": 0.98752248835812451, "delta_T_lo_c": 0.63774684921446401, "delta_T_hi_c": 1.3104510672557741, "cooling_c_m2": 2039.011687334212, "dQ_mean_kW": 134.23363633138541, "dQ_peak_kW": 425.07318171605374, "rank_benefit": 435, "rank_hottest": 313, "rank_intensity": 2235 }, "geometry": { "type": "Polygon", "coordinates": [ [ [ 245596.922418658068636, 2697898.314605002757162 ], [ 245595.950363181094872, 2697925.406966609414667 ], [ 245672.072405662940582, 2697928.087388228625059 ], [ 245673.034458068112144, 2697900.995228067971766 ], [ 245596.922418658068636, 2697898.314605002757162 ] ] ] } },
{ "type": "Feature", "properties": { "rank": 436, "osm_id": 1077278283, "area_m2": 1736.5149372478645, "albedo": 0.34313505887985229, "lst_c": 54.061027526855469, "lst_anomaly_c": -0.0014521280924455482, "albedo_gap": 0.25686494112014768, "delta_T_est_c": 1.1705351162149875, "delta_T_lo_c": 0.75593729870612836, "delta_T_hi_c": 1.5533104414205641, "cooling_c_m2": 2032.6517138804909, "dQ_mean_kW": 133.81494213312891, "dQ_peak_kW": 423.74731675490818, "rank_benefit": 436, "rank_hottest": 1805, "rank_intensity": 1151 }, "geometry": { "type": "Polygon", "coordinates": [ [ [ 246121.995927307347301, 2696991.490225918125361 ], [ 246101.610112551075872, 2696990.8825743207708 ], [ 246099.013082206336549, 2697075.987937622237951 ], [ 246119.398774912697263, 2697076.595574691426009 ], [ 246121.995927307347301, 2696991.490225918125361 ] ] ] } },
{ "type": "Feature", "properties": { "rank": 437, "osm_id": 1077375591, "area_m2": 2307.1285824112711, "albedo": 0.40671157836914062, "lst_c": 54.024851481119789, "lst_anomaly_c": -0.037628173828125, "albedo_gap": 0.19328842163085935, "delta_T_est_c": 0.88081652595346371, "delta_T_lo_c": 0.56883561719876263, "delta_T_hi_c": 1.1688513123497046, "cooling_c_m2": 2032.1569828874353, "dQ_mean_kW": 133.78237265811498, "dQ_peak_kW": 423.64418008403072, "rank_benefit": 437, "rank_hottest": 1860, "rank_intensity": 2827 }, "geometry": { "type": "Polygon", "coordinates": [ [ [ 246451.466388853237731, 2697920.928949790075421 ], [ 246374.700463775283424, 2697919.098212835844606 ], [ 246373.972844590811292, 2697949.133912305813283 ], [ 246406.308076130168047, 2697949.903293270617723 ], [ 246448.484180300147273, 2697950.916586530394852 ], [ 246450.738806715293322, 2697950.975709907710552 ], [ 246451.466388853237731, 2697920.928949790075421 ] ] ] } },
{ "type": "Feature", "properties": { "rank": 438, "osm_id": 1077278849, "area_m2": 1843.4885391093926, "albedo": 0.35896682739257812, "lst_c": 54.443080902099609, "lst_anomaly_c": 0.38060124715169508, "albedo_gap": 0.24103317260742185, "delta_T_est_c": 1.0983896497487633, "delta_T_lo_c": 0.70934540387197587, "delta_T_hi_c": 1.4575727699822976, "cooling_c_m2": 2024.8687307882251, "dQ_mean_kW": 133.30256737408746, "dQ_peak_kW": 422.12479668461026, "rank_benefit": 438, "rank_hottest": 1136, "rank_intensity": 1554 }, "geometry": { "type": "Polygon", "coordinates": [ [ [ 245482.70653752295766, 2694990.579827803652734 ], [ 245481.802900033158949, 2695032.177938821725547 ], [ 245526.098672804655507, 2695033.11787343909964 ], [ 245526.992089974170085, 2694991.508881103713065 ], [ 245482.70653752295766, 2694990.579827803652734 ] ] ] } },
{ "type": "Feature", "properties": { "rank": 439, "osm_id": 482308032, "area_m2": 2520.0129815054256, "albedo": 0.42396635479397243, "lst_c": 55.565036349826386, "lst_anomaly_c": 1.5025566948784714, "albedo_gap": 0.17603364520602754, "delta_T_est_c": 0.80218640368132021, "delta_T_lo_c": 0.51805589995325307, "delta_T_hi_c": 1.0645084453621383, "cooling_c_m2": 2021.5201508640787, "dQ_mean_kW": 133.08212133027294, "dQ_peak_kW": 421.42671754586422, "rank_benefit": 439, "rank_hottest": 182, "rank_intensity": 3125 }, "geometry": { "type": "Polygon", "coordinates": [ [ [ 248474.081139109272044, 2697429.361395607236773 ], [ 248522.595569401892135, 2697430.555920391343534 ], [ 248523.911647829139838, 2697378.644852318800986 ], [ 248475.397040060750442, 2697377.450307494495064 ], [ 248474.081139109272044, 2697429.361395607236773 ] ] ] } },
{ "type": "Feature", "properties": { "rank": 440, "osm_id": 1036231418, "area_m2": 1439.4247027127544, "albedo": 0.2921147346496582, "lst_c": 53.835056304931641, "lst_anomaly_c": -0.22742335001627367, "albedo_gap": 0.30788526535034177, "delta_T_est_c": 1.4030350474694528, "delta_T_lo_c": 0.90608689058695902, "delta_T_hi_c": 1.861839904436515, "cooling_c_m2": 2019.5633060992925, "dQ_mean_kW": 132.95329696396598, "dQ_peak_kW": 421.01877371922558, "rank_benefit": 440, "rank_hottest": 2099, "rank_intensity": 337 }, "geometry": { "type": "Polygon", "coordinates": [ [ [ 245827.703325355512789, 2694159.878823725972325 ], [ 245838.464455766545143, 2694160.32757491664961 ], [ 245838.657220801396761, 2694155.813511914107949 ], [ 245841.529708964779275, 2694153.500884398352355 ], [ 245841.862764780496946, 2694145.504379657097161 ], [ 245838.340335524000693, 2694143.307055982761085 ], [ 245838.486543027247535, 2694139.026565557811409 ], [ 245841.713398669322487, 2694134.967592860106379 ], [ 245841.714643168059411, 2694126.589182698633522 ], [ 245838.403102521115215, 2694123.135731019079685 ], [ 245842.376355676969979, 2694119.362529218196869 ], [ 245842.308418217784492, 2694112.215526694431901 ], [ 245839.019773016392719, 2694108.905734589789063 ], [ 245838.783126318419818, 2694105.917720102705061 ], [ 245842.628294660011306, 2694103.487813667394221 ], [ 245842.539620670344448, 2694095.753811465576291 ], [ 245839.537588936305838, 2694092.571841566357762 ], [ 245839.571053243038477, 2694089.922515193000436 ], [ 245843.054196719924221, 2694087.68753964221105 ], [ 245843.251741400541505, 2694080.059202371165156 ], [ 245840.148799059243174, 2694076.912299036048353 ], [ 245840.12780476588523, 2694072.368843234609812 ], [ 245843.502018552389927, 2694069.160570340696722 ], [ 245843.699837662774371, 2694062.67372816381976 ], [ 245840.451785645884229, 2694059.363202871754766 ], [ 245840.502809442841681, 2694054.30865267990157 ], [ 245830.235226306278491, 2694054.205633235163987 ], [ 245830.175254002358997, 2694059.326840341091156 ], [ 245827.463559901079861, 2694061.547908603679389 ], [ 245827.367292514245491, 2694068.598129438702017 ], [ 245829.778555301920278, 2694071.114715505391359 ], [ 245830.090439203049755, 2694077.14906738139689 ], [ 245827.106877007201547, 2694079.496945874299854 ], [ 245826.718874690530356, 2694087.261708723846823 ], [ 245830.048655295162462, 2694089.473587152082473 ], [ 245829.973628297069808, 2694092.633459243923426 ], [ 245826.133252946048742, 2694095.329263161402196 ], [ 245826.456525817018701, 2694101.995113787706941 ], [ 245829.144686561834533, 2694105.227070544846356 ], [ 245829.311915843922179, 2694108.870205675717443 ], [ 245826.313253671716666, 2694111.506503064651042 ], [ 245826.343230869126273, 2694119.363472410943359 ], [ 245829.321925750555238, 2694121.814413512591273 ], [ 245829.352926701423712, 2694124.096854549366981 ], [ 245825.683961215952877, 2694127.28828252479434 ], [ 245825.933459041669266, 2694134.930725820362568 ], [ 245828.236413454113062, 2694137.072457787115127 ], [ 245828.348845062049804, 2694142.744683142751455 ], [ 245825.430797053471906, 2694145.346280466299504 ], [ 245825.494787232426461, 2694152.836913567502052 ], [ 245827.9046394964098, 2694155.275945860892534 ], [ 245827.703325355512789, 2694159.878823725972325 ] ] ] } },
{ "type": "Feature", "properties": { "rank": 441, "osm_id": 482764449, "area_m2": 1800.4011706913718, "albedo": 0.35431861877441406, "lst_c": 55.214305877685547, "lst_anomaly_c": 1.1518262227376326, "albedo_gap": 0.24568138122558592, "delta_T_est_c": 1.1195715650048013, "delta_T_lo_c": 0.72302478826485783, "delta_T_hi_c": 1.4856813586787911, "cooling_c_m2": 2015.6779563074156, "dQ_mean_kW": 132.69751391268545, "dQ_peak_kW": 420.20879405683718, "rank_benefit": 441, "rank_hottest": 332, "rank_intensity": 1443 }, "geometry": { "type": "Polygon", "coordinates": [ [ [ 246528.062294243631186, 2696019.752486114855856 ], [ 246483.261950046522543, 2696018.785579676739872 ], [ 246484.153232292766916, 2695978.617649826221168 ], [ 246528.953703328908887, 2695979.584570274688303 ], [ 246528.062294243631186, 2696019.752486114855856 ] ] ] } },
{ "type": "Feature", "properties": { "rank": 442, "osm_id": 1077278331, "area_m2": 2148.1455071992332, "albedo": 0.3941386342048645, "lst_c": 53.049560546875, "lst_anomaly_c": -1.0129191080729143, "albedo_gap": 0.20586136579513548, "delta_T_est_c": 0.9381115098244297, "delta_T_lo_c": 0.60583699779542499, "delta_T_hi_c": 1.2448822621733822, "cooling_c_m2": 2015.200025081238, "dQ_mean_kW": 132.66605041161546, "dQ_peak_kW": 420.10915963678224, "rank_benefit": 442, "rank_hottest": 2662, "rank_intensity": 2545 }, "geometry": { "type": "Polygon", "coordinates": [ [ [ 244897.91059471204062, 2696060.974845288787037 ], [ 244926.698916163877584, 2696061.838794577866793 ], [ 244928.983527361880988, 2695987.288915643468499 ], [ 244900.195055011659861, 2695986.424948301631957 ], [ 244897.91059471204062, 2696060.974845288787037 ] ] ] } },
{ "type": "Feature", "properties": { "rank": 443, "osm_id": 1036597582, "area_m2": 1985.6674559436069, "albedo": 0.37758175532023114, "lst_c": 54.143564860026039, "lst_anomaly_c": 0.081085205078125, "albedo_gap": 0.22241824467976884, "delta_T_est_c": 1.0135613087143323, "delta_T_lo_c": 0.65456284665776543, "delta_T_hi_c": 1.3450048119331299, "cooling_c_m2": 2012.595705317661, "dQ_mean_kW": 132.49460102061579, "dQ_peak_kW": 419.5662365652833, "rank_benefit": 443, "rank_hottest": 1682, "rank_intensity": 2105 }, "geometry": { "type": "Polygon", "coordinates": [ [ [ 244787.768165098386817, 2696925.576850302051753 ], [ 244752.301687174011022, 2696924.723608534317464 ], [ 244750.920085469813785, 2696980.671738242730498 ], [ 244786.386624410690274, 2696981.536043143365532 ], [ 244787.768165098386817, 2696925.576850302051753 ] ] ] } },
{ "type": "Feature", "properties": { "rank": 444, "osm_id": 1076703175, "area_m2": 2133.852723817839, "albedo": 0.39361520608266193, "lst_c": 51.277440388997398, "lst_anomaly_c": -2.7850392659505161, "albedo_gap": 0.20638479391733805, "delta_T_est_c": 0.94049677499600481, "delta_T_lo_c": 0.60737741370052734, "delta_T_hi_c": 1.248047530130951, "cooling_c_m2": 2006.881605067118, "dQ_mean_kW": 132.11842639652855, "dQ_peak_kW": 418.37501692234042, "rank_benefit": 444, "rank_hottest": 3370, "rank_intensity": 2530 }, "geometry": { "type": "Polygon", "coordinates": [ [ [ 246746.796431203925749, 2694296.15207976847887 ], [ 246761.414941858587554, 2694296.554377801250666 ], [ 246763.579301491467049, 2694219.215414129663259 ], [ 246823.597914045036305, 2694220.874633655417711 ], [ 246823.976119599858066, 2694207.447002311237156 ], [ 246749.339045473985607, 2694205.396546167321503 ], [ 246746.796431203925749, 2694296.15207976847887 ] ] ] } },
{ "type": "Feature", "properties": { "rank": 445, "osm_id": 1036262239, "area_m2": 2207.4939591342627, "albedo": 0.40070056915283203, "lst_c": 50.441287994384766, "lst_anomaly_c": -3.6211916605631487, "albedo_gap": 0.19929943084716795, "delta_T_est_c": 0.9082087319154678, "delta_T_lo_c": 0.58652563768057109, "delta_T_hi_c": 1.2052010116837217, "cooling_c_m2": 2004.8652893363842, "dQ_mean_kW": 131.985686896206, "dQ_peak_kW": 417.95467517131891, "rank_benefit": 445, "rank_hottest": 3526, "rank_intensity": 2700 }, "geometry": { "type": "Polygon", "coordinates": [ [ [ 246806.816183144692332, 2694530.764213046059012 ], [ 246831.349120947241317, 2694531.431747220922261 ], [ 246833.825171436881647, 2694441.475385381840169 ], [ 246809.312578222859884, 2694440.818547416478395 ], [ 246806.816183144692332, 2694530.764213046059012 ] ] ] } },
{ "type": "Feature", "properties": { "rank": 446, "osm_id": 1077039079, "area_m2": 1918.3674329929954, "albedo": 0.37086343765258789, "lst_c": 54.908775329589844, "lst_anomaly_c": 0.84629567464192945, "albedo_gap": 0.22913656234741209, "delta_T_est_c": 1.0441767236384951, "delta_T_lo_c": 0.67433443123984504, "delta_T_hi_c": 1.3856317380384302, "cooling_c_m2": 2003.1146209174162, "dQ_mean_kW": 131.87043567457332, "dQ_peak_kW": 417.58971296948209, "rank_benefit": 446, "rank_hottest": 567, "rank_intensity": 1893 }, "geometry": { "type": "Polygon", "coordinates": [ [ [ 246479.924278090387816, 2696068.561742349062115 ], [ 246528.240487675066106, 2696069.709163588937372 ], [ 246529.201544453942915, 2696030.027621186338365 ], [ 246480.885199807322351, 2696028.880184750072658 ], [ 246479.924278090387816, 2696068.561742349062115 ] ] ] } },
{ "type": "Feature", "properties": { "rank": 447, "osm_id": 1076780902, "area_m2": 2344.3834135135353, "albedo": 0.41260304450988772, "lst_c": 54.248937988281249, "lst_anomaly_c": 0.18645833333333428, "albedo_gap": 0.18739695549011226, "delta_T_est_c": 0.8539690785218953, "delta_T_lo_c": 0.55149740443826045, "delta_T_hi_c": 1.1332245123987619, "cooling_c_m2": 2002.0309433401692, "dQ_mean_kW": 131.79909425818602, "dQ_peak_kW": 417.36379848425577, "rank_benefit": 447, "rank_hottest": 1491, "rank_intensity": 2943 }, "geometry": { "type": "Polygon", "coordinates": [ [ [ 244955.204823430802207, 2695096.525203733239323 ], [ 244901.979311710689217, 2695095.316516455262899 ], [ 244900.969104068906745, 2695139.343876071739942 ], [ 244954.184300728113158, 2695140.552728618029505 ], [ 244955.204823430802207, 2695096.525203733239323 ] ] ] } },
{ "type": "Feature", "properties": { "rank": 448, "osm_id": 1076669437, "area_m2": 1576.4017693917071, "albedo": 0.32172546386718748, "lst_c": 55.155841064453128, "lst_anomaly_c": 1.0933614095052135, "albedo_gap": 0.2782745361328125, "delta_T_est_c": 1.2680987723409647, "delta_T_lo_c": 0.81894438464665731, "delta_T_hi_c": 1.6827782751184397, "cooling_c_m2": 1999.0331484817484, "dQ_mean_kW": 131.60174134092665, "dQ_peak_kW": 416.73884757960104, "rank_benefit": 448, "rank_hottest": 365, "rank_intensity": 702 }, "geometry": { "type": "Polygon", "coordinates": [ [ [ 248483.658882545278175, 2697460.320588185451925 ], [ 248429.383033324265853, 2697458.808043796103448 ], [ 248428.431898706534412, 2697492.493244688492268 ], [ 248453.223575400945265, 2697493.180586909409612 ], [ 248453.466112732072361, 2697484.598509354051203 ], [ 248482.950174343306571, 2697485.423698671162128 ], [ 248483.658882545278175, 2697460.320588185451925 ] ] ] } },
{ "type": "Feature", "properties": { "rank": 449, "osm_id": 1077126983, "area_m2": 1584.1960630747399, "albedo": 0.32312086224555969, "lst_c": 55.722347259521484, "lst_anomaly_c": 1.6598676045735701, "albedo_gap": 0.27687913775444029, "delta_T_est_c": 1.2617399333500487, "delta_T_lo_c": 0.81483781534932287, "delta_T_hi_c": 1.6743400395942967, "cooling_c_m2": 1998.8434350373318, "dQ_mean_kW": 131.58925199343386, "dQ_peak_kW": 416.69929797920724, "rank_benefit": 449, "rank_hottest": 146, "rank_intensity": 735 }, "geometry": { "type": "Polygon", "coordinates": [ [ [ 247897.974204481957713, 2697414.344025011640042 ], [ 247938.283466165565187, 2697415.362113170325756 ], [ 247938.656570081366226, 2697382.340971597470343 ], [ 247932.581844163272763, 2697377.573492516297847 ], [ 247925.582345681817969, 2697374.451687902212143 ], [ 247899.020977829233743, 2697373.597457424271852 ], [ 247897.974204481957713, 2697414.344025011640042 ] ] ] } },
{ "type": "Feature", "properties": { "rank": 450, "osm_id": 1076780877, "area_m2": 1784.9692029530931, "albedo": 0.35524928569793701, "lst_c": 55.073219299316406, "lst_anomaly_c": 1.010739644368492, "albedo_gap": 0.24475071430206297, "delta_T_est_c": 1.1153305101113902, "delta_T_lo_c": 0.72028589428775402, "delta_T_hi_c": 1.4800534413636106, "cooling_c_m2": 1990.8306116627948, "dQ_mean_kW": 131.06174622898607, "dQ_peak_kW": 415.0288630584559, "rank_benefit": 450, "rank_hottest": 430, "rank_intensity": 1465 }, "geometry": { "type": "Polygon", "coordinates": [ [ [ 245105.744100014242576, 2694867.261807772796601 ], [ 245145.265944018698065, 2694868.065306337084621 ], [ 245146.195899486396229, 2694822.920172953978181 ], [ 245106.67392974102404, 2694822.116660636849701 ], [ 245105.744100014242576, 2694867.261807772796601 ] ] ] } },
{ "type": "Feature", "properties": { "rank": 451, "osm_id": 1076860337, "area_m2": 1900.4657188759545, "albedo": 0.37060348192850751, "lst_c": 55.522206624348961, "lst_anomaly_c": 1.4597269694010464, "albedo_gap": 0.22939651807149247, "delta_T_est_c": 1.045361343471666, "delta_T_lo_c": 0.67509946451759628, "delta_T_hi_c": 1.3872037390236958, "cooling_c_m2": 1986.6733971060132, "dQ_mean_kW": 130.78806558731395, "dQ_peak_kW": 414.16220769316084, "rank_benefit": 451, "rank_hottest": 198, "rank_intensity": 1889 }, "geometry": { "type": "Polygon", "coordinates": [ [ [ 248642.033689799776766, 2695555.775629437528551 ], [ 248593.4579185944458, 2695554.913584482856095 ], [ 248592.744675310415914, 2695594.024724390823394 ], [ 248641.320312478055712, 2695594.886755174491554 ], [ 248642.033689799776766, 2695555.775629437528551 ] ] ] } },
{ "type": "Feature", "properties": { "rank": 452, "osm_id": 483051907, "area_m2": 1702.1209757094812, "albedo": 0.34392571449279785, "lst_c": 54.757299804687499, "lst_anomaly_c": 0.69482014973958428, "albedo_gap": 0.25607428550720213, "delta_T_est_c": 1.1669320937248442, "delta_T_lo_c": 0.75361044917325526, "delta_T_hi_c": 1.5485291987418224, "cooling_c_m2": 1986.2595939576395, "dQ_mean_kW": 130.76082381048815, "dQ_peak_kW": 414.07594206654579, "rank_benefit": 452, "rank_hottest": 736, "rank_intensity": 1166 }, "geometry": { "type": "Polygon", "coordinates": [ [ [ 245396.647168059513206, 2697719.848875578958541 ], [ 245397.910315555345733, 2697678.000245364848524 ], [ 245438.548112180782482, 2697679.204679958987981 ], [ 245437.294792747765314, 2697721.042033416219056 ], [ 245396.647168059513206, 2697719.848875578958541 ] ] ] } },
{ "type": "Feature", "properties": { "rank": 453, "osm_id": 1076847287, "area_m2": 1983.7304341964609, "albedo": 0.38154685497283936, "lst_c": 56.1070556640625, "lst_anomaly_c": 2.0445760091145857, "albedo_gap": 0.21845314502716062, "delta_T_est_c": 0.99549232521494979, "delta_T_lo_c": 0.6428938088068924, "delta_T_hi_c": 1.3210271111818681, "cooling_c_m2": 1974.7884225378968, "dQ_mean_kW": 130.00564567089356, "dQ_peak_kW": 411.6845446244962, "rank_benefit": 453, "rank_hottest": 78, "rank_intensity": 2190 }, "geometry": { "type": "Polygon", "coordinates": [ [ [ 248490.509079146315344, 2693145.695617045275867 ], [ 248491.123512956430204, 2693116.94828370353207 ], [ 248422.148763351753587, 2693115.496698400937021 ], [ 248421.534469168807846, 2693144.244046966545284 ], [ 248490.509079146315344, 2693145.695617045275867 ] ] ] } },
{ "type": "Feature", "properties": { "rank": 454, "osm_id": 666497293, "area_m2": 1747.2576013541127, "albedo": 0.35249798297882079, "lst_c": 50.74576110839844, "lst_anomaly_c": -3.316718546549474, "albedo_gap": 0.24750201702117919, "delta_T_est_c": 1.1278682135208911, "delta_T_lo_c": 0.72838280442403736, "delta_T_hi_c": 1.4966910845642567, "cooling_c_m2": 1970.6763094000603, "dQ_mean_kW": 129.73493417721909, "dQ_peak_kW": 410.82729156119382, "rank_benefit": 454, "rank_hottest": 3487, "rank_intensity": 1394 }, "geometry": { "type": "Polygon", "coordinates": [ [ [ 248401.601181516802171, 2696675.593767383601516 ], [ 248402.167076266603544, 2696652.720772377680987 ], [ 248480.637035433464916, 2696658.721917225513607 ], [ 248480.04805950957234, 2696680.309756556525826 ], [ 248401.601181516802171, 2696675.593767383601516 ] ] ] } },
{ "type": "Feature", "properties": { "rank": 455, "osm_id": 1029559959, "area_m2": 1925.9173388900865, "albedo": 0.37579867243766785, "lst_c": 54.408138275146484, "lst_anomaly_c": 0.34565862019857008, "albedo_gap": 0.22420132756233213, "delta_T_est_c": 1.0216868283748215, "delta_T_lo_c": 0.6598103469656551, "delta_T_hi_c": 1.3557874483152135, "cooling_c_m2": 1967.6843776826888, "dQ_mean_kW": 129.5379672463414, "dQ_peak_kW": 410.2035629467477, "rank_benefit": 455, "rank_hottest": 1202, "rank_intensity": 2053 }, "geometry": { "type": "Polygon", "coordinates": [ [ [ 244374.991236642963486, 2698061.316651272121817 ], [ 244411.15519633909571, 2698062.155976274516433 ], [ 244409.888690454885364, 2698115.387027909047902 ], [ 244373.724665244022617, 2698114.536639161873609 ], [ 244374.991236642963486, 2698061.316651272121817 ] ] ] } },
{ "type": "Feature", "properties": { "rank": 456, "osm_id": 1076780828, "area_m2": 2093.1647689801798, "albedo": 0.39410669463021414, "lst_c": 52.62180437360491, "lst_anomaly_c": -1.4406752813430046, "albedo_gap": 0.20589330536978584, "delta_T_est_c": 0.9382570586625163, "delta_T_lo_c": 0.6059309939463895, "delta_T_hi_c": 1.2450754067675125, "cooling_c_m2": 1963.926619439349, "dQ_mean_kW": 129.29058389067401, "dQ_peak_kW": 409.42018232046775, "rank_benefit": 456, "rank_hottest": 2846, "rank_intensity": 2542 }, "geometry": { "type": "Polygon", "coordinates": [ [ [ 248706.591095430543646, 2698539.227919679135084 ], [ 248712.591522678936599, 2698539.309152021072805 ], [ 248712.537424887850648, 2698543.100281806197017 ], [ 248792.575355863489676, 2698544.286479958333075 ], [ 248792.639820220472757, 2698540.50624999217689 ], [ 248797.543739800457843, 2698540.573848532047123 ], [ 248797.783347069926094, 2698524.998879328370094 ], [ 248793.173694388446165, 2698524.926026307046413 ], [ 248793.243817067326745, 2698520.325602078810334 ], [ 248712.251308121602051, 2698519.123187242075801 ], [ 248712.181211782502942, 2698523.723614171147346 ], [ 248706.83040468688705, 2698523.641861377749592 ], [ 248706.591095430543646, 2698539.227919679135084 ] ] ] } },
{ "type": "Feature", "properties": { "rank": 457, "osm_id": 1076703202, "area_m2": 3003.4070252228348, "albedo": 0.45671625137329103, "lst_c": 52.94696044921875, "lst_anomaly_c": -1.1155192057291643, "albedo_gap": 0.14328374862670895, "delta_T_est_c": 0.65294492358158762, "delta_T_lo_c": 0.4216750227299374, "delta_T_hi_c": 0.86646368265431284, "cooling_c_m2": 1961.0593705685274, "dQ_mean_kW": 129.10182516771613, "dQ_peak_kW": 408.82244636443437, "rank_benefit": 457, "rank_hottest": 2700, "rank_intensity": 3442 }, "geometry": { "type": "Polygon", "coordinates": [ [ [ 247287.285288464569021, 2694593.711028071120381 ], [ 247200.087967165891314, 2694590.941636197734624 ], [ 247198.979080201504985, 2694625.350268172100186 ], [ 247286.176190751401009, 2694628.119634654838592 ], [ 247287.285288464569021, 2694593.711028071120381 ] ] ] } },
{ "type": "Feature", "properties": { "rank": 458, "osm_id": 1164305169, "area_m2": 2317.5368454979525, "albedo": 0.41463456835065571, "lst_c": 54.4698486328125, "lst_anomaly_c": 0.4073689778645857, "albedo_gap": 0.18536543164934427, "delta_T_est_c": 0.84471141188713805, "delta_T_lo_c": 0.54551875808134509, "delta_T_hi_c": 1.120939506978798, "cooling_c_m2": 1957.6498208610396, "dQ_mean_kW": 128.87736531869629, "dQ_peak_kW": 408.11165684253825, "rank_benefit": 458, "rank_hottest": 1081, "rank_intensity": 2987 }, "geometry": { "type": "Polygon", "coordinates": [ [ [ 249488.217716278973967, 2696834.26773870550096 ], [ 249503.705407674307935, 2696834.623878909274936 ], [ 249505.46468469890533, 2696760.042224880773574 ], [ 249505.581525940506253, 2696755.197199407964945 ], [ 249507.10196210333379, 2696690.582753455732018 ], [ 249507.227870723960223, 2696685.105878605041653 ], [ 249491.740016100287903, 2696684.749720322433859 ], [ 249491.615983916562982, 2696689.761107702739537 ], [ 249490.103007053083275, 2696754.220278332475573 ], [ 249489.964499011344742, 2696760.12958687916398 ], [ 249488.217716278973967, 2696834.26773870550096 ] ] ] } },
{ "type": "Feature", "properties": { "rank": 459, "osm_id": 1036597435, "area_m2": 1737.9356383783752, "albedo": 0.35301907857259113, "lst_c": 53.578420003255211, "lst_anomaly_c": -0.4840596516927036, "albedo_gap": 0.24698092142740885, "delta_T_est_c": 1.1254935776957249, "delta_T_lo_c": 0.7268492530027939, "delta_T_hi_c": 1.4935399218432877, "cooling_c_m2": 1956.035399443381, "dQ_mean_kW": 128.77108360446695, "dQ_peak_kW": 407.77509808081197, "rank_benefit": 459, "rank_hottest": 2346, "rank_intensity": 1404 }, "geometry": { "type": "Polygon", "coordinates": [ [ [ 244777.371940751036163, 2697463.130112172104418 ], [ 244799.317971578566357, 2697463.58559046080336 ], [ 244800.989686860819347, 2697384.44726410927251 ], [ 244779.033385120681487, 2697383.991956346202642 ], [ 244777.371940751036163, 2697463.130112172104418 ] ] ] } },
{ "type": "Feature", "properties": { "rank": 460, "osm_id": 1154398432, "area_m2": 1296.9490450162971, "albedo": 0.27027803659439087, "lst_c": 51.962329864501953, "lst_anomaly_c": -2.1001497904459612, "albedo_gap": 0.32972196340560911, "delta_T_est_c": 1.502545014786939, "delta_T_lo_c": 0.970350913807002, "delta_T_hi_c": 1.9938905102820568, "cooling_c_m2": 1948.7243220219186, "dQ_mean_kW": 128.28977566794097, "dQ_peak_kW": 406.25095628181305, "rank_benefit": 460, "rank_hottest": 3132, "rank_intensity": 185 }, "geometry": { "type": "Polygon", "coordinates": [ [ [ 250485.938350640004501, 2694178.222013857681304 ], [ 250485.272217514080694, 2694247.851812179200351 ], [ 250486.104934211267391, 2694247.859235674608499 ], [ 250503.896884586836677, 2694248.031907696276903 ], [ 250504.563109356531641, 2694178.402118202764541 ], [ 250485.938350640004501, 2694178.222013857681304 ] ] ] } },
{ "type": "Feature", "properties": { "rank": 461, "osm_id": 1153936322, "area_m2": 1711.2490068135442, "albedo": 0.3502149820327759, "lst_c": 52.133685302734378, "lst_anomaly_c": -1.9287943522135365, "albedo_gap": 0.24978501796722408, "delta_T_est_c": 1.1382718628707944, "delta_T_lo_c": 0.73510153201905581, "delta_T_hi_c": 1.5104968191724912, "cooling_c_m2": 1947.8665948214496, "dQ_mean_kW": 128.23330917399463, "dQ_peak_kW": 406.07214571764973, "rank_benefit": 461, "rank_hottest": 3060, "rank_intensity": 1334 }, "geometry": { "type": "Polygon", "coordinates": [ [ [ 250811.6974207899475, 2695796.300974669866264 ], [ 250850.779022350237938, 2695797.172240146435797 ], [ 250852.172784980677534, 2695735.918802011758089 ], [ 250749.207411261275411, 2695733.628862542100251 ], [ 250749.037019949202659, 2695741.2120620906353 ], [ 250841.429577246046392, 2695743.267880589701235 ], [ 250840.49933447886724, 2695784.232820153236389 ], [ 250811.980279620882357, 2695783.595841995906085 ], [ 250811.6974207899475, 2695796.300974669866264 ] ] ] } },
{ "type": "Feature", "properties": { "rank": 462, "osm_id": 774162496, "area_m2": 2281.7835768760137, "albedo": 0.41269508997599286, "lst_c": 52.9854736328125, "lst_anomaly_c": -1.0770060221354143, "albedo_gap": 0.18730491002400712, "delta_T_est_c": 0.85354962676684232, "delta_T_lo_c": 0.55122652044489706, "delta_T_hi_c": 1.132667896213762, "cooling_c_m2": 1947.615520405232, "dQ_mean_kW": 128.21678026830565, "dQ_peak_kW": 406.0198041829679, "rank_benefit": 462, "rank_hottest": 2686, "rank_intensity": 2948 }, "geometry": { "type": "Polygon", "coordinates": [ [ [ 248784.465575534355594, 2696130.711720847990364 ], [ 248828.212439584749518, 2696130.751580545213073 ], [ 248830.606477073393762, 2696079.408899931702763 ], [ 248786.016163872176548, 2696078.763450761791319 ], [ 248784.465575534355594, 2696130.711720847990364 ] ] ] } },
{ "type": "Feature", "properties": { "rank": 463, "osm_id": 483123050, "area_m2": 1877.7509777034122, "albedo": 0.37252810001373293, "lst_c": 54.567572021484374, "lst_anomaly_c": 0.50509236653645928, "albedo_gap": 0.22747189998626705, "delta_T_est_c": 1.036590847022308, "delta_T_lo_c": 0.66943543504731617, "delta_T_hi_c": 1.375565212744124, "cooling_c_m2": 1946.459476474547, "dQ_mean_kW": 128.14067477977972, "dQ_peak_kW": 405.77880346930249, "rank_benefit": 463, "rank_hottest": 947, "rank_intensity": 1951 }, "geometry": { "type": "Polygon", "coordinates": [ [ [ 246433.296082886721706, 2695759.068938913755119 ], [ 246433.375206688127946, 2695751.620076020713896 ], [ 246438.188448555913055, 2695751.666425671428442 ], [ 246438.243928465846693, 2695745.160001028794795 ], [ 246443.463350726407953, 2695745.210123889148235 ], [ 246443.661403672886081, 2695724.626362452283502 ], [ 246438.086741689447081, 2695724.582633037585765 ], [ 246438.181719454034464, 2695715.194048461038619 ], [ 246465.558118768502027, 2695715.443828034214675 ], [ 246465.585058591648703, 2695711.863697400782257 ], [ 246481.568341277394211, 2695712.019339160528034 ], [ 246481.11343485530233, 2695759.516011447645724 ], [ 246433.296082886721706, 2695759.068938913755119 ] ] ] } },
{ "type": "Feature", "properties": { "rank": 464, "osm_id": 1076781187, "area_m2": 2683.0608300886652, "albedo": 0.44132316112518311, "lst_c": 54.31768798828125, "lst_anomaly_c": 0.2552083333333357, "albedo_gap": 0.15867683887481687, "delta_T_est_c": 0.72309133049839946, "delta_T_lo_c": 0.4669759151372494, "delta_T_hi_c": 0.95954858440792024, "cooling_c_m2": 1940.0980254369531, "dQ_mean_kW": 127.72188330819345, "dQ_peak_kW": 404.45263047594597, "rank_benefit": 464, "rank_hottest": 1357, "rank_intensity": 3327 }, "geometry": { "type": "Polygon", "coordinates": [ [ [ 245070.838902463758131, 2696354.769374231807888 ], [ 245114.972324337053578, 2696355.932173312176019 ], [ 245116.603840178664541, 2696295.180990466848016 ], [ 245072.470229560625739, 2696294.0181695506908 ], [ 245070.838902463758131, 2696354.769374231807888 ] ] ] } },
{ "type": "Feature", "properties": { "rank": 465, "osm_id": 1076847165, "area_m2": 1793.4893905127999, "albedo": 0.36290577479771208, "lst_c": 54.084651402064729, "lst_anomaly_c": 0.022171747116814799, "albedo_gap": 0.2370942252022879, "delta_T_est_c": 1.0804398422019381, "delta_T_lo_c": 0.69775333043370269, "delta_T_hi_c": 1.4337532167730522, "cooling_c_m2": 1937.7573940764996, "dQ_mean_kW": 127.56779323564675, "dQ_peak_kW": 403.96467857954809, "rank_benefit": 465, "rank_hottest": 1758, "rank_intensity": 1665 }, "geometry": { "type": "Polygon", "coordinates": [ [ [ 246097.936305080802413, 2695218.608298777602613 ], [ 246097.343134214053862, 2695244.851308667100966 ], [ 246130.140574687509798, 2695245.568054747302085 ], [ 246129.653361376083922, 2695266.988254272844642 ], [ 246149.652764856931753, 2695267.425851088482887 ], [ 246150.614911854179809, 2695224.463774204719812 ], [ 246146.155925963801565, 2695224.366790681146085 ], [ 246146.264139595936285, 2695219.665855045896024 ], [ 246097.936305080802413, 2695218.608298777602613 ] ] ] } },
{ "type": "Feature", "properties": { "rank": 466, "osm_id": 482764448, "area_m2": 1704.1515180482411, "albedo": 0.35106170177459717, "lst_c": 55.099231719970703, "lst_anomaly_c": 1.0367520650227888, "albedo_gap": 0.24893829822540281, "delta_T_est_c": 1.1344133558006111, "delta_T_lo_c": 0.7326096892957854, "delta_T_hi_c": 1.5053765461987159, "cooling_c_m2": 1933.2122423818109, "dQ_mean_kW": 127.26857364634981, "dQ_peak_kW": 403.0171498801077, "rank_benefit": 466, "rank_hottest": 403, "rank_intensity": 1359 }, "geometry": { "type": "Polygon", "coordinates": [ [ [ 246527.727531588519923, 2695903.547487764619291 ], [ 246528.774744480382651, 2695867.521626985631883 ], [ 246481.510190400818828, 2695866.177883116994053 ], [ 246480.46309728777851, 2695902.203757965937257 ], [ 246527.727531588519923, 2695903.547487764619291 ] ] ] } },
{ "type": "Feature", "properties": { "rank": 467, "osm_id": 1077278359, "area_m2": 1752.0349856018081, "albedo": 0.35792036056518556, "lst_c": 54.102459716796872, "lst_anomaly_c": 0.03998006184895786, "albedo_gap": 0.24207963943481442, "delta_T_est_c": 1.1031584055161925, "delta_T_lo_c": 0.71242508965250706, "delta_T_hi_c": 1.4639009510197745, "cooling_c_m2": 1932.772121125076, "dQ_mean_kW": 127.23959927749979, "dQ_peak_kW": 402.92539771208266, "rank_benefit": 467, "rank_hottest": 1738, "rank_intensity": 1524 }, "geometry": { "type": "Polygon", "coordinates": [ [ [ 244842.118771624896908, 2695769.370680563617498 ], [ 244754.873439829389099, 2695766.484970996156335 ], [ 244754.191191130492371, 2695786.545826405286789 ], [ 244776.987861575267743, 2695787.296447825618088 ], [ 244841.436399997735862, 2695789.431520836893469 ], [ 244842.118771624896908, 2695769.370680563617498 ] ] ] } },
{ "type": "Feature", "properties": { "rank": 468, "osm_id": 1076847284, "area_m2": 2444.2998386229401, "albedo": 0.42648494243621826, "lst_c": 54.836334228515625, "lst_anomaly_c": 0.7738545735677107, "albedo_gap": 0.17351505756378172, "delta_T_est_c": 0.7907091843081443, "delta_T_lo_c": 0.51064385559043979, "delta_T_hi_c": 1.0492780738475478, "cooling_c_m2": 1932.7303316020736, "dQ_mean_kW": 127.23684816054055, "dQ_peak_kW": 402.91668584171168, "rank_benefit": 468, "rank_hottest": 639, "rank_intensity": 3172 }, "geometry": { "type": "Polygon", "coordinates": [ [ [ 248089.068566556787118, 2693101.128831480629742 ], [ 248208.967308644176228, 2693103.653206341899931 ], [ 248209.405686675192555, 2693083.276090629864484 ], [ 248089.506772550812457, 2693080.75169696751982 ], [ 248089.068566556787118, 2693101.128831480629742 ] ] ] } },
{ "type": "Feature", "properties": { "rank": 469, "osm_id": 1153928509, "area_m2": 2305.4108375363639, "albedo": 0.41615435481071472, "lst_c": 53.612739562988281, "lst_anomaly_c": -0.44974009195963305, "albedo_gap": 0.18384564518928526, "delta_T_est_c": 0.83778573564308012, "delta_T_lo_c": 0.54104612251567719, "delta_T_hi_c": 1.1117490734114741, "cooling_c_m2": 1931.4403144849321, "dQ_mean_kW": 127.151922855973, "dQ_peak_kW": 402.64775571058112, "rank_benefit": 469, "rank_hottest": 2317, "rank_intensity": 3010 }, "geometry": { "type": "Polygon", "coordinates": [ [ [ 250211.814919398719212, 2696125.494520809967071 ], [ 250292.036750998086063, 2696127.186076872516423 ], [ 250292.654359713458689, 2696098.461187854409218 ], [ 250212.432365634798771, 2696096.769614174962044 ], [ 250211.814919398719212, 2696125.494520809967071 ] ] ] } },
{ "type": "Feature", "properties": { "rank": 470, "osm_id": 1076781325, "area_m2": 2634.2450986305994, "albedo": 0.43918480873107912, "lst_c": 53.881542968749997, "lst_anomaly_c": -0.18093668619791714, "albedo_gap": 0.16081519126892085, "delta_T_est_c": 0.73283581550762589, "delta_T_lo_c": 0.47326895117958206, "delta_T_hi_c": 0.97247960211206363, "cooling_c_m2": 1930.4691551019216, "dQ_mean_kW": 127.08798881564914, "dQ_peak_kW": 402.44529791622233, "rank_benefit": 470, "rank_hottest": 2050, "rank_intensity": 3306 }, "geometry": { "type": "Polygon", "coordinates": [ [ [ 248124.275055101548787, 2698101.002743105404079 ], [ 248123.598428986879298, 2698125.58451697556302 ], [ 248230.681256168172695, 2698128.478057042695582 ], [ 248231.358067714318167, 2698103.896304537542164 ], [ 248124.275055101548787, 2698101.002743105404079 ] ] ] } },
{ "type": "Feature", "properties": { "rank": 471, "osm_id": 1076780932, "area_m2": 2574.302141745372, "albedo": 0.43666362762451172, "lst_c": 53.901331583658852, "lst_anomaly_c": -0.1611480712890625, "albedo_gap": 0.16333637237548826, "delta_T_est_c": 0.74432485331366316, "delta_T_lo_c": 0.48068862794409634, "delta_T_hi_c": 0.98772565679148216, "cooling_c_m2": 1916.1170640396729, "dQ_mean_kW": 126.1431519693417, "dQ_peak_kW": 399.45331456958206, "rank_benefit": 471, "rank_hottest": 2031, "rank_intensity": 3284 }, "geometry": { "type": "Polygon", "coordinates": [ [ [ 245081.293822906794958, 2695412.724279718473554 ], [ 245082.347249525599182, 2695367.133545667398721 ], [ 245020.733036305085989, 2695365.743825647048652 ], [ 245020.223973527259659, 2695388.106663838028908 ], [ 245030.371064202394336, 2695388.333081644959748 ], [ 245029.837031442963053, 2695411.560814101714641 ], [ 245081.293822906794958, 2695412.724279718473554 ] ] ] } },
{ "type": "Feature", "properties": { "rank": 472, "osm_id": 1036262236, "area_m2": 2608.6306087984526, "albedo": 0.43902662396430969, "lst_c": 54.123680114746094, "lst_anomaly_c": 0.061200459798179452, "albedo_gap": 0.16097337603569029, "delta_T_est_c": 0.73355666446251411, "delta_T_lo_c": 0.47373447895759135, "delta_T_hi_c": 0.97343617504422453, "cooling_c_m2": 1913.5783682050103, "dQ_mean_kW": 125.97602277849749, "dQ_peak_kW": 398.92407213190876, "rank_benefit": 472, "rank_hottest": 1707, "rank_intensity": 3304 }, "geometry": { "type": "Polygon", "coordinates": [ [ [ 246703.855196986405645, 2694671.809952509589493 ], [ 246734.370779501681682, 2694672.613580693956465 ], [ 246736.111503371066647, 2694587.546611436642706 ], [ 246705.845503954507876, 2694585.386414588429034 ], [ 246703.855196986405645, 2694671.809952509589493 ] ] ] } },
{ "type": "Feature", "properties": { "rank": 473, "osm_id": 1076669320, "area_m2": 2543.5745481997014, "albedo": 0.43498929341634113, "lst_c": 54.631317138671875, "lst_anomaly_c": 0.5688374837239607, "albedo_gap": 0.16501070658365885, "delta_T_est_c": 0.75195480459622044, "delta_T_lo_c": 0.48561608777156934, "delta_T_hi_c": 0.99785066955748092, "cooling_c_m2": 1912.6531023674261, "dQ_mean_kW": 125.91511003399307, "dQ_peak_kW": 398.73118177431138, "rank_benefit": 473, "rank_hottest": 859, "rank_intensity": 3265 }, "geometry": { "type": "Polygon", "coordinates": [ [ [ 246937.969755400845315, 2698054.050707652233541 ], [ 246973.02657283496228, 2698054.905408444814384 ], [ 246987.81308583120699, 2698055.271261645015329 ], [ 246989.078630622185301, 2698004.269077693112195 ], [ 246939.235120993573219, 2698003.048503472469747 ], [ 246937.969755400845315, 2698054.050707652233541 ] ] ] } },
{ "type": "Feature", "properties": { "rank": 474, "osm_id": 1076669348, "area_m2": 2373.8028452023773, "albedo": 0.42356401681900024, "lst_c": 53.726322174072266, "lst_anomaly_c": -0.33615748087564867, "albedo_gap": 0.17643598318099973, "delta_T_est_c": 0.80401986030735118, "delta_T_lo_c": 0.51923995520283694, "delta_T_hi_c": 1.0669414585042938, "cooling_c_m2": 1908.5846319968082, "dQ_mean_kW": 125.64727166134078, "dQ_peak_kW": 397.88302692757912, "rank_benefit": 474, "rank_hottest": 2215, "rank_intensity": 3118 }, "geometry": { "type": "Polygon", "coordinates": [ [ [ 246961.406423581880517, 2698555.200681609101593 ], [ 246920.52263820762164, 2698554.251464928500354 ], [ 246919.150593701167963, 2698612.281943923793733 ], [ 246960.034211739519378, 2698613.231141915079206 ], [ 246961.406423581880517, 2698555.200681609101593 ] ] ] } },
{ "type": "Feature", "properties": { "rank": 475, "osm_id": 1076847288, "area_m2": 1812.3475250048041, "albedo": 0.36927417914072674, "lst_c": 55.91046142578125, "lst_anomaly_c": 1.8479817708333357, "albedo_gap": 0.23072582085927323, "delta_T_est_c": 1.0514189844498174, "delta_T_lo_c": 0.67901151866626841, "delta_T_hi_c": 1.3952422821236805, "cooling_c_m2": 1905.5365942106912, "dQ_mean_kW": 125.44661111670169, "dQ_peak_kW": 397.24760186955535, "rank_benefit": 475, "rank_hottest": 117, "rank_intensity": 1854 }, "geometry": { "type": "Polygon", "coordinates": [ [ [ 248445.033807812142186, 2693764.16751060821116 ], [ 248508.337301605555695, 2693765.498395070899278 ], [ 248508.953960117098177, 2693736.883987819310278 ], [ 248445.640187942481134, 2693735.553270543459803 ], [ 248445.033807812142186, 2693764.16751060821116 ] ] ] } },
{ "type": "Feature", "properties": { "rank": 476, "osm_id": 1076860458, "area_m2": 1714.4113201414523, "albedo": 0.35615259408950806, "lst_c": 54.485420227050781, "lst_anomaly_c": 0.42294057210286695, "albedo_gap": 0.24384740591049192, "delta_T_est_c": 1.1112141282163186, "delta_T_lo_c": 0.71762751474228159, "delta_T_hi_c": 1.4745909662187684, "cooling_c_m2": 1905.0780805151717, "dQ_mean_kW": 125.41642592402252, "dQ_peak_kW": 397.15201542607122, "rank_benefit": 476, "rank_hottest": 1057, "rank_intensity": 1487 }, "geometry": { "type": "Polygon", "coordinates": [ [ [ 246489.983416533708805, 2695379.049635252449661 ], [ 246445.043299333046889, 2695377.76375760929659 ], [ 246443.94244468404213, 2695415.885176457464695 ], [ 246488.872291689738631, 2695417.171222601085901 ], [ 246489.983416533708805, 2695379.049635252449661 ] ] ] } },
{ "type": "Feature", "properties": { "rank": 477, "osm_id": 1076847290, "area_m2": 1841.7767625443132, "albedo": 0.37333594049726215, "lst_c": 56.775626046316965, "lst_anomaly_c": 2.713146391369051, "albedo_gap": 0.22666405950273782, "delta_T_est_c": 1.0329095129712405, "delta_T_lo_c": 0.66705801152567301, "delta_T_hi_c": 1.3706800499321183, "cooling_c_m2": 1902.3887388013945, "dQ_mean_kW": 125.23937930883122, "dQ_peak_kW": 396.59136781129882, "rank_benefit": 477, "rank_hottest": 27, "rank_intensity": 1969 }, "geometry": { "type": "Polygon", "coordinates": [ [ [ 248278.948164460336557, 2693759.817636493593454 ], [ 248342.942420781211695, 2693761.157615372911096 ], [ 248343.555977613199502, 2693732.388068832457066 ], [ 248279.571742420637747, 2693731.047894577030092 ], [ 248278.948164460336557, 2693759.817636493593454 ] ] ] } },
{ "type": "Feature", "properties": { "rank": 478, "osm_id": 1036223152, "area_m2": 1543.2992261131128, "albedo": 0.3297310471534729, "lst_c": 54.780446370442711, "lst_anomaly_c": 0.7179667154947964, "albedo_gap": 0.27026895284652708, "delta_T_est_c": 1.2316172800769125, "delta_T_lo_c": 0.79538445864970753, "delta_T_hi_c": 1.6343670125536796, "cooling_c_m2": 1900.7539952102361, "dQ_mean_kW": 125.131759731134, "dQ_peak_kW": 396.25057248192434, "rank_benefit": 478, "rank_hottest": 707, "rank_intensity": 849 }, "geometry": { "type": "Polygon", "coordinates": [ [ [ 247262.286456605506828, 2697505.758357946760952 ], [ 247323.550015378219541, 2697508.005404998082668 ], [ 247322.620916037354618, 2697533.157079284545034 ], [ 247261.357664397888584, 2697530.92112466134131 ], [ 247262.286456605506828, 2697505.758357946760952 ] ] ] } },
{ "type": "Feature", "properties": { "rank": 479, "osm_id": 1036262233, "area_m2": 1341.2115844380294, "albedo": 0.28932600021362304, "lst_c": 54.777429199218751, "lst_anomaly_c": 0.71494954427083712, "albedo_gap": 0.31067399978637694, "delta_T_est_c": 1.4157433274431308, "delta_T_lo_c": 0.91429395990203188, "delta_T_hi_c": 1.8787039042449449, "cooling_c_m2": 1898.8113513575693, "dQ_mean_kW": 125.00387024915599, "dQ_peak_kW": 395.84558912232728, "rank_benefit": 479, "rank_hottest": 711, "rank_intensity": 313 }, "geometry": { "type": "Polygon", "coordinates": [ [ [ 246105.608449090330396, 2694925.392930903472006 ], [ 246120.934739328542491, 2694926.225047695450485 ], [ 246123.075275572860846, 2694839.332844178192317 ], [ 246107.519829919969197, 2694838.748659051489085 ], [ 246105.608449090330396, 2694925.392930903472006 ] ] ] } },
{ "type": "Feature", "properties": { "rank": 480, "osm_id": 666704510, "area_m2": 1766.0725460851606, "albedo": 0.36409854888916016, "lst_c": 49.406234741210938, "lst_anomaly_c": -4.6562449137369768, "albedo_gap": 0.23590145111083982, "delta_T_est_c": 1.0750043633325259, "delta_T_lo_c": 0.69424307161549292, "delta_T_hi_c": 1.4265402882884461, "cooling_c_m2": 1898.5356930033311, "dQ_mean_kW": 124.98572291655148, "dQ_peak_kW": 395.78812256907969, "rank_benefit": 480, "rank_hottest": 3600, "rank_intensity": 1704 }, "geometry": { "type": "Polygon", "coordinates": [ [ [ 248402.508594010898378, 2696603.653118677902967 ], [ 248425.392883290798636, 2696604.319244029931724 ], [ 248426.749033795960713, 2696527.937662594951689 ], [ 248403.321337481262162, 2696527.547207249794155 ], [ 248402.508594010898378, 2696603.653118677902967 ] ] ] } },
{ "type": "Feature", "properties": { "rank": 481, "osm_id": 1036597545, "area_m2": 2432.561233852085, "albedo": 0.42890942096710205, "lst_c": 53.837860107421875, "lst_anomaly_c": -0.2246195475260393, "albedo_gap": 0.17109057903289793, "delta_T_est_c": 0.779660820734147, "delta_T_lo_c": 0.50350876839864578, "delta_T_hi_c": 1.0346167977676011, "cooling_c_m2": 1896.5726880711859, "dQ_mean_kW": 124.85649300982016, "dQ_peak_kW": 395.37889453109716, "rank_benefit": 481, "rank_hottest": 2094, "rank_intensity": 3195 }, "geometry": { "type": "Polygon", "coordinates": [ [ [ 245869.762064873910276, 2696956.642263093497604 ], [ 245870.52887283731252, 2696926.007302878424525 ], [ 245791.166625088953879, 2696924.081947001628578 ], [ 245790.410137066966854, 2696954.716743430122733 ], [ 245869.762064873910276, 2696956.642263093497604 ] ] ] } },
{ "type": "Feature", "properties": { "rank": 482, "osm_id": 1150346596, "area_m2": 3338.1110447539368, "albedo": 0.47547223832872176, "lst_c": 55.539530436197914, "lst_anomaly_c": 1.47705078125, "albedo_gap": 0.12452776167127821, "delta_T_est_c": 0.56747377569016422, "delta_T_lo_c": 0.3664773377059472, "delta_T_hi_c": 0.75304271422642921, "cooling_c_m2": 1894.2904782395553, "dQ_mean_kW": 124.70624898401391, "dQ_peak_kW": 394.9031217827108, "rank_benefit": 482, "rank_hottest": 191, "rank_intensity": 3534 }, "geometry": { "type": "Polygon", "coordinates": [ [ [ 250117.827500950515969, 2694064.0027069398202 ], [ 250175.271642087958753, 2694064.857411872595549 ], [ 250176.220230365288444, 2694003.223772717174143 ], [ 250155.805955141229788, 2694002.92064268514514 ], [ 250155.720638077531476, 2694008.418908411171287 ], [ 250154.755752312747063, 2694008.402763249352574 ], [ 250124.012341321475105, 2694007.939207172486931 ], [ 250118.680386209016433, 2694007.867489341180772 ], [ 250117.827500950515969, 2694064.0027069398202 ] ] ] } },
{ "type": "Feature", "properties": { "rank": 483, "osm_id": 1036249555, "area_m2": 1524.406009282473, "albedo": 0.32736954689025877, "lst_c": 55.847216796875003, "lst_anomaly_c": 1.7847371419270885, "albedo_gap": 0.27263045310974121, "delta_T_est_c": 1.2423786512978692, "delta_T_lo_c": 0.80233420477731521, "delta_T_hi_c": 1.6486474472454351, "cooling_c_m2": 1893.8894818427257, "dQ_mean_kW": 124.67985031016789, "dQ_peak_kW": 394.81952598219829, "rank_benefit": 483, "rank_hottest": 129, "rank_intensity": 806 }, "geometry": { "type": "Polygon", "coordinates": [ [ [ 244419.75647787906928, 2694819.452460697852075 ], [ 244481.074632011121139, 2694820.601370540913194 ], [ 244481.040614601079142, 2694795.765774756204337 ], [ 244420.124747627880424, 2694794.410069906618446 ], [ 244419.75647787906928, 2694819.452460697852075 ] ] ] } },
{ "type": "Feature", "properties": { "rank": 484, "osm_id": 1076669337, "area_m2": 1700.1645532439834, "albedo": 0.35580210685729979, "lst_c": 54.093798828125003, "lst_anomaly_c": 0.031319173177088544, "albedo_gap": 0.24419789314270018, "delta_T_est_c": 1.1128113006887304, "delta_T_lo_c": 0.71865897653068722, "delta_T_hi_c": 1.4767104282013948, "cooling_c_m2": 1891.9623278803112, "dQ_mean_kW": 124.55298056942426, "dQ_peak_kW": 394.41777180317683, "rank_benefit": 484, "rank_hottest": 1748, "rank_intensity": 1480 }, "geometry": { "type": "Polygon", "coordinates": [ [ [ 247102.052779774530791, 2698374.388079413212836 ], [ 247120.331883105100133, 2698374.813171576242894 ], [ 247121.468635443830863, 2698326.794526823796332 ], [ 247164.424699329916621, 2698327.795818419195712 ], [ 247164.741945628251415, 2698314.380323675461113 ], [ 247103.506658573984168, 2698312.953926537651569 ], [ 247102.052779774530791, 2698374.388079413212836 ] ] ] } },
{ "type": "Feature", "properties": { "rank": 485, "osm_id": 1036597670, "area_m2": 2205.5447622781703, "albedo": 0.41191367308298749, "lst_c": 54.048995971679688, "lst_anomaly_c": -0.013483683268226798, "albedo_gap": 0.18808632691701249, "delta_T_est_c": 0.85711054835340694, "delta_T_lo_c": 0.55352618100848294, "delta_T_hi_c": 1.1373932706214742, "cooling_c_m2": 1890.3956806142271, "dQ_mean_kW": 124.44984395638696, "dQ_peak_kW": 394.09117252855873, "rank_benefit": 485, "rank_hottest": 1820, "rank_intensity": 2924 }, "geometry": { "type": "Polygon", "coordinates": [ [ [ 248306.513477536820574, 2698258.159592890180647 ], [ 248247.643560730968602, 2698256.719157058279961 ], [ 248246.709604838310042, 2698294.161078138276935 ], [ 248305.579366245365236, 2698295.601496479939669 ], [ 248306.513477536820574, 2698258.159592890180647 ] ] ] } },
{ "type": "Feature", "properties": { "rank": 486, "osm_id": 1076781217, "area_m2": 2534.5961281504615, "albedo": 0.43669235706329346, "lst_c": 54.287841796875, "lst_anomaly_c": 0.2253621419270857, "albedo_gap": 0.16330764293670652, "delta_T_est_c": 0.74419393308446979, "delta_T_lo_c": 0.48060407902024826, "delta_T_hi_c": 0.98755192449060369, "cooling_c_m2": 1886.2310613889608, "dQ_mean_kW": 124.17567584542631, "dQ_peak_kW": 393.22297351051668, "rank_benefit": 486, "rank_hottest": 1417, "rank_intensity": 3285 }, "geometry": { "type": "Polygon", "coordinates": [ [ [ 244673.243968997499906, 2696796.323666601441801 ], [ 244674.446466000983492, 2696747.30542187159881 ], [ 244622.769452953420114, 2696746.059284755028784 ], [ 244621.556784644868458, 2696795.066654783207923 ], [ 244673.243968997499906, 2696796.323666601441801 ] ] ] } },
{ "type": "Feature", "properties": { "rank": 487, "osm_id": 666704519, "area_m2": 1871.7759715509183, "albedo": 0.37903797626495361, "lst_c": 50.924407958984375, "lst_anomaly_c": -3.1380716959635393, "albedo_gap": 0.22096202373504636, "delta_T_est_c": 1.006925300914544, "delta_T_lo_c": 0.65027728038907839, "delta_T_hi_c": 1.3361987709507028, "cooling_c_m2": 1884.7385833985213, "dQ_mean_kW": 124.07742199575705, "dQ_peak_kW": 392.91183631989725, "rank_benefit": 487, "rank_hottest": 3459, "rank_intensity": 2133 }, "geometry": { "type": "Polygon", "coordinates": [ [ [ 248270.622827997809509, 2696568.363412078935653 ], [ 248294.877484168828232, 2696569.015917780809104 ], [ 248297.82335121819051, 2696490.167720949277282 ], [ 248274.664633319101995, 2696489.495605480857193 ], [ 248270.622827997809509, 2696568.363412078935653 ] ] ] } },
{ "type": "Feature", "properties": { "rank": 488, "osm_id": 1076669839, "area_m2": 1647.7426905612638, "albedo": 0.34906788667043048, "lst_c": 55.244842529296875, "lst_anomaly_c": 1.1823628743489607, "albedo_gap": 0.25093211332956949, "delta_T_est_c": 1.1434991834907953, "delta_T_lo_c": 0.73847736122248187, "delta_T_hi_c": 1.517433519820957, "cooling_c_m2": 1884.1924212597312, "dQ_mean_kW": 124.04146666976663, "dQ_peak_kW": 392.79797778759439, "rank_benefit": 488, "rank_hottest": 310, "rank_intensity": 1307 }, "geometry": { "type": "Polygon", "coordinates": [ [ [ 248265.65500414755661, 2694959.273420603014529 ], [ 248235.56677434197627, 2694958.458925166167319 ], [ 248234.067258108960232, 2695013.188133183401078 ], [ 248264.155174138402799, 2695013.991536477580667 ], [ 248265.65500414755661, 2694959.273420603014529 ] ] ] } },
{ "type": "Feature", "properties": { "rank": 489, "osm_id": 633556106, "area_m2": 2309.313812835263, "albedo": 0.42124370733896893, "lst_c": 55.103729248046875, "lst_anomaly_c": 1.0412495930989607, "albedo_gap": 0.17875629266103105, "delta_T_est_c": 0.81459352487605063, "delta_T_lo_c": 0.52606847945705448, "delta_T_hi_c": 1.0809728048100316, "cooling_c_m2": 1881.1520788424291, "dQ_mean_kW": 123.84131273200252, "dQ_peak_kW": 392.16415698467466, "rank_benefit": 489, "rank_hottest": 399, "rank_intensity": 3083 }, "geometry": { "type": "Polygon", "coordinates": [ [ [ 246122.967916310881265, 2694491.809498067945242 ], [ 246161.097049193398561, 2694492.485874297562987 ], [ 246162.179392281221226, 2694431.933757361490279 ], [ 246124.050296149303904, 2694431.268442742526531 ], [ 246122.967916310881265, 2694491.809498067945242 ] ] ] } },
{ "type": "Feature", "properties": { "rank": 490, "osm_id": 1076669306, "area_m2": 1540.0542457887454, "albedo": 0.33198511600494385, "lst_c": 54.212591552734374, "lst_anomaly_c": 0.15011189778645928, "albedo_gap": 0.26801488399505613, "delta_T_est_c": 1.2213454744598937, "delta_T_lo_c": 0.78875087638173447, "delta_T_hi_c": 1.6207362357438815, "cooling_c_m2": 1880.9382835168292, "dQ_mean_kW": 123.8272380093493, "dQ_peak_kW": 392.11958702960607, "rank_benefit": 490, "rank_hottest": 1560, "rank_intensity": 897 }, "geometry": { "type": "Polygon", "coordinates": [ [ [ 247154.190433826821391, 2697744.033210491295904 ], [ 247154.691758474189555, 2697717.692263103555888 ], [ 247098.160373275284655, 2697716.624413940589875 ], [ 247097.927466085733613, 2697729.085296846926212 ], [ 247103.796992408722872, 2697729.201481922529638 ], [ 247103.509776174090803, 2697743.724679932929575 ], [ 247098.016129692492541, 2697743.623906580731273 ], [ 247097.891821291559609, 2697750.264540855772793 ], [ 247116.464829523669323, 2697750.617937385104597 ], [ 247116.597698324476369, 2697743.323284643702209 ], [ 247154.190433826821391, 2697744.033210491295904 ] ] ] } },
{ "type": "Feature", "properties": { "rank": 491, "osm_id": 1076847357, "area_m2": 1852.0562558182671, "albedo": 0.37739402055740356, "lst_c": 55.510242462158203, "lst_anomaly_c": 1.4477628072102888, "albedo_gap": 0.22260597944259641, "delta_T_est_c": 1.0144168171829682, "delta_T_lo_c": 0.65511533820786272, "delta_T_hi_c": 1.3461400792298113, "cooling_c_m2": 1878.7570122709717, "dQ_mean_kW": 123.68363904276399, "dQ_peak_kW": 391.66485696875259, "rank_benefit": 491, "rank_hottest": 206, "rank_intensity": 2096 }, "geometry": { "type": "Polygon", "coordinates": [ [ [ 248206.56783864076715, 2695744.050380831118673 ], [ 248231.726027006952791, 2695744.620282426010817 ], [ 248233.426217560947407, 2695671.036352606024593 ], [ 248208.268096777901519, 2695670.477515369653702 ], [ 248206.56783864076715, 2695744.050380831118673 ] ] ] } },
{ "type": "Feature", "properties": { "rank": 492, "osm_id": 1076847324, "area_m2": 1911.4242872238249, "albedo": 0.38509070873260498, "lst_c": 54.658599853515625, "lst_anomaly_c": 0.5961201985677107, "albedo_gap": 0.214909291267395, "delta_T_est_c": 0.97934296183960368, "delta_T_lo_c": 0.6324644710137145, "delta_T_hi_c": 1.2995967632959078, "cooling_c_m2": 1871.939922781934, "dQ_mean_kW": 123.23485166356737, "dQ_peak_kW": 390.24369693462995, "rank_benefit": 492, "rank_hottest": 834, "rank_intensity": 2285 }, "geometry": { "type": "Polygon", "coordinates": [ [ [ 248507.220426018902799, 2695356.971049405634403 ], [ 248546.587649257970043, 2695357.797737250570208 ], [ 248547.630320151307387, 2695309.271829249337316 ], [ 248508.262764509301633, 2695308.434047931805253 ], [ 248507.220426018902799, 2695356.971049405634403 ] ] ] } },
{ "type": "Feature", "properties": { "rank": 493, "osm_id": 1076860369, "area_m2": 1196.5681767984088, "albedo": 0.25673731168111164, "lst_c": 52.016825358072914, "lst_anomaly_c": -2.045654296875, "albedo_gap": 0.34326268831888834, "delta_T_est_c": 1.5642501814822523, "delta_T_lo_c": 1.0102004120251309, "delta_T_hi_c": 2.0757738116795883, "cooling_c_m2": 1871.7319877127986, "dQ_mean_kW": 123.2211627373958, "dQ_peak_kW": 390.20034866842002, "rank_benefit": 493, "rank_hottest": 3115, "rank_intensity": 121 }, "geometry": { "type": "Polygon", "coordinates": [ [ [ 249509.593109720939538, 2693897.770519149489701 ], [ 249509.848856648022775, 2693879.591140844393522 ], [ 249447.834477283147862, 2693878.742706637829542 ], [ 249444.036172829451971, 2693878.699391634669155 ], [ 249443.780313442664919, 2693896.867699767462909 ], [ 249509.593109720939538, 2693897.770519149489701 ] ] ] } },
{ "type": "Feature", "properties": { "rank": 494, "osm_id": 482313882, "area_m2": 1657.6129725612311, "albedo": 0.35225816567738849, "lst_c": 55.447418212890625, "lst_anomaly_c": 1.3849385579427107, "albedo_gap": 0.24774183432261149, "delta_T_est_c": 1.128961062438218, "delta_T_lo_c": 0.72908857159583262, "delta_T_hi_c": 1.4981413047333605, "cooling_c_m2": 1871.3805026141004, "dQ_mean_kW": 123.19802352578282, "dQ_peak_kW": 390.12707449831225, "rank_benefit": 494, "rank_hottest": 233, "rank_intensity": 1387 }, "geometry": { "type": "Polygon", "coordinates": [ [ [ 247451.48849996048375, 2697401.645313029177487 ], [ 247452.722283426235663, 2697358.379508832469583 ], [ 247480.460793422855204, 2697359.200706996954978 ], [ 247492.370357645791955, 2697371.754036928061396 ], [ 247491.697079150617355, 2697402.697186947334558 ], [ 247451.48849996048375, 2697401.645313029177487 ] ] ] } },
{ "type": "Feature", "properties": { "rank": 495, "osm_id": 473747063, "area_m2": 1414.750704675344, "albedo": 0.30975943803787231, "lst_c": 54.196034749348961, "lst_anomaly_c": 0.1335550944010464, "albedo_gap": 0.29024056196212766, "delta_T_est_c": 1.3226280256274121, "delta_T_lo_c": 0.85415964291512314, "delta_T_hi_c": 1.7551390760199896, "cooling_c_m2": 1871.1889312797402, "dQ_mean_kW": 123.1854118683864, "dQ_peak_kW": 390.08713758322358, "rank_benefit": 495, "rank_hottest": 1587, "rank_intensity": 538 }, "geometry": { "type": "Polygon", "coordinates": [ [ [ 247578.325724211084889, 2697609.094202313106507 ], [ 247602.183774750330485, 2697609.796775904949754 ], [ 247603.953851483005565, 2697550.562708460260183 ], [ 247580.085553383134538, 2697549.86030513048172 ], [ 247578.325724211084889, 2697609.094202313106507 ] ] ] } },
{ "type": "Feature", "properties": { "rank": 496, "osm_id": 1076860427, "area_m2": 1586.9312844211013, "albedo": 0.34144608179728192, "lst_c": 54.436813354492188, "lst_anomaly_c": 0.3743336995442732, "albedo_gap": 0.25855391820271806, "delta_T_est_c": 1.1782317951662278, "delta_T_lo_c": 0.760907851588149, "delta_T_hi_c": 1.5635240023924737, "cooling_c_m2": 1869.7728960489217, "dQ_mean_kW": 123.09219045166431, "dQ_peak_kW": 389.79193643027031, "rank_benefit": 496, "rank_hottest": 1149, "rank_intensity": 1114 }, "geometry": { "type": "Polygon", "coordinates": [ [ [ 245664.960033419105457, 2695846.032119682524353 ], [ 245617.821958241547691, 2695844.41190108563751 ], [ 245616.652642249624478, 2695878.046445606742054 ], [ 245663.780256627855124, 2695879.655754751991481 ], [ 245664.960033419105457, 2695846.032119682524353 ] ] ] } },
{ "type": "Feature", "properties": { "rank": 497, "osm_id": 1026140672, "area_m2": 1903.6809632856271, "albedo": 0.38472421964009601, "lst_c": 53.932123819986977, "lst_anomaly_c": -0.1303558349609375, "albedo_gap": 0.21527578035990397, "delta_T_est_c": 0.98101305488780544, "delta_T_lo_c": 0.63354302526634376, "delta_T_hi_c": 1.3018129915268934, "cooling_c_m2": 1867.5358773245932, "dQ_mean_kW": 122.94492147828213, "dQ_peak_kW": 389.32558468122676, "rank_benefit": 497, "rank_hottest": 1991, "rank_intensity": 2270 }, "geometry": { "type": "Polygon", "coordinates": [ [ [ 244825.027191444503842, 2698466.045273043680936 ], [ 244956.325763037079014, 2698469.749136354774237 ], [ 244955.908343704213621, 2698484.241740908008069 ], [ 244824.609705189912347, 2698480.526814335025847 ], [ 244825.027191444503842, 2698466.045273043680936 ] ] ] } },
{ "type": "Feature", "properties": { "rank": 498, "osm_id": 1076781086, "area_m2": 1691.4566574839098, "albedo": 0.35781535506248474, "lst_c": 54.193752288818359, "lst_anomaly_c": 0.13127263387044508, "albedo_gap": 0.24218464493751524, "delta_T_est_c": 1.1036369162377067, "delta_T_lo_c": 0.71273411421504484, "delta_T_hi_c": 1.4645359389750809, "cooling_c_m2": 1866.754009415281, "dQ_mean_kW": 122.89344900598113, "dQ_peak_kW": 389.16258851894014, "rank_benefit": 498, "rank_hottest": 1593, "rank_intensity": 1521 }, "geometry": { "type": "Polygon", "coordinates": [ [ [ 245681.152188974869205, 2695400.531216530594975 ], [ 245717.071722302527633, 2695400.980041943024844 ], [ 245717.513624736166093, 2695366.959713449236006 ], [ 245724.378683775546961, 2695367.04638002300635 ], [ 245724.526024642633274, 2695356.083077594637871 ], [ 245681.731163023621775, 2695355.547756689600646 ], [ 245681.152188974869205, 2695400.531216530594975 ] ] ] } },
{ "type": "Feature", "properties": { "rank": 499, "osm_id": 666704523, "area_m2": 1587.2897920349644, "albedo": 0.34297009309132892, "lst_c": 51.251012166341148, "lst_anomaly_c": -2.8114674886067661, "albedo_gap": 0.25702990690867106, "delta_T_est_c": 1.171286866327707, "delta_T_lo_c": 0.75642278260288542, "delta_T_hi_c": 1.5543080204621922, "cooling_c_m2": 1859.1716864665912, "dQ_mean_kW": 122.39428424514924, "dQ_peak_kW": 387.58190010963921, "rank_benefit": 499, "rank_hottest": 3378, "rank_intensity": 1147 }, "geometry": { "type": "Polygon", "coordinates": [ [ [ 248143.460625809442718, 2696491.841557941399515 ], [ 248167.162011644191807, 2696492.769730641040951 ], [ 248167.5761423240765, 2696424.528207911644131 ], [ 248144.691307942877756, 2696423.851395866833627 ], [ 248143.460625809442718, 2696491.841557941399515 ] ] ] } },
{ "type": "Feature", "properties": { "rank": 500, "osm_id": 1036526084, "area_m2": 1999.8655392487697, "albedo": 0.39606956640879315, "lst_c": 55.095906575520836, "lst_anomaly_c": 1.0334269205729214, "albedo_gap": 0.20393043359120683, "delta_T_est_c": 0.92931223989731393, "delta_T_lo_c": 0.60015438627258688, "delta_T_hi_c": 1.2332055532345993, "cooling_c_m2": 1858.4995237727237, "dQ_mean_kW": 122.35003396293428, "dQ_peak_kW": 387.44177421595856, "rank_benefit": 500, "rank_hottest": 408, "rank_intensity": 2598 }, "geometry": { "type": "Polygon", "coordinates": [ [ [ 248371.584109671297483, 2695012.216774432919919 ], [ 248420.619238712417427, 2695012.538101091049612 ], [ 248420.896370778646087, 2694971.761291142553091 ], [ 248371.860902461747173, 2694971.428872361313552 ], [ 248371.584109671297483, 2695012.216774432919919 ] ] ] } }
]
}
